dates,tension,temperature,deltaH
02/02/2017 14:23,1.40171,24.629,0.022
02/02/2017 14:24,1.39683,24.508,0.022
02/02/2017 14:25,1.43223,24.436,0.022
02/02/2017 14:26,1.45177,24.388,0.022
02/02/2017 14:27,1.44628,24.363,0.022
02/02/2017 14:28,1.42796,24.388,0.022
02/02/2017 14:29,1.44261,24.412,0.022
02/02/2017 14:30,1.45788,24.412,0.022
02/02/2017 14:31,1.44994,24.412,0.022
02/02/2017 14:32,1.42857,24.412,0.022
02/02/2017 14:33,1.45543,24.388,0.022
02/02/2017 14:34,1.43162,24.363,0.022
02/02/2017 14:35,1.41941,24.339,0.022
02/02/2017 14:36,1.42918,24.291,0.022
02/02/2017 14:37,1.42613,24.243,0.022
02/02/2017 14:38,1.42735,24.219,0.022
02/02/2017 14:39,1.42918,24.171,0.022
02/02/2017 14:40,1.40904,24.171,0.022
02/02/2017 14:41,1.46337,24.171,0.022
02/02/2017 14:42,1.43407,24.146,0.022
02/02/2017 14:43,1.41148,24.122,0.022
02/02/2017 14:44,1.38523,24.074,0.022
02/02/2017 14:45,1.42552,24.026,0.022
02/02/2017 14:46,1.40781,23.978,0.022
02/02/2017 14:47,1.41087,23.93,0.022
02/02/2017 14:48,1.41941,23.881,0.022
02/02/2017 14:49,1.44017,23.857,0.022
02/02/2017 14:50,1.44383,23.833,0.022
02/02/2017 14:51,1.42186,23.833,0.022
02/02/2017 14:52,1.42796,23.833,0.022
02/02/2017 14:53,1.42674,23.809,0.022
02/02/2017 14:54,1.44689,23.785,0.022
02/02/2017 14:55,1.43162,23.737,0.022
02/02/2017 14:56,1.44933,23.689,0.022
02/02/2017 14:57,1.40232,23.641,0.022
02/02/2017 14:58,1.44139,23.617,0.022
02/02/2017 14:59,1.43468,23.641,0.022
02/02/2017 15:00,1.43712,23.641,0.022
02/02/2017 15:01,1.42063,23.641,0.022
02/02/2017 15:02,1.42857,23.617,0.022
02/02/2017 15:03,1.41636,23.569,0.022
02/02/2017 15:04,1.42186,23.545,0.022
02/02/2017 15:05,1.41819,23.545,0.022
02/02/2017 15:06,1.40659,23.497,0.022
02/02/2017 15:07,1.41087,23.448,0.022
02/02/2017 15:08,1.38278,23.4,0.022
02/02/2017 15:09,1.41697,23.376,0.022
02/02/2017 15:10,1.41148,23.328,0.022
02/02/2017 15:11,1.43162,23.256,0.022
02/02/2017 15:12,1.40904,23.232,0.022
02/02/2017 15:13,1.43956,23.232,0.022
02/02/2017 15:14,1.39621,23.208,0.022
02/02/2017 15:15,1.44872,23.184,0.022
02/02/2017 15:16,1.43956,23.16,0.022
02/02/2017 15:17,1.4359,23.112,0.022
02/02/2017 15:18,1.45116,23.064,0.022
02/02/2017 15:19,1.41819,22.992,0.022
02/02/2017 15:20,1.42979,22.944,0.022
02/02/2017 15:21,1.41087,22.92,0.022
02/02/2017 15:22,1.39927,22.872,0.022
02/02/2017 15:23,1.442,22.848,0.022
02/02/2017 15:24,1.42552,22.824,0.022
02/02/2017 15:25,1.40598,22.776,0.022
02/02/2017 15:26,1.42857,22.753,0.022
02/02/2017 15:27,1.4127,22.753,0.022
02/02/2017 15:28,1.43101,22.729,0.022
02/02/2017 15:29,1.44139,22.681,0.022
02/02/2017 15:30,1.42918,22.633,0.022
02/02/2017 15:31,1.43223,22.585,0.022
02/02/2017 15:32,1.40781,22.537,0.022
02/02/2017 15:33,1.4011,22.489,0.022
02/02/2017 15:34,1.4011,22.465,0.022
02/02/2017 15:35,1.41331,22.441,0.022
02/02/2017 15:36,1.43773,22.441,0.022
02/02/2017 15:37,1.43284,22.417,0.022
02/02/2017 15:38,1.42857,22.369,0.022
02/02/2017 15:39,1.40659,22.345,0.022
02/02/2017 15:40,1.40049,22.298,0.022
02/02/2017 15:41,1.43773,22.298,0.022
02/02/2017 15:42,1.43346,22.25,0.022
02/02/2017 15:43,1.39621,22.202,0.022
02/02/2017 15:44,1.41758,22.178,0.022
02/02/2017 15:45,1.40659,22.154,0.022
02/02/2017 15:46,1.42125,22.13,0.022
02/02/2017 15:47,1.4072,22.058,0.022
02/02/2017 15:48,1.43223,22.034,0.022
02/02/2017 15:49,1.42613,22.034,0.022
02/02/2017 15:50,1.43407,22.034,0.022
02/02/2017 15:51,1.44261,22.011,0.022
02/02/2017 15:52,1.41758,21.939,0.022
02/02/2017 15:53,1.38462,21.891,0.022
02/02/2017 15:54,1.42063,21.843,0.022
02/02/2017 15:55,1.41514,21.819,0.022
02/02/2017 15:56,1.39255,21.819,0.022
02/02/2017 15:57,1.42247,21.795,0.022
02/02/2017 15:58,1.43712,21.772,0.022
02/02/2017 15:59,1.38217,21.724,0.022
02/02/2017 16:00,1.4072,21.7,0.022
02/02/2017 16:01,1.4127,21.676,0.022
02/02/2017 16:02,1.45543,21.628,0.022
02/02/2017 16:03,1.41087,21.604,0.022
02/02/2017 16:04,1.4304,21.557,0.022
02/02/2017 16:05,1.44017,21.509,0.022
02/02/2017 16:06,1.40781,21.485,0.022
02/02/2017 16:07,1.4011,21.461,0.022
02/02/2017 16:08,1.3956,21.437,0.022
02/02/2017 16:09,1.43223,21.366,0.022
02/02/2017 16:10,1.37973,21.318,0.022
02/02/2017 16:11,1.41819,21.318,0.022
02/02/2017 16:12,1.42613,21.27,0.022
02/02/2017 16:13,1.42796,21.223,0.022
02/02/2017 16:14,1.45299,21.199,0.022
02/02/2017 16:15,1.42857,21.175,0.022
02/02/2017 16:16,1.43346,21.175,0.022
02/02/2017 16:17,1.40537,21.151,0.022
02/02/2017 16:18,1.41758,21.151,0.022
02/02/2017 16:19,1.39499,21.103,0.022
02/02/2017 16:20,1.42063,21.056,0.022
02/02/2017 16:21,1.42796,20.984,0.022
02/02/2017 16:22,1.40537,20.936,0.022
02/02/2017 16:23,1.43162,20.936,0.022
02/02/2017 16:24,1.42002,20.913,0.022
02/02/2017 16:25,1.41453,20.889,0.022
02/02/2017 16:26,1.44261,20.865,0.022
02/02/2017 16:27,1.40476,20.841,0.022
02/02/2017 16:28,1.42796,20.817,0.022
02/02/2017 16:29,1.42247,20.817,0.022
02/02/2017 16:30,1.42979,20.793,0.022
02/02/2017 16:31,1.40049,20.746,0.022
02/02/2017 16:32,1.38278,20.698,0.022
02/02/2017 16:33,1.40476,20.65,0.022
02/02/2017 16:34,1.43101,20.65,0.022
02/02/2017 16:35,1.41148,20.627,0.022
02/02/2017 16:36,1.39988,20.603,0.022
02/02/2017 16:37,1.38462,20.603,0.022
02/02/2017 16:38,1.40904,20.555,0.022
02/02/2017 16:39,1.4127,20.531,0.022
02/02/2017 16:40,1.41087,20.507,0.022
02/02/2017 16:41,1.38584,20.46,0.022
02/02/2017 16:42,1.38706,20.412,0.022
02/02/2017 16:43,1.38584,20.388,0.022
02/02/2017 16:44,1.37729,20.317,0.022
02/02/2017 16:45,1.38645,20.269,0.022
02/02/2017 16:46,1.40781,20.246,0.022
02/02/2017 16:47,1.42979,20.198,0.022
02/02/2017 16:48,1.40598,20.15,0.022
02/02/2017 16:49,1.40598,20.103,0.022
02/02/2017 16:50,1.41331,20.079,0.022
02/02/2017 16:51,1.38767,20.031,0.022
02/02/2017 16:52,1.38645,20.031,0.022
02/02/2017 16:53,1.40171,20.031,0.022
02/02/2017 16:54,1.41392,20.007,0.022
02/02/2017 16:55,1.39438,19.984,0.022
02/02/2017 16:56,1.39744,19.96,0.022
02/02/2017 16:57,1.41575,19.936,0.022
02/02/2017 16:58,1.42186,19.936,0.022
02/02/2017 16:59,1.384,19.888,0.022
02/02/2017 17:00,1.42674,19.841,0.022
02/02/2017 17:01,1.39683,19.793,0.022
02/02/2017 17:02,1.41819,19.793,0.022
02/02/2017 17:03,1.40904,19.793,0.022
02/02/2017 17:04,1.41087,19.77,0.022
02/02/2017 17:05,1.39133,19.722,0.022
02/02/2017 17:06,1.38034,19.674,0.022
02/02/2017 17:07,1.41575,19.674,0.022
02/02/2017 17:08,1.43284,19.627,0.022
02/02/2017 17:09,1.38889,19.579,0.022
02/02/2017 17:10,1.38462,19.532,0.022
02/02/2017 17:11,1.43162,19.508,0.022
02/02/2017 17:12,1.41148,19.46,0.022
02/02/2017 17:13,1.38584,19.413,0.022
02/02/2017 17:14,1.42674,19.365,0.022
02/02/2017 17:15,1.42491,19.341,0.022
02/02/2017 17:16,1.39133,19.294,0.022
02/02/2017 17:17,1.39805,19.27,0.022
02/02/2017 17:18,1.41148,19.27,0.022
02/02/2017 17:19,1.39011,19.27,0.022
02/02/2017 17:20,1.40232,19.246,0.022
02/02/2017 17:21,1.41697,19.222,0.022
02/02/2017 17:22,1.40781,19.175,0.022
02/02/2017 17:23,1.38889,19.151,0.022
02/02/2017 17:24,1.38217,19.103,0.022
02/02/2017 17:25,1.39255,19.08,0.022
02/02/2017 17:26,1.40049,19.032,0.022
02/02/2017 17:27,1.42063,19.008,0.022
02/02/2017 17:28,1.36996,18.985,0.022
02/02/2017 17:29,1.41514,18.961,0.022
02/02/2017 17:30,1.37241,18.937,0.022
02/02/2017 17:31,1.43468,18.889,0.022
02/02/2017 17:32,1.42125,18.842,0.022
02/02/2017 17:33,1.43529,18.818,0.022
02/02/2017 17:34,1.36935,18.794,0.022
02/02/2017 17:35,1.38095,18.771,0.022
02/02/2017 17:36,1.42063,18.771,0.022
02/02/2017 17:37,1.3895,18.771,0.022
02/02/2017 17:38,1.39805,18.723,0.022
02/02/2017 17:39,1.38889,18.675,0.022
02/02/2017 17:40,1.4127,18.628,0.022
02/02/2017 17:41,1.39011,18.58,0.022
02/02/2017 17:42,1.39072,18.557,0.022
02/02/2017 17:43,1.39316,18.533,0.022
02/02/2017 17:44,1.40598,18.485,0.022
02/02/2017 17:45,1.39133,18.461,0.022
02/02/2017 17:46,1.39377,18.438,0.022
02/02/2017 17:47,1.40659,18.414,0.022
02/02/2017 17:48,1.37851,18.366,0.022
02/02/2017 17:49,1.39438,18.319,0.022
02/02/2017 17:50,1.40293,18.319,0.022
02/02/2017 17:51,1.40781,18.271,0.022
02/02/2017 17:52,1.41209,18.247,0.022
02/02/2017 17:53,1.41941,18.2,0.022
02/02/2017 17:54,1.38889,18.176,0.022
02/02/2017 17:55,1.39499,18.152,0.022
02/02/2017 17:56,1.4011,18.129,0.022
02/02/2017 17:57,1.42063,18.105,0.022
02/02/2017 17:58,1.3663,18.033,0.022
02/02/2017 17:59,1.40232,17.986,0.022
02/02/2017 18:00,1.38767,17.938,0.022
02/02/2017 18:01,1.37668,17.938,0.022
02/02/2017 18:02,1.4127,17.891,0.022
02/02/2017 18:03,1.43162,17.867,0.022
02/02/2017 18:04,1.38278,17.843,0.022
02/02/2017 18:05,1.39683,17.796,0.022
02/02/2017 18:06,1.38034,17.748,0.022
02/02/2017 18:07,1.37973,17.724,0.022
02/02/2017 18:08,1.39011,17.701,0.022
02/02/2017 18:09,1.40476,17.677,0.022
02/02/2017 18:10,1.3895,17.701,0.022
02/02/2017 18:11,1.41697,17.701,0.022
02/02/2017 18:12,1.384,17.653,0.022
02/02/2017 18:13,1.38462,17.605,0.022
02/02/2017 18:14,1.3956,17.582,0.022
02/02/2017 18:15,1.40659,17.558,0.022
02/02/2017 18:16,1.40537,17.534,0.022
02/02/2017 18:17,1.39866,17.486,0.022
02/02/2017 18:18,1.40415,17.439,0.022
02/02/2017 18:19,1.37179,17.415,0.022
02/02/2017 18:20,1.38889,17.415,0.022
02/02/2017 18:21,1.39255,17.391,0.022
02/02/2017 18:22,1.40232,17.344,0.022
02/02/2017 18:23,1.4011,17.32,0.022
02/02/2017 18:24,1.39072,17.296,0.022
02/02/2017 18:25,1.38584,17.272,0.022
02/02/2017 18:26,1.4072,17.249,0.022
02/02/2017 18:27,1.39316,17.225,0.022
02/02/2017 18:28,1.40904,17.201,0.022
02/02/2017 18:29,1.39499,17.177,0.022
02/02/2017 18:30,1.40781,17.153,0.022
02/02/2017 18:31,1.42125,17.106,0.022
02/02/2017 18:32,1.40232,17.082,0.022
02/02/2017 18:33,1.39683,17.082,0.022
02/02/2017 18:34,1.3779,17.058,0.022
02/02/2017 18:35,1.39744,17.011,0.022
02/02/2017 18:36,1.38828,16.987,0.022
02/02/2017 18:37,1.38339,16.915,0.022
02/02/2017 18:38,1.39988,16.892,0.022
02/02/2017 18:39,1.39499,16.844,0.022
02/02/2017 18:40,1.3779,16.796,0.022
02/02/2017 18:41,1.41392,16.749,0.022
02/02/2017 18:42,1.42002,16.701,0.022
02/02/2017 18:43,1.41697,16.654,0.022
02/02/2017 18:44,1.37302,16.63,0.022
02/02/2017 18:45,1.40171,16.606,0.022
02/02/2017 18:46,1.39927,16.582,0.022
02/02/2017 18:47,1.39988,16.534,0.022
02/02/2017 18:48,1.39377,16.534,0.022
02/02/2017 18:49,1.39499,16.487,0.022
02/02/2017 18:50,1.39255,16.439,0.022
02/02/2017 18:51,1.4011,16.415,0.022
02/02/2017 18:52,1.38889,16.415,0.022
02/02/2017 18:53,1.39194,16.392,0.022
02/02/2017 18:54,1.41148,16.368,0.022
02/02/2017 18:55,1.37912,16.344,0.022
02/02/2017 18:56,1.37179,16.32,0.022
02/02/2017 18:57,1.38462,16.296,0.022
02/02/2017 18:58,1.39255,16.249,0.022
02/02/2017 18:59,1.40476,16.201,0.022
02/02/2017 19:00,1.37607,16.153,0.022
02/02/2017 19:01,1.38156,16.129,0.022
02/02/2017 19:02,1.3779,16.106,0.022
02/02/2017 19:03,1.38034,16.034,0.022
02/02/2017 19:04,1.37424,15.986,0.022
02/02/2017 19:05,1.37851,15.939,0.022
02/02/2017 19:06,1.39072,15.915,0.022
02/02/2017 19:07,1.38645,15.891,0.022
02/02/2017 19:08,1.41331,15.891,0.022
02/02/2017 19:09,1.41697,15.915,0.022
02/02/2017 19:10,1.36264,15.915,0.022
02/02/2017 19:11,1.36386,15.867,0.022
02/02/2017 19:12,1.3779,15.796,0.022
02/02/2017 19:13,1.40171,15.748,0.022
02/02/2017 19:14,1.38278,15.724,0.022
02/02/2017 19:15,1.38278,15.7,0.022
02/02/2017 19:16,1.37973,15.676,0.022
02/02/2017 19:17,1.39133,15.652,0.022
02/02/2017 19:18,1.39805,15.629,0.022
02/02/2017 19:19,1.39744,15.629,0.022
02/02/2017 19:20,1.37302,15.581,0.022
02/02/2017 19:21,1.37057,15.557,0.022
02/02/2017 19:22,1.4072,15.509,0.022
02/02/2017 19:23,1.40842,15.485,0.022
02/02/2017 19:24,1.40415,15.438,0.022
02/02/2017 19:25,1.39316,15.414,0.022
02/02/2017 19:26,1.37302,15.39,0.022
02/02/2017 19:27,1.38645,15.342,0.022
02/02/2017 19:28,1.39255,15.294,0.022
02/02/2017 19:29,1.36691,15.294,0.022
02/02/2017 19:30,1.41087,15.27,0.022
02/02/2017 19:31,1.38706,15.27,0.022
02/02/2017 19:32,1.35592,15.247,0.022
02/02/2017 19:33,1.40904,15.199,0.022
02/02/2017 19:34,1.38828,15.175,0.022
02/02/2017 19:35,1.3895,15.127,0.022
02/02/2017 19:36,1.38889,15.079,0.022
02/02/2017 19:37,1.38095,15.055,0.022
02/02/2017 19:38,1.38156,15.055,0.022
02/02/2017 19:39,1.38462,15.055,0.022
02/02/2017 19:40,1.38095,15.772,0.022
02/02/2017 19:41,1.37851,16.201,0.022
02/02/2017 19:42,1.39805,16.01,0.022
02/02/2017 19:43,1.35409,15.581,0.022
02/02/2017 19:44,1.37973,15.199,0.022
02/02/2017 19:45,1.38889,14.984,0.022
02/02/2017 19:46,1.38706,14.84,0.022
02/02/2017 19:47,1.39621,14.697,0.022
02/02/2017 19:48,1.40842,15.199,0.022
02/02/2017 19:49,1.36691,16.201,0.022
02/02/2017 19:50,1.41148,16.844,0.022
02/02/2017 19:51,1.40904,16.368,0.022
02/02/2017 19:52,1.384,15.557,0.022
02/02/2017 19:53,1.40293,14.96,0.022
02/02/2017 19:54,1.36813,14.625,0.022
02/02/2017 19:55,1.38095,14.385,0.022
02/02/2017 19:56,1.39194,14.768,0.022
02/02/2017 19:57,1.37363,15.843,0.022
02/02/2017 19:58,1.39316,16.844,0.022
02/02/2017 19:59,1.39866,16.963,0.022
02/02/2017 20:00,1.38156,15.7,0.022
02/02/2017 20:01,1.36752,14.816,0.022
02/02/2017 20:02,1.41026,14.385,0.022
02/02/2017 20:03,1.39072,14.026,0.022
02/02/2017 20:04,1.4127,14.673,0.022
02/02/2017 20:05,1.40842,15.724,0.022
02/02/2017 20:06,1.41087,16.701,0.022
02/02/2017 20:07,1.39805,17.201,0.022
02/02/2017 20:08,1.37851,16.034,0.022
02/02/2017 20:09,1.38828,15.055,0.022
02/02/2017 20:10,1.39438,14.457,0.022
02/02/2017 20:11,1.37668,13.978,0.022
02/02/2017 20:12,1.3779,14.218,0.022
02/02/2017 20:13,1.37607,15.127,0.022
02/02/2017 20:14,1.39316,16.01,0.022
02/02/2017 20:15,1.41636,16.677,0.022
02/02/2017 20:16,1.41697,16.725,0.022
02/02/2017 20:17,1.38462,15.318,0.022
02/02/2017 20:18,1.36569,14.481,0.022
02/02/2017 20:19,1.37546,13.882,0.022
02/02/2017 20:20,1.36935,13.93,0.022
02/02/2017 20:21,1.38645,14.649,0.022
02/02/2017 20:22,1.3895,15.461,0.022
02/02/2017 20:23,1.38034,16.082,0.022
02/02/2017 20:24,1.39683,16.654,0.022
02/02/2017 20:25,1.41758,16.272,0.022
02/02/2017 20:26,1.36325,14.721,0.022
02/02/2017 20:27,1.38462,13.906,0.022
02/02/2017 20:28,1.39377,13.522,0.022
02/02/2017 20:29,1.39255,14.026,0.022
02/02/2017 20:30,1.41209,14.697,0.022
02/02/2017 20:31,1.39621,15.27,0.022
02/02/2017 20:32,1.42918,15.772,0.022
02/02/2017 20:33,1.3895,16.272,0.022
02/02/2017 20:34,1.41392,15.963,0.022
02/02/2017 20:35,1.38645,14.529,0.022
02/02/2017 20:36,1.39316,13.666,0.022
02/02/2017 20:37,1.37302,13.522,0.022
02/02/2017 20:38,1.36752,13.954,0.022
02/02/2017 20:39,1.37241,14.457,0.022
02/02/2017 20:40,1.39744,14.912,0.022
02/02/2017 20:41,1.38584,15.199,0.022
02/02/2017 20:42,1.39194,15.294,0.022
02/02/2017 20:43,1.3663,15.27,0.022
02/02/2017 20:44,1.3779,15.103,0.022
02/02/2017 20:45,1.42491,14.792,0.022
02/02/2017 20:46,1.3779,14.409,0.022
02/02/2017 20:47,1.39805,14.05,0.022
02/02/2017 20:48,1.37424,13.714,0.022
02/02/2017 20:49,1.40171,13.473,0.022
02/02/2017 20:50,1.37241,13.233,0.022
02/02/2017 20:51,1.39316,13.04,0.022
02/02/2017 20:52,1.39744,12.896,0.022
02/02/2017 20:53,1.4127,12.703,0.022
02/02/2017 20:54,1.37424,12.558,0.022
02/02/2017 20:55,1.40293,12.461,0.022
02/02/2017 20:56,1.41026,12.389,0.022
02/02/2017 20:57,1.39805,12.292,0.022
02/02/2017 20:58,1.39927,12.219,0.022
02/02/2017 20:59,1.41636,12.171,0.022
02/02/2017 21:00,1.39988,12.05,0.022
02/02/2017 21:01,1.35897,12.001,0.022
02/02/2017 21:02,1.40476,12.025,0.022
02/02/2017 21:03,1.40171,12.001,0.022
02/02/2017 21:04,1.39988,11.953,0.022
02/02/2017 21:05,1.36935,11.953,0.022
02/02/2017 21:06,1.37241,11.977,0.022
02/02/2017 21:07,1.39927,11.977,0.022
02/02/2017 21:08,1.38706,12.001,0.022
02/02/2017 21:09,1.38462,12.001,0.022
02/02/2017 21:10,1.39621,12.001,0.022
02/02/2017 21:11,1.36752,12.025,0.022
02/02/2017 21:12,1.37424,12.025,0.022
02/02/2017 21:13,1.41148,12.074,0.022
02/02/2017 21:14,1.38767,12.098,0.022
02/02/2017 21:15,1.38706,12.098,0.022
02/02/2017 21:16,1.36325,12.074,0.022
02/02/2017 21:17,1.39621,12.001,0.022
02/02/2017 21:18,1.39377,11.929,0.022
02/02/2017 21:19,1.41209,11.929,0.022
02/02/2017 21:20,1.37668,11.953,0.022
02/02/2017 21:21,1.35043,11.953,0.022
02/02/2017 21:22,1.41392,11.904,0.022
02/02/2017 21:23,1.36569,11.832,0.022
02/02/2017 21:24,1.38217,11.783,0.022
02/02/2017 21:25,1.38645,11.807,0.022
02/02/2017 21:26,1.384,11.832,0.022
02/02/2017 21:27,1.3956,11.807,0.022
02/02/2017 21:28,1.38462,11.759,0.022
02/02/2017 21:29,1.36752,11.734,0.022
02/02/2017 21:30,1.4127,11.686,0.022
02/02/2017 21:31,1.40293,11.662,0.022
02/02/2017 21:32,1.39072,11.613,0.022
02/02/2017 21:33,1.36874,11.54,0.022
02/02/2017 21:34,1.38156,11.492,0.022
02/02/2017 21:35,1.38523,11.443,0.022
02/02/2017 21:36,1.34737,11.394,0.022
02/02/2017 21:37,1.37179,11.346,0.022
02/02/2017 21:38,1.37302,11.346,0.022
02/02/2017 21:39,1.36813,11.346,0.022
02/02/2017 21:40,1.39438,11.273,0.022
02/02/2017 21:41,1.36386,11.224,0.022
02/02/2017 21:42,1.39683,11.224,0.022
02/02/2017 21:43,1.36569,11.224,0.022
02/02/2017 21:44,1.38217,11.2,0.022
02/02/2017 21:45,1.3895,11.175,0.022
02/02/2017 21:46,1.40476,11.151,0.022
02/02/2017 21:47,1.37363,11.078,0.022
02/02/2017 21:48,1.34249,11.029,0.022
02/02/2017 21:49,1.38889,10.98,0.022
02/02/2017 21:50,1.39683,10.98,0.022
02/02/2017 21:51,1.41758,11.005,0.022
02/02/2017 21:52,1.40171,11.029,0.022
02/02/2017 21:53,1.38217,10.98,0.022
02/02/2017 21:54,1.35226,10.932,0.022
02/02/2017 21:55,1.40781,10.883,0.022
02/02/2017 21:56,1.40598,10.834,0.022
02/02/2017 21:57,1.3895,10.761,0.022
02/02/2017 21:58,1.37118,10.736,0.022
02/02/2017 21:59,1.35958,10.687,0.022
02/02/2017 22:00,1.36203,10.712,0.022
02/02/2017 22:01,1.38462,10.712,0.022
02/02/2017 22:02,1.3602,10.687,0.022
02/02/2017 22:03,1.38645,10.638,0.022
02/02/2017 22:04,1.37851,10.565,0.022
02/02/2017 22:05,1.39866,10.516,0.022
02/02/2017 22:06,1.39255,10.467,0.022
02/02/2017 22:07,1.36203,10.467,0.022
02/02/2017 22:08,1.38034,10.443,0.022
02/02/2017 22:09,1.384,10.418,0.022
02/02/2017 22:10,1.36203,10.418,0.022
02/02/2017 22:11,1.35409,10.369,0.022
02/02/2017 22:12,1.34554,10.369,0.022
02/02/2017 22:13,1.37546,10.394,0.022
02/02/2017 22:14,1.35287,10.369,0.022
02/02/2017 22:15,1.36752,10.345,0.022
02/02/2017 22:16,1.35775,10.247,0.022
02/02/2017 22:17,1.39316,10.198,0.022
02/02/2017 22:18,1.40537,10.149,0.022
02/02/2017 22:19,1.4072,10.075,0.022
02/02/2017 22:20,1.39499,10.026,0.022
02/02/2017 22:21,1.38217,10.001,0.022
02/02/2017 22:22,1.37485,10.026,0.022
02/02/2017 22:23,1.38584,10.001,0.022
03/02/2017 01:09,1.39438,4.999,0.022
03/02/2017 01:39,1.38767,4.999,0.022
03/02/2017 04:15,1.39744,10.026,0.022
03/02/2017 04:16,1.39988,10.051,0.022
03/02/2017 04:17,1.37729,10.075,0.022
03/02/2017 04:18,1.36447,10.124,0.022
03/02/2017 04:19,1.3956,10.124,0.022
03/02/2017 04:20,1.41819,10.124,0.022
03/02/2017 04:21,1.39316,10.173,0.022
03/02/2017 04:22,1.36569,10.271,0.022
03/02/2017 04:23,1.37179,10.296,0.022
03/02/2017 04:24,1.40476,10.32,0.022
03/02/2017 04:25,1.36752,10.32,0.022
03/02/2017 04:26,1.38706,10.32,0.022
03/02/2017 04:27,1.37485,10.32,0.022
03/02/2017 04:28,1.38584,10.345,0.022
03/02/2017 04:29,1.38828,10.394,0.022
03/02/2017 04:30,1.34982,10.418,0.022
03/02/2017 04:31,1.36447,10.443,0.022
03/02/2017 04:32,1.41758,10.492,0.022
03/02/2017 04:33,1.36874,10.541,0.022
03/02/2017 04:34,1.40049,10.565,0.022
03/02/2017 04:35,1.36874,10.614,0.022
03/02/2017 04:36,1.3956,10.614,0.022
03/02/2017 04:37,1.39438,10.663,0.022
03/02/2017 04:38,1.3779,10.687,0.022
03/02/2017 04:39,1.38095,10.712,0.022
03/02/2017 04:40,1.38156,10.761,0.022
03/02/2017 04:41,1.38462,10.81,0.022
03/02/2017 04:42,1.4127,10.81,0.022
03/02/2017 04:43,1.39316,10.858,0.022
03/02/2017 04:44,1.34921,10.883,0.022
03/02/2017 04:45,1.39072,10.932,0.022
03/02/2017 04:46,1.38584,10.98,0.022
03/02/2017 04:47,1.40049,11.005,0.022
03/02/2017 04:48,1.38217,11.029,0.022
03/02/2017 04:49,1.3602,11.127,0.022
03/02/2017 04:50,1.38278,11.2,0.022
03/02/2017 04:51,1.40842,11.2,0.022
03/02/2017 04:52,1.39683,11.248,0.022
03/02/2017 04:53,1.39316,11.248,0.022
03/02/2017 04:54,1.37363,11.248,0.022
03/02/2017 04:55,1.38523,11.273,0.022
03/02/2017 04:56,1.37851,11.273,0.022
03/02/2017 04:57,1.40293,11.321,0.022
03/02/2017 04:58,1.39316,11.37,0.022
03/02/2017 04:59,1.38156,11.419,0.022
03/02/2017 05:00,1.37851,11.443,0.022
03/02/2017 05:01,1.37668,11.419,0.022
03/02/2017 05:02,1.36569,11.443,0.022
03/02/2017 05:03,1.36996,11.467,0.022
03/02/2017 05:04,1.38095,11.516,0.022
03/02/2017 05:05,1.40598,11.565,0.022
03/02/2017 05:06,1.37851,11.589,0.022
03/02/2017 05:07,1.40476,11.613,0.022
03/02/2017 05:08,1.35958,11.637,0.022
03/02/2017 05:09,1.384,11.637,0.022
03/02/2017 05:10,1.39377,11.662,0.022
03/02/2017 05:11,1.39988,11.686,0.022
03/02/2017 05:12,1.42308,11.71,0.022
03/02/2017 05:13,1.384,11.759,0.022
03/02/2017 05:14,1.39499,11.807,0.022
03/02/2017 05:15,1.39805,11.856,0.022
03/02/2017 05:16,1.38706,11.88,0.022
03/02/2017 05:17,1.41026,11.929,0.022
03/02/2017 05:18,1.38217,11.977,0.022
03/02/2017 05:19,1.39744,12.025,0.022
03/02/2017 05:20,1.38889,12.025,0.022
03/02/2017 05:21,1.39683,12.001,0.022
03/02/2017 05:22,1.38523,12.05,0.022
03/02/2017 05:23,1.42979,12.05,0.022
03/02/2017 05:24,1.41514,12.074,0.022
03/02/2017 05:25,1.41514,12.122,0.022
03/02/2017 05:26,1.39194,12.147,0.022
03/02/2017 05:27,1.38645,12.171,0.022
03/02/2017 05:28,1.384,12.219,0.022
03/02/2017 05:29,1.35653,12.268,0.022
03/02/2017 05:30,1.3663,12.292,0.022
03/02/2017 05:31,1.38584,12.292,0.022
03/02/2017 05:32,1.38645,12.292,0.022
03/02/2017 05:33,1.39683,12.34,0.022
03/02/2017 05:34,1.40659,12.413,0.022
03/02/2017 05:35,1.41575,12.461,0.022
03/02/2017 05:36,1.384,12.509,0.022
03/02/2017 05:37,1.40537,12.534,0.022
03/02/2017 05:38,1.3779,12.534,0.022
03/02/2017 05:39,1.38523,12.558,0.022
03/02/2017 05:40,1.40049,12.606,0.022
03/02/2017 05:41,1.39744,12.654,0.022
03/02/2017 05:42,1.42125,12.678,0.022
03/02/2017 05:43,1.39988,12.751,0.022
03/02/2017 05:44,1.38645,12.799,0.022
03/02/2017 05:45,1.42552,12.896,0.022
03/02/2017 05:46,1.36935,12.968,0.022
03/02/2017 05:47,1.37912,13.016,0.022
03/02/2017 05:48,1.37973,13.016,0.022
03/02/2017 05:49,1.40598,13.016,0.022
03/02/2017 05:50,1.36081,13.04,0.022
03/02/2017 05:51,1.41758,13.04,0.022
03/02/2017 05:52,1.38034,13.04,0.022
03/02/2017 05:53,1.37851,13.04,0.022
03/02/2017 05:54,1.40904,13.088,0.022
03/02/2017 05:55,1.39744,13.112,0.022
03/02/2017 05:56,1.38889,13.088,0.022
03/02/2017 05:57,1.39377,13.088,0.022
03/02/2017 05:58,1.4188,13.112,0.022
03/02/2017 05:59,1.36203,13.161,0.022
03/02/2017 06:00,1.37363,13.209,0.022
03/02/2017 06:01,1.39133,13.233,0.022
03/02/2017 06:02,1.39927,13.281,0.022
03/02/2017 06:03,1.40965,13.281,0.022
03/02/2017 06:04,1.37851,13.329,0.022
03/02/2017 06:05,1.38462,13.329,0.022
03/02/2017 06:06,1.41636,13.353,0.022
03/02/2017 06:07,1.40476,13.377,0.022
03/02/2017 06:08,1.41087,13.425,0.022
03/02/2017 06:09,1.39621,13.473,0.022
03/02/2017 06:10,1.36569,13.546,0.022
03/02/2017 06:11,1.40049,13.546,0.022
03/02/2017 06:12,1.40476,13.546,0.022
03/02/2017 06:13,1.41148,13.546,0.022
03/02/2017 06:14,1.39988,13.546,0.022
03/02/2017 06:15,1.39499,13.57,0.022
03/02/2017 06:16,1.37851,13.618,0.022
03/02/2017 06:17,1.38278,13.642,0.022
03/02/2017 06:18,1.36569,13.69,0.022
03/02/2017 06:19,1.39194,13.714,0.022
03/02/2017 06:20,1.39316,13.786,0.022
03/02/2017 06:21,1.38767,13.834,0.022
03/02/2017 06:22,1.40781,13.882,0.022
03/02/2017 06:23,1.39194,13.93,0.022
03/02/2017 06:24,1.37607,13.954,0.022
03/02/2017 06:25,1.39194,13.978,0.022
03/02/2017 06:26,1.41941,14.026,0.022
03/02/2017 06:27,1.37179,14.074,0.022
03/02/2017 06:28,1.42125,14.122,0.022
03/02/2017 06:29,1.38889,14.146,0.022
03/02/2017 06:30,1.37485,14.17,0.022
03/02/2017 06:31,1.40232,14.218,0.022
03/02/2017 06:32,1.37179,14.218,0.022
03/02/2017 06:33,1.39744,14.242,0.022
03/02/2017 06:34,1.37973,14.266,0.022
03/02/2017 06:35,1.42796,14.29,0.022
03/02/2017 06:36,1.42491,14.29,0.022
03/02/2017 06:37,1.40049,14.314,0.022
03/02/2017 06:38,1.40476,14.361,0.022
03/02/2017 06:39,1.39133,14.409,0.022
03/02/2017 06:40,1.36691,14.457,0.022
03/02/2017 06:41,1.40049,14.481,0.022
03/02/2017 06:42,1.38523,14.505,0.022
03/02/2017 06:43,1.41575,14.529,0.022
03/02/2017 06:44,1.37363,14.553,0.022
03/02/2017 06:45,1.39805,14.577,0.022
03/02/2017 06:46,1.39377,14.577,0.022
03/02/2017 06:47,1.39133,14.601,0.022
03/02/2017 06:48,1.39377,14.625,0.022
03/02/2017 06:49,1.40354,14.649,0.022
03/02/2017 06:50,1.39194,14.673,0.022
03/02/2017 06:51,1.40476,14.721,0.022
03/02/2017 06:52,1.40965,14.768,0.022
03/02/2017 06:53,1.40476,14.792,0.022
03/02/2017 06:54,1.40293,14.84,0.022
03/02/2017 06:55,1.40293,14.864,0.022
03/02/2017 06:56,1.40049,14.936,0.022
03/02/2017 06:57,1.36508,15.008,0.022
03/02/2017 06:58,1.39194,15.055,0.022
03/02/2017 06:59,1.39072,15.055,0.022
03/02/2017 07:00,1.38217,15.151,0.022
03/02/2017 07:01,1.39683,15.199,0.022
03/02/2017 07:02,1.37912,15.247,0.022
03/02/2017 07:03,1.42308,15.27,0.022
03/02/2017 07:04,1.40415,15.27,0.022
03/02/2017 07:05,1.38645,14.864,0.022
03/02/2017 07:06,1.37973,14.433,0.022
03/02/2017 07:07,1.37118,14.481,0.022
03/02/2017 07:08,1.39927,14.649,0.022
03/02/2017 07:09,1.39499,14.816,0.022
03/02/2017 07:10,1.40965,15.008,0.022
03/02/2017 07:11,1.38462,15.175,0.022
03/02/2017 07:12,1.40415,15.342,0.022
03/02/2017 07:13,1.38828,15.485,0.022
03/02/2017 07:14,1.39927,15.509,0.022
03/02/2017 07:15,1.38584,14.984,0.022
03/02/2017 07:16,1.4011,14.385,0.022
03/02/2017 07:17,1.37424,14.242,0.022
03/02/2017 07:18,1.40537,14.529,0.022
03/02/2017 07:19,1.38462,14.936,0.022
03/02/2017 07:20,1.39255,15.342,0.022
03/02/2017 07:21,1.37546,15.772,0.022
03/02/2017 07:22,1.40659,16.177,0.022
03/02/2017 07:23,1.3779,15.509,0.022
03/02/2017 07:24,1.41514,14.697,0.022
03/02/2017 07:25,1.40049,14.146,0.022
03/02/2017 07:26,1.4072,13.954,0.022
03/02/2017 07:27,1.40904,14.481,0.022
03/02/2017 07:28,1.39683,15.199,0.022
03/02/2017 07:29,1.39194,15.891,0.022
03/02/2017 07:30,1.38523,16.487,0.022
03/02/2017 07:31,1.38523,16.582,0.022
03/02/2017 07:32,1.39621,15.079,0.022
03/02/2017 07:33,1.4072,14.194,0.022
03/02/2017 07:34,1.40537,13.594,0.022
03/02/2017 07:35,1.37851,14.194,0.022
03/02/2017 07:36,1.38034,15.27,0.022
03/02/2017 07:37,1.38706,16.344,0.022
03/02/2017 07:38,1.39866,17.296,0.022
03/02/2017 07:39,1.39194,17.153,0.022
03/02/2017 07:40,1.39927,15.581,0.022
03/02/2017 07:41,1.39194,14.625,0.022
03/02/2017 07:42,1.38462,13.954,0.022
03/02/2017 07:43,1.41087,13.858,0.022
03/02/2017 07:44,1.39683,15.055,0.022
03/02/2017 07:45,1.39438,16.439,0.022
03/02/2017 07:46,1.40354,17.653,0.022
03/02/2017 07:47,1.38095,17.653,0.022
03/02/2017 07:48,1.41392,16.034,0.022
03/02/2017 07:49,1.40842,14.96,0.022
03/02/2017 07:50,1.4127,14.29,0.022
03/02/2017 07:51,1.41087,13.762,0.022
03/02/2017 07:52,1.41941,14.529,0.022
03/02/2017 07:53,1.39499,16.153,0.022
03/02/2017 07:54,1.39194,17.772,0.022
03/02/2017 07:55,1.41392,18.224,0.022
03/02/2017 07:56,1.41758,16.749,0.022
03/02/2017 07:57,1.4243,15.533,0.022
03/02/2017 07:58,1.40842,14.792,0.022
03/02/2017 07:59,1.40965,14.266,0.022
03/02/2017 08:00,1.384,13.906,0.022
03/02/2017 08:01,1.41209,15.199,0.022
03/02/2017 08:02,1.41514,17.13,0.022
03/02/2017 08:03,1.39988,18.533,0.022
03/02/2017 08:04,1.39316,17.938,0.022
03/02/2017 08:05,1.38217,16.439,0.022
03/02/2017 08:06,1.37973,15.533,0.022
03/02/2017 08:07,1.40598,14.888,0.022
03/02/2017 08:08,1.39316,14.481,0.022
03/02/2017 08:09,1.4188,14.242,0.022
03/02/2017 08:10,1.36325,15.151,0.022
03/02/2017 08:11,1.4127,17.249,0.022
03/02/2017 08:12,1.40171,18.485,0.022
03/02/2017 08:13,1.38095,17.962,0.022
03/02/2017 08:14,1.40598,16.749,0.022
03/02/2017 08:15,1.39499,15.867,0.022
03/02/2017 08:16,1.40476,15.366,0.022
03/02/2017 08:17,1.41392,15.031,0.022
03/02/2017 08:18,1.40598,14.864,0.022
03/02/2017 08:19,1.35714,14.816,0.022
03/02/2017 08:20,1.37241,14.84,0.022
03/02/2017 08:21,1.40537,16.106,0.022
03/02/2017 08:22,1.38828,17.582,0.022
03/02/2017 08:23,1.37546,17.724,0.022
03/02/2017 08:24,1.38523,17.344,0.022
03/02/2017 08:25,1.36874,16.868,0.022
03/02/2017 08:26,1.40293,16.487,0.022
03/02/2017 08:27,1.42002,16.225,0.022
03/02/2017 08:28,1.3895,16.034,0.022
03/02/2017 08:29,1.39927,15.963,0.022
03/02/2017 08:30,1.42002,15.986,0.022
03/02/2017 08:31,1.39072,16.082,0.022
03/02/2017 08:32,1.39744,16.272,0.022
03/02/2017 08:33,1.37363,16.487,0.022
03/02/2017 08:34,1.41148,16.701,0.022
03/02/2017 08:35,1.39194,16.963,0.022
03/02/2017 08:36,1.37241,17.225,0.022
03/02/2017 08:37,1.38095,17.486,0.022
03/02/2017 08:38,1.40537,17.748,0.022
03/02/2017 08:39,1.4188,18.01,0.022
03/02/2017 08:40,1.40415,18.176,0.022
03/02/2017 08:41,1.40476,18.319,0.022
03/02/2017 08:42,1.39499,18.438,0.022
03/02/2017 08:43,1.40781,18.461,0.022
03/02/2017 08:44,1.38828,18.461,0.022
03/02/2017 08:45,1.40537,18.438,0.022
03/02/2017 08:46,1.3956,18.39,0.022
03/02/2017 08:47,1.39072,18.295,0.022
03/02/2017 08:48,1.40904,18.247,0.022
03/02/2017 08:49,1.42247,18.2,0.022
03/02/2017 08:50,1.41026,18.247,0.022
03/02/2017 08:51,1.35775,18.271,0.022
03/02/2017 08:52,1.4011,18.295,0.022
03/02/2017 08:53,1.38523,18.366,0.022
03/02/2017 08:54,1.39438,18.414,0.022
03/02/2017 08:55,1.40171,18.485,0.022
03/02/2017 08:56,1.42552,18.533,0.022
03/02/2017 08:57,1.38767,18.58,0.022
03/02/2017 08:58,1.38767,18.604,0.022
03/02/2017 08:59,1.39072,18.652,0.022
03/02/2017 09:00,1.42613,18.699,0.022
03/02/2017 09:01,1.42125,18.699,0.022
03/02/2017 09:02,1.37607,18.723,0.022
03/02/2017 09:03,1.38217,18.747,0.022
03/02/2017 09:04,1.42979,18.794,0.022
03/02/2017 09:05,1.38339,18.818,0.022
03/02/2017 09:06,1.39316,18.889,0.022
03/02/2017 09:07,1.40232,18.937,0.022
03/02/2017 09:08,1.42186,18.961,0.022
03/02/2017 09:09,1.384,18.985,0.022
03/02/2017 09:10,1.40781,19.008,0.022
03/02/2017 09:11,1.39988,19.032,0.022
03/02/2017 09:12,1.39988,19.056,0.022
03/02/2017 09:13,1.43773,19.08,0.022
03/02/2017 09:14,1.38828,19.103,0.022
03/02/2017 09:15,1.41026,19.127,0.022
03/02/2017 09:16,1.3895,19.175,0.022
03/02/2017 09:17,1.41148,19.199,0.022
03/02/2017 09:18,1.41758,19.246,0.022
03/02/2017 09:19,1.39377,19.294,0.022
03/02/2017 09:20,1.4011,19.318,0.022
03/02/2017 09:21,1.40781,19.318,0.022
03/02/2017 09:22,1.42735,19.341,0.022
03/02/2017 09:23,1.4188,19.341,0.022
03/02/2017 09:24,1.41636,19.365,0.022
03/02/2017 09:25,1.41819,19.389,0.022
03/02/2017 09:26,1.42674,19.413,0.022
03/02/2017 09:27,1.42552,19.484,0.022
03/02/2017 09:28,1.40965,19.532,0.022
03/02/2017 09:29,1.40965,19.579,0.022
03/02/2017 09:30,1.40171,19.627,0.022
03/02/2017 09:31,1.39988,19.651,0.022
03/02/2017 09:32,1.41758,19.674,0.022
03/02/2017 09:33,1.40049,19.722,0.022
03/02/2017 09:34,1.40415,19.77,0.022
03/02/2017 09:35,1.39255,19.793,0.022
03/02/2017 09:36,1.37546,19.817,0.022
03/02/2017 09:37,1.39316,19.841,0.022
03/02/2017 09:38,1.42308,19.865,0.022
03/02/2017 09:39,1.43162,19.888,0.022
03/02/2017 09:40,1.40659,19.912,0.022
03/02/2017 09:41,1.39866,19.936,0.022
03/02/2017 09:42,1.38889,19.96,0.022
03/02/2017 09:43,1.42125,20.007,0.022
03/02/2017 09:44,1.39927,20.031,0.022
03/02/2017 09:45,1.37912,20.055,0.022
03/02/2017 09:46,1.42369,20.079,0.022
03/02/2017 09:47,1.42552,20.103,0.022
03/02/2017 09:48,1.42918,20.15,0.022
03/02/2017 09:49,1.38584,20.198,0.022
03/02/2017 09:50,1.40476,20.246,0.022
03/02/2017 09:51,1.40965,20.269,0.022
03/02/2017 09:52,1.40293,20.293,0.022
03/02/2017 09:53,1.39377,20.293,0.022
03/02/2017 09:54,1.39744,20.293,0.022
03/02/2017 09:55,1.40965,20.317,0.022
03/02/2017 09:56,1.40659,20.317,0.022
03/02/2017 09:57,1.4072,20.365,0.022
03/02/2017 09:58,1.43529,20.388,0.022
03/02/2017 09:59,1.38645,20.436,0.022
03/02/2017 10:00,1.41087,20.484,0.022
03/02/2017 10:01,1.38217,20.531,0.022
03/02/2017 10:02,1.41331,20.579,0.022
03/02/2017 10:03,1.41758,20.627,0.022
03/02/2017 10:04,1.38889,20.698,0.022
03/02/2017 10:05,1.38156,20.722,0.022
03/02/2017 10:06,1.39805,20.77,0.022
03/02/2017 10:07,1.4304,20.817,0.022
03/02/2017 10:08,1.38523,20.841,0.022
03/02/2017 10:09,1.43407,20.889,0.022
03/02/2017 10:10,1.38706,20.913,0.022
03/02/2017 10:11,1.39927,20.913,0.022
03/02/2017 10:12,1.38462,20.913,0.022
03/02/2017 10:13,1.42796,20.913,0.022
03/02/2017 10:14,1.40232,20.96,0.022
03/02/2017 10:15,1.42308,21.008,0.022
03/02/2017 10:16,1.4304,21.032,0.022
03/02/2017 10:17,1.41331,21.056,0.022
03/02/2017 10:18,1.36996,21.079,0.022
03/02/2017 10:19,1.38645,21.103,0.022
03/02/2017 10:20,1.40598,21.151,0.022
03/02/2017 10:21,1.42979,21.175,0.022
03/02/2017 10:22,1.40965,21.175,0.022
03/02/2017 10:23,1.41514,21.175,0.022
03/02/2017 10:24,1.42918,21.199,0.022
03/02/2017 10:25,1.40965,21.223,0.022
03/02/2017 10:26,1.39072,21.246,0.022
03/02/2017 10:27,1.41148,21.27,0.022
03/02/2017 10:28,1.43468,21.318,0.022
03/02/2017 10:29,1.40171,21.342,0.022
03/02/2017 10:30,1.39377,21.39,0.022
03/02/2017 10:31,1.43468,21.413,0.022
03/02/2017 10:32,1.41758,21.437,0.022
03/02/2017 10:33,1.40354,21.461,0.022
03/02/2017 10:34,1.3779,21.485,0.022
03/02/2017 10:35,1.37363,21.509,0.022
03/02/2017 10:36,1.44139,21.581,0.022
03/02/2017 10:37,1.41209,21.628,0.022
03/02/2017 10:38,1.39072,21.7,0.022
03/02/2017 10:39,1.40476,21.748,0.022
03/02/2017 10:40,1.41392,21.748,0.022
03/02/2017 10:41,1.41209,21.795,0.022
03/02/2017 10:42,1.39866,21.819,0.022
03/02/2017 10:43,1.40781,21.867,0.022
03/02/2017 10:44,1.39194,21.891,0.022
03/02/2017 10:45,1.42002,21.939,0.022
03/02/2017 10:46,1.41819,21.963,0.022
03/02/2017 10:47,1.41392,21.939,0.022
03/02/2017 10:48,1.43651,21.963,0.022
03/02/2017 10:49,1.38095,22.011,0.022
03/02/2017 10:50,1.39438,22.011,0.022
03/02/2017 10:51,1.42369,22.034,0.022
03/02/2017 10:52,1.42491,22.058,0.022
03/02/2017 10:53,1.41026,22.106,0.022
03/02/2017 10:54,1.40537,22.106,0.022
03/02/2017 10:55,1.39316,22.154,0.022
03/02/2017 10:56,1.43956,22.178,0.022
03/02/2017 10:57,1.39927,22.226,0.022
03/02/2017 10:58,1.39988,22.274,0.022
03/02/2017 10:59,1.3956,22.321,0.022
03/02/2017 11:00,1.4188,22.369,0.022
03/02/2017 11:01,1.40171,22.417,0.022
03/02/2017 11:02,1.38584,22.441,0.022
03/02/2017 11:03,1.41026,22.441,0.022
03/02/2017 11:04,1.42796,22.417,0.022
03/02/2017 11:05,1.40598,22.441,0.022
03/02/2017 11:06,1.37729,22.465,0.022
03/02/2017 11:07,1.38645,22.465,0.022
03/02/2017 11:08,1.38767,22.513,0.022
03/02/2017 11:09,1.41514,22.585,0.022
03/02/2017 11:10,1.41514,22.633,0.022
03/02/2017 11:11,1.42308,22.705,0.022
03/02/2017 11:12,1.37729,22.705,0.022
03/02/2017 11:13,1.44261,22.729,0.022
03/02/2017 11:14,1.39011,22.753,0.022
03/02/2017 11:15,1.37973,22.776,0.022
03/02/2017 11:16,1.40171,22.776,0.022
03/02/2017 11:17,1.44078,22.8,0.022
03/02/2017 11:18,1.39988,22.824,0.022
03/02/2017 11:19,1.42918,22.872,0.022
03/02/2017 11:20,1.39621,22.872,0.022
03/02/2017 11:21,1.39377,22.92,0.022
03/02/2017 11:22,1.4359,22.968,0.022
03/02/2017 11:23,1.39194,22.992,0.022
03/02/2017 11:24,1.42613,23.04,0.022
03/02/2017 11:25,1.40476,23.088,0.022
03/02/2017 11:26,1.41331,23.112,0.022
03/02/2017 11:27,1.40049,23.16,0.022
03/02/2017 11:28,1.43956,23.184,0.022
03/02/2017 11:29,1.40598,23.208,0.022
03/02/2017 11:30,1.40781,23.232,0.022
03/02/2017 11:31,1.4011,23.256,0.022
03/02/2017 11:32,1.41148,23.28,0.022
03/02/2017 11:33,1.39255,23.328,0.022
03/02/2017 11:34,1.41392,23.376,0.022
03/02/2017 11:35,1.39805,23.424,0.022
03/02/2017 11:36,1.4243,23.472,0.022
03/02/2017 11:37,1.41209,23.497,0.022
03/02/2017 11:38,1.43834,23.497,0.022
03/02/2017 11:39,1.37363,23.497,0.022
03/02/2017 11:40,1.39805,23.521,0.022
03/02/2017 11:41,1.44994,23.545,0.022
03/02/2017 11:42,1.42674,23.569,0.022
03/02/2017 11:43,1.38706,23.617,0.022
03/02/2017 11:44,1.40415,23.617,0.022
03/02/2017 11:45,1.38828,23.641,0.022
03/02/2017 11:46,1.384,23.665,0.022
03/02/2017 11:47,1.40842,23.689,0.022
03/02/2017 11:48,1.37363,23.737,0.022
03/02/2017 11:49,1.42918,23.785,0.022
03/02/2017 11:50,1.42979,23.881,0.022
03/02/2017 11:51,1.39255,23.93,0.022
03/02/2017 11:52,1.41514,23.93,0.022
03/02/2017 11:53,1.40537,23.954,0.022
03/02/2017 11:54,1.41575,23.954,0.022
03/02/2017 11:55,1.41392,23.978,0.022
03/02/2017 11:56,1.42796,24.026,0.022
03/02/2017 11:57,1.39683,24.026,0.022
03/02/2017 11:58,1.42918,24.074,0.022
03/02/2017 11:59,1.42796,24.098,0.022
03/02/2017 12:00,1.43712,24.122,0.022
03/02/2017 12:01,1.40476,24.146,0.022
03/02/2017 12:02,1.40537,24.171,0.022
03/02/2017 12:03,1.44139,24.219,0.022
03/02/2017 12:04,1.41941,24.243,0.022
03/02/2017 12:05,1.4072,24.291,0.022
03/02/2017 12:06,1.40781,24.315,0.022
03/02/2017 12:07,1.39683,24.339,0.022
03/02/2017 12:08,1.42796,24.363,0.022
03/02/2017 12:09,1.4072,24.388,0.022
03/02/2017 12:10,1.44444,24.412,0.022
03/02/2017 12:11,1.39683,24.46,0.022
03/02/2017 12:12,1.4188,24.508,0.022
03/02/2017 12:13,1.39011,24.532,0.022
03/02/2017 12:14,1.44811,24.581,0.022
03/02/2017 12:15,1.39133,24.605,0.022
03/02/2017 12:16,1.4011,24.629,0.022
03/02/2017 12:17,1.43773,24.653,0.022
03/02/2017 12:18,1.37057,24.702,0.022
03/02/2017 12:19,1.41209,24.726,0.022
03/02/2017 12:20,1.43346,24.75,0.022
03/02/2017 12:21,1.39438,24.774,0.022
03/02/2017 12:22,1.41697,24.798,0.022
03/02/2017 12:23,1.41331,24.823,0.022
03/02/2017 12:24,1.44322,24.871,0.022
03/02/2017 12:25,1.384,24.895,0.022
03/02/2017 12:26,1.42063,24.919,0.022
03/02/2017 12:27,1.42308,24.968,0.022
03/02/2017 12:28,1.46093,24.992,0.022
