1,30/04/19 10:57:06,1.20147,17.130,,
2,30/04/19 10:57:07,1.20208,17.106,,
3,30/04/19 10:57:08,1.20085,17.130,,
4,30/04/19 10:57:09,1.20269,17.130,,
5,30/04/19 10:57:10,1.20208,17.130,,
6,30/04/19 10:57:11,1.20208,17.106,,
7,30/04/19 10:57:12,1.20208,17.106,,
8,30/04/19 10:57:13,1.20269,17.106,,
9,30/04/19 10:57:14,1.20269,17.106,,
10,30/04/19 10:57:15,1.20269,17.106,,
11,30/04/19 10:57:16,1.20269,17.106,,
12,30/04/19 10:57:17,1.20147,17.106,,
13,30/04/19 10:57:18,1.20269,17.106,,
14,30/04/19 10:57:19,1.20085,17.082,,
15,30/04/19 10:57:20,1.20208,17.130,,
16,30/04/19 10:57:21,1.20269,17.106,,
17,30/04/19 10:57:22,1.20269,17.082,,
18,30/04/19 10:57:23,1.20147,17.082,,
19,30/04/19 10:57:24,1.20269,17.106,,
20,30/04/19 10:57:25,1.20269,17.106,,
21,30/04/19 10:57:26,1.20269,17.106,,
22,30/04/19 10:57:27,1.20269,17.082,,
23,30/04/19 10:57:28,1.20147,17.106,,
24,30/04/19 10:57:29,1.20269,17.082,,
25,30/04/19 10:57:30,1.20330,17.082,,
26,30/04/19 10:57:31,1.20147,17.106,,
27,30/04/19 10:57:32,1.20147,17.082,,
28,30/04/19 10:57:33,1.20208,17.106,,
29,30/04/19 10:57:34,1.20269,17.082,,
30,30/04/19 10:57:35,1.20208,17.106,,
31,30/04/19 10:57:36,1.20147,17.106,,
32,30/04/19 10:57:37,1.20269,17.106,,
33,30/04/19 10:57:38,1.20208,17.106,,
34,30/04/19 10:57:39,1.20147,17.082,,
35,30/04/19 10:57:40,1.20269,17.082,,
36,30/04/19 10:57:41,1.20208,17.082,,
37,30/04/19 10:57:42,1.20208,17.058,,
38,30/04/19 10:57:43,1.20269,17.058,,
39,30/04/19 10:57:44,1.20208,17.082,,
40,30/04/19 10:57:45,1.20147,17.082,,
41,30/04/19 10:57:46,1.20269,17.082,,
42,30/04/19 10:57:47,1.20024,17.106,,
43,30/04/19 10:57:48,1.20269,17.082,,
44,30/04/19 10:57:49,1.20269,17.082,,
45,30/04/19 10:57:50,1.20208,17.082,,
46,30/04/19 10:57:51,1.20330,17.082,,
47,30/04/19 10:57:52,1.20147,17.082,,
48,30/04/19 10:57:53,1.20208,17.106,,
49,30/04/19 10:57:54,1.20085,17.106,,
50,30/04/19 10:57:55,1.20208,17.106,,
51,30/04/19 10:57:56,1.20269,17.082,,
52,30/04/19 10:57:57,1.20208,17.106,,
53,30/04/19 10:57:58,1.20208,17.106,,
54,30/04/19 10:57:59,1.20208,17.106,,
55,30/04/19 10:58:00,1.20269,17.106,,
56,30/04/19 10:58:01,1.20208,17.082,,
57,30/04/19 10:58:02,1.20208,17.106,,
58,30/04/19 10:58:03,1.20208,17.106,,
59,30/04/19 10:58:04,1.20330,17.130,,
60,30/04/19 10:58:05,1.20269,17.082,,
61,30/04/19 10:58:06,1.20269,17.106,,
62,30/04/19 10:58:07,1.20208,17.106,,
63,30/04/19 10:58:08,1.20269,17.082,,
64,30/04/19 10:58:09,1.20208,17.153,,
65,30/04/19 10:58:10,1.20330,17.130,,
66,30/04/19 10:58:11,1.20208,17.130,,
67,30/04/19 10:58:12,1.20085,17.106,,
68,30/04/19 10:58:13,1.20269,17.130,,
69,30/04/19 10:58:14,1.20269,17.130,,
70,30/04/19 10:58:15,1.20147,17.130,,
71,30/04/19 10:58:16,1.20147,17.130,,
72,30/04/19 10:58:17,1.20208,17.130,,
73,30/04/19 10:58:18,1.20208,17.153,,
74,30/04/19 10:58:19,1.20208,17.130,,
75,30/04/19 10:58:20,1.20147,17.130,,
76,30/04/19 10:58:21,1.20147,17.130,,
77,30/04/19 10:58:22,1.20208,17.130,,
78,30/04/19 10:58:23,1.20330,17.130,,
79,30/04/19 10:58:24,1.20208,17.153,,
80,30/04/19 10:58:25,1.20208,17.153,,
81,30/04/19 10:58:26,1.20208,17.130,,
82,30/04/19 10:58:27,1.20208,17.153,,
83,30/04/19 10:58:28,1.20269,17.130,,
84,30/04/19 10:58:29,1.20269,17.130,,
85,30/04/19 10:58:30,1.20085,17.106,,
86,30/04/19 10:58:31,1.20208,17.106,,
87,30/04/19 10:58:32,1.20147,17.153,,
88,30/04/19 10:58:33,1.20208,17.130,,
89,30/04/19 10:58:34,1.20269,17.130,,
90,30/04/19 10:58:35,1.20208,17.153,,
91,30/04/19 10:58:36,1.20208,17.130,,
92,30/04/19 10:58:37,1.20269,17.153,,
93,30/04/19 10:58:38,1.20208,17.130,,
94,30/04/19 10:58:39,1.20330,17.130,,
95,30/04/19 10:58:40,1.20269,17.130,,
96,30/04/19 10:58:41,1.20269,17.153,,
97,30/04/19 10:58:42,1.20208,17.106,,
98,30/04/19 10:58:43,1.20208,17.130,,
99,30/04/19 10:58:44,1.20208,17.130,,
100,30/04/19 10:58:45,1.20147,17.153,,
101,30/04/19 10:58:46,1.20269,17.153,,
102,30/04/19 10:58:47,1.20330,17.130,,
103,30/04/19 10:58:48,1.20269,17.153,,
104,30/04/19 10:58:49,1.20269,17.130,,
105,30/04/19 10:58:50,1.20208,17.130,,
106,30/04/19 10:58:51,1.20330,17.130,,
107,30/04/19 10:58:52,1.20269,17.130,,
108,30/04/19 10:58:53,1.20208,17.130,,
109,30/04/19 10:58:54,1.20147,17.130,,
110,30/04/19 10:58:55,1.20147,17.130,,
111,30/04/19 10:58:56,1.20147,17.153,,
112,30/04/19 10:58:57,1.20085,17.130,,
113,30/04/19 10:58:58,1.20208,17.153,,
114,30/04/19 10:58:59,1.20269,17.153,,
115,30/04/19 10:59:00,1.20208,17.153,,
116,30/04/19 10:59:01,1.20330,17.130,,
117,30/04/19 10:59:02,1.20208,17.153,,
118,30/04/19 10:59:03,1.20208,17.153,,
119,30/04/19 10:59:04,1.20330,17.130,,
120,30/04/19 10:59:05,1.20208,17.153,,
121,30/04/19 10:59:06,1.20208,17.130,,
122,30/04/19 10:59:07,1.20330,17.153,,
123,30/04/19 10:59:08,1.20208,17.130,,
124,30/04/19 10:59:09,1.19902,17.177,,
125,30/04/19 10:59:10,1.20085,17.153,,
126,30/04/19 10:59:11,1.19841,17.153,,
127,30/04/19 10:59:12,1.19414,17.153,,
128,30/04/19 10:59:13,1.19109,17.153,,
129,30/04/19 10:59:14,1.18864,17.153,,
130,30/04/19 10:59:15,1.18864,17.177,,
131,30/04/19 10:59:16,1.18620,17.153,,
132,30/04/19 10:59:17,1.18132,17.153,,
133,30/04/19 10:59:18,1.18132,17.153,,
134,30/04/19 10:59:19,1.18132,17.153,,
135,30/04/19 10:59:20,1.17949,17.153,,
136,30/04/19 10:59:21,1.18071,17.153,,
137,30/04/19 10:59:22,1.18132,17.153,,
138,30/04/19 10:59:23,1.18071,17.153,,
139,30/04/19 10:59:24,1.18132,17.153,,
140,30/04/19 10:59:25,1.17949,17.153,,
141,30/04/19 10:59:26,1.18193,17.153,,
142,30/04/19 10:59:27,1.18132,17.177,,
143,30/04/19 10:59:28,1.18071,17.153,,
144,30/04/19 10:59:29,1.18132,17.153,,
145,30/04/19 10:59:30,1.18193,17.153,,
146,30/04/19 10:59:31,1.18193,17.153,,
147,30/04/19 10:59:32,1.18071,17.153,,
148,30/04/19 10:59:33,1.18193,17.130,,
149,30/04/19 10:59:34,1.18132,17.130,,
150,30/04/19 10:59:35,1.18193,17.130,,
151,30/04/19 10:59:36,1.18010,17.130,,
152,30/04/19 10:59:37,1.18193,17.130,,
153,30/04/19 10:59:38,1.18132,17.130,,
154,30/04/19 10:59:39,1.18193,17.153,,
155,30/04/19 10:59:40,1.18010,17.153,,
156,30/04/19 10:59:41,1.18132,17.153,,
157,30/04/19 10:59:42,1.18071,17.130,,
158,30/04/19 10:59:43,1.17033,17.153,,
159,30/04/19 10:59:44,1.15507,17.130,,
160,30/04/19 10:59:45,1.15140,17.130,,
161,30/04/19 10:59:46,1.15201,17.153,,
162,30/04/19 10:59:47,1.15140,17.153,,
163,30/04/19 10:59:48,1.15263,17.130,,
164,30/04/19 10:59:49,1.15140,17.153,,
165,30/04/19 10:59:50,1.15263,17.130,,
166,30/04/19 10:59:51,1.15263,17.153,,
167,30/04/19 10:59:52,1.15201,17.130,,
168,30/04/19 10:59:53,1.15140,17.130,,
169,30/04/19 10:59:54,1.15201,17.130,,
170,30/04/19 10:59:55,1.15263,17.153,,
171,30/04/19 10:59:56,1.15201,17.130,,
172,30/04/19 10:59:57,1.15140,17.153,,
173,30/04/19 10:59:58,1.15140,17.153,,
174,30/04/19 10:59:59,1.15140,17.130,,
175,30/04/19 11:00:00,1.15201,17.130,,
176,30/04/19 11:00:01,1.15263,17.130,,
177,30/04/19 11:00:02,1.15140,17.153,,
178,30/04/19 11:00:03,1.15263,17.130,,
179,30/04/19 11:00:04,1.15201,17.130,,
180,30/04/19 11:00:05,1.15140,17.153,,
181,30/04/19 11:00:06,1.15263,17.153,,
182,30/04/19 11:00:07,1.15079,17.153,,
183,30/04/19 11:00:08,1.15140,17.153,,
184,30/04/19 11:00:09,1.15140,17.153,,
185,30/04/19 11:00:10,1.15201,17.130,,
186,30/04/19 11:00:11,1.15263,17.153,,
187,30/04/19 11:00:12,1.15201,17.153,,
188,30/04/19 11:00:13,1.15263,17.130,,
189,30/04/19 11:00:14,1.15263,17.153,,
190,30/04/19 11:00:15,1.15201,17.153,,
191,30/04/19 11:00:16,1.15263,17.130,,
192,30/04/19 11:00:17,1.15201,17.153,,
193,30/04/19 11:00:18,1.15140,17.177,,
194,30/04/19 11:00:19,1.15263,17.153,,
195,30/04/19 11:00:20,1.15201,17.177,,
196,30/04/19 11:00:21,1.15079,17.177,,
197,30/04/19 11:00:22,1.15324,17.153,,
198,30/04/19 11:00:23,1.15140,17.177,,
199,30/04/19 11:00:24,1.15201,17.177,,
200,30/04/19 11:00:25,1.15201,17.130,,
201,30/04/19 11:00:26,1.15201,17.153,,
202,30/04/19 11:00:27,1.15140,17.153,,
203,30/04/19 11:00:28,1.15201,17.177,,
204,30/04/19 11:00:29,1.15201,17.177,,
205,30/04/19 11:00:30,1.15079,17.177,,
206,30/04/19 11:00:31,1.15140,17.177,,
207,30/04/19 11:00:32,1.15263,17.177,,
208,30/04/19 11:00:33,1.15140,17.177,,
209,30/04/19 11:00:34,1.15140,17.153,,
210,30/04/19 11:00:35,1.15201,17.153,,
211,30/04/19 11:00:36,1.15324,17.153,,
212,30/04/19 11:00:37,1.15324,17.177,,
213,30/04/19 11:00:38,1.15201,17.130,,
214,30/04/19 11:00:39,1.15201,17.177,,
215,30/04/19 11:00:40,1.15263,17.177,,
216,30/04/19 11:00:41,1.15263,17.177,,
217,30/04/19 11:00:42,1.15263,17.177,,
218,30/04/19 11:00:43,1.15140,17.177,,
219,30/04/19 11:00:44,1.15201,17.177,,
220,30/04/19 11:00:45,1.15263,17.153,,
221,30/04/19 11:00:46,1.15201,17.153,,
222,30/04/19 11:00:47,1.15263,17.153,,
223,30/04/19 11:00:48,1.15324,17.130,,
224,30/04/19 11:00:49,1.15263,17.153,,
225,30/04/19 11:00:50,1.15263,17.153,,
226,30/04/19 11:00:51,1.15324,17.153,,
227,30/04/19 11:00:52,1.15263,17.177,,
228,30/04/19 11:00:53,1.15201,17.153,,
229,30/04/19 11:00:54,1.15140,17.177,,
230,30/04/19 11:00:55,1.15263,17.177,,
231,30/04/19 11:00:56,1.15201,17.153,,
232,30/04/19 11:00:57,1.15201,17.177,,
233,30/04/19 11:00:58,1.15263,17.177,,
234,30/04/19 11:00:59,1.15201,17.177,,
235,30/04/19 11:01:00,1.15201,17.177,,
236,30/04/19 11:01:01,1.15140,17.130,,
237,30/04/19 11:01:02,1.15140,17.153,,
238,30/04/19 11:01:03,1.15263,17.153,,
239,30/04/19 11:01:04,1.15324,17.153,,
240,30/04/19 11:01:05,1.15324,17.153,,
241,30/04/19 11:01:06,1.15079,17.153,,
242,30/04/19 11:01:07,1.15140,17.153,,
243,30/04/19 11:01:08,1.13553,17.177,,
244,30/04/19 11:01:09,1.12210,17.153,,
245,30/04/19 11:01:10,1.12210,17.153,,
246,30/04/19 11:01:11,1.11844,17.153,,
247,30/04/19 11:01:12,1.11783,17.153,,
248,30/04/19 11:01:13,1.11905,17.153,,
249,30/04/19 11:01:14,1.11844,17.130,,
250,30/04/19 11:01:15,1.11844,17.153,,
251,30/04/19 11:01:16,1.11905,17.130,,
252,30/04/19 11:01:17,1.11905,17.153,,
253,30/04/19 11:01:18,1.11905,17.153,,
254,30/04/19 11:01:19,1.11844,17.130,,
255,30/04/19 11:01:20,1.11844,17.153,,
256,30/04/19 11:01:21,1.11966,17.177,,
257,30/04/19 11:01:22,1.11844,17.153,,
258,30/04/19 11:01:23,1.11966,17.153,,
259,30/04/19 11:01:24,1.11905,17.177,,
260,30/04/19 11:01:25,1.11844,17.177,,
261,30/04/19 11:01:26,1.11905,17.177,,
262,30/04/19 11:01:27,1.11905,17.177,,
263,30/04/19 11:01:28,1.11844,17.153,,
264,30/04/19 11:01:29,1.11905,17.153,,
265,30/04/19 11:01:30,1.11905,17.177,,
266,30/04/19 11:01:31,1.11844,17.153,,
267,30/04/19 11:01:32,1.11722,17.153,,
268,30/04/19 11:01:33,1.11783,17.153,,
269,30/04/19 11:01:34,1.11722,17.153,,
270,30/04/19 11:01:35,1.11783,17.153,,
271,30/04/19 11:01:36,1.11844,17.130,,
272,30/04/19 11:01:37,1.11844,17.130,,
273,30/04/19 11:01:38,1.11844,17.130,,
274,30/04/19 11:01:39,1.11905,17.153,,
275,30/04/19 11:01:40,1.11905,17.153,,
276,30/04/19 11:01:41,1.11905,17.130,,
277,30/04/19 11:01:42,1.11966,17.130,,
278,30/04/19 11:01:43,1.11905,17.153,,
279,30/04/19 11:01:44,1.11905,17.153,,
280,30/04/19 11:01:45,1.11905,17.130,,
281,30/04/19 11:01:46,1.11844,17.153,,
282,30/04/19 11:01:47,1.11905,17.130,,
283,30/04/19 11:01:48,1.10134,17.153,,
284,30/04/19 11:01:49,1.09158,17.130,,
285,30/04/19 11:01:50,1.09035,17.130,,
286,30/04/19 11:01:51,1.08669,17.130,,
287,30/04/19 11:01:52,1.08669,17.153,,
288,30/04/19 11:01:53,1.08730,17.153,,
289,30/04/19 11:01:54,1.08669,17.130,,
290,30/04/19 11:01:55,1.08547,17.177,,
291,30/04/19 11:01:56,1.08486,17.153,,
292,30/04/19 11:01:57,1.08608,17.153,,
293,30/04/19 11:01:58,1.08669,17.153,,
294,30/04/19 11:01:59,1.08486,17.130,,
295,30/04/19 11:02:00,1.08669,17.153,,
296,30/04/19 11:02:01,1.08608,17.153,,
297,30/04/19 11:02:02,1.08669,17.130,,
298,30/04/19 11:02:03,1.08608,17.130,,
299,30/04/19 11:02:04,1.08730,17.130,,
300,30/04/19 11:02:05,1.08730,17.153,,
301,30/04/19 11:02:06,1.08608,17.130,,
302,30/04/19 11:02:07,1.08730,17.153,,
303,30/04/19 11:02:08,1.08730,17.153,,
304,30/04/19 11:02:09,1.08608,17.130,,
305,30/04/19 11:02:10,1.08059,17.153,,
306,30/04/19 11:02:11,1.06838,17.130,,
307,30/04/19 11:02:12,1.06044,17.130,,
308,30/04/19 11:02:13,1.05983,17.153,,
309,30/04/19 11:02:14,1.05556,17.153,,
310,30/04/19 11:02:15,1.05372,17.153,,
311,30/04/19 11:02:16,1.05311,17.153,,
312,30/04/19 11:02:17,1.05311,17.130,,
313,30/04/19 11:02:18,1.05311,17.153,,
314,30/04/19 11:02:19,1.05311,17.153,,
315,30/04/19 11:02:20,1.05311,17.153,,
316,30/04/19 11:02:21,1.05250,17.130,,
317,30/04/19 11:02:22,1.05250,17.153,,
318,30/04/19 11:02:23,1.05372,17.153,,
319,30/04/19 11:02:24,1.05372,17.153,,
320,30/04/19 11:02:25,1.05250,17.177,,
321,30/04/19 11:02:26,1.03724,17.177,,
322,30/04/19 11:02:27,1.02991,17.153,,
323,30/04/19 11:02:28,1.02076,17.130,,
324,30/04/19 11:02:29,1.01954,17.153,,
325,30/04/19 11:02:30,1.01954,17.130,,
326,30/04/19 11:02:31,1.01954,17.130,,
327,30/04/19 11:02:32,1.02015,17.153,,
328,30/04/19 11:02:33,1.01832,17.153,,
329,30/04/19 11:02:34,1.02076,17.153,,
330,30/04/19 11:02:35,1.01832,17.177,,
331,30/04/19 11:02:36,1.01954,17.153,,
332,30/04/19 11:02:37,1.01893,17.153,,
333,30/04/19 11:02:38,1.01832,17.130,,
334,30/04/19 11:02:39,1.01893,17.177,,
335,30/04/19 11:02:40,1.02015,17.130,,
336,30/04/19 11:02:41,1.01954,17.153,,
337,30/04/19 11:02:42,1.01770,17.130,,
338,30/04/19 11:02:43,1.01954,17.153,,
339,30/04/19 11:02:44,1.00061,17.130,,
340,30/04/19 11:02:45,0.99695,17.153,,
341,30/04/19 11:02:46,0.99267,17.130,,
342,30/04/19 11:02:47,0.98657,17.153,,
343,30/04/19 11:02:48,0.97619,17.153,,
344,30/04/19 11:02:49,0.98657,17.153,,
345,30/04/19 11:02:50,0.97619,17.153,,
346,30/04/19 11:02:51,0.97680,17.130,,
347,30/04/19 11:02:52,0.97741,17.153,,
348,30/04/19 11:02:53,0.97680,17.130,,
349,30/04/19 11:02:54,0.97802,17.130,,
350,30/04/19 11:02:55,0.97741,17.130,,
351,30/04/19 11:02:56,0.97619,17.153,,
352,30/04/19 11:02:57,0.97741,17.130,,
353,30/04/19 11:02:58,0.97802,17.106,,
354,30/04/19 11:02:59,0.97680,17.130,,
355,30/04/19 11:03:00,0.97741,17.130,,
356,30/04/19 11:03:01,0.97802,17.130,,
357,30/04/19 11:03:02,0.97741,17.106,,
358,30/04/19 11:03:03,0.97741,17.130,,
359,30/04/19 11:03:04,0.97741,17.130,,
360,30/04/19 11:03:05,0.97680,17.106,,
361,30/04/19 11:03:06,0.97741,17.130,,
362,30/04/19 11:03:07,0.97741,17.153,,
363,30/04/19 11:03:08,0.97680,17.130,,
364,30/04/19 11:03:09,0.97680,17.130,,
365,30/04/19 11:03:10,0.97741,17.130,,
366,30/04/19 11:03:11,0.95788,17.130,,
367,30/04/19 11:03:12,0.94994,17.130,,
368,30/04/19 11:03:13,0.95604,17.106,,
369,30/04/19 11:03:14,0.93162,17.130,,
370,30/04/19 11:03:15,0.94444,17.130,,
371,30/04/19 11:03:16,0.94628,17.106,,
372,30/04/19 11:03:17,0.94628,17.130,,
373,30/04/19 11:03:18,0.94628,17.106,,
374,30/04/19 11:03:19,0.94567,17.130,,
375,30/04/19 11:03:20,0.94628,17.130,,
376,30/04/19 11:03:21,0.94689,17.130,,
377,30/04/19 11:03:22,0.94567,17.106,,
378,30/04/19 11:03:23,0.94567,17.130,,
379,30/04/19 11:03:24,0.94628,17.130,,
380,30/04/19 11:03:25,0.94444,17.130,,
381,30/04/19 11:03:26,0.94444,17.106,,
382,30/04/19 11:03:27,0.94628,17.130,,
383,30/04/19 11:03:28,0.94567,17.130,,
384,30/04/19 11:03:29,0.94444,17.130,,
385,30/04/19 11:03:30,0.94628,17.106,,
386,30/04/19 11:03:31,0.94505,17.106,,
387,30/04/19 11:03:32,0.94567,17.106,,
388,30/04/19 11:03:33,0.94689,17.106,,
389,30/04/19 11:03:34,0.94567,17.106,,
390,30/04/19 11:03:35,0.94505,17.130,,
391,30/04/19 11:03:36,0.94505,17.130,,
392,30/04/19 11:03:37,0.89621,17.130,,
393,30/04/19 11:03:38,0.90781,17.130,,
394,30/04/19 11:03:39,0.91209,17.106,,
395,30/04/19 11:03:40,0.91026,17.153,,
396,30/04/19 11:03:41,0.90232,17.106,,
397,30/04/19 11:03:42,0.90293,17.106,,
398,30/04/19 11:03:43,0.91697,17.106,,
399,30/04/19 11:03:44,0.90415,17.130,,
400,30/04/19 11:03:45,0.90476,17.130,,
401,30/04/19 11:03:46,0.90415,17.130,,
402,30/04/19 11:03:47,0.90476,17.106,,
403,30/04/19 11:03:48,0.90537,17.130,,
404,30/04/19 11:03:49,0.90537,17.130,,
405,30/04/19 11:03:50,0.90537,17.130,,
406,30/04/19 11:03:51,0.90476,17.130,,
407,30/04/19 11:03:52,0.90476,17.106,,
408,30/04/19 11:03:53,0.90537,17.106,,
409,30/04/19 11:03:54,0.90476,17.106,,
410,30/04/19 11:03:55,0.90476,17.130,,
411,30/04/19 11:03:56,0.90537,17.130,,
412,30/04/19 11:03:57,0.90537,17.130,,
413,30/04/19 11:03:58,0.90415,17.106,,
414,30/04/19 11:03:59,0.90415,17.106,,
415,30/04/19 11:04:00,0.90598,17.130,,
416,30/04/19 11:04:01,0.90537,17.106,,
417,30/04/19 11:04:02,0.90476,17.130,,
418,30/04/19 11:04:03,0.90537,17.130,,
419,30/04/19 11:04:04,0.90476,17.130,,
420,30/04/19 11:04:05,0.90537,17.130,,
421,30/04/19 11:04:06,0.90476,17.130,,
422,30/04/19 11:04:07,0.90476,17.153,,
423,30/04/19 11:04:08,0.90598,17.130,,
424,30/04/19 11:04:09,0.90476,17.130,,
425,30/04/19 11:04:10,0.90598,17.130,,
426,30/04/19 11:04:11,0.90598,17.130,,
427,30/04/19 11:04:12,0.90476,17.130,,
428,30/04/19 11:04:13,0.90537,17.153,,
429,30/04/19 11:04:14,0.90537,17.106,,
430,30/04/19 11:04:15,0.90598,17.130,,
431,30/04/19 11:04:16,0.90537,17.130,,
432,30/04/19 11:04:17,0.90537,17.130,,
433,30/04/19 11:04:18,0.90476,17.130,,
434,30/04/19 11:04:19,0.90537,17.130,,
435,30/04/19 11:04:20,0.90476,17.130,,
436,30/04/19 11:04:21,0.90537,17.106,,
437,30/04/19 11:04:22,0.90415,17.106,,
438,30/04/19 11:04:23,0.90476,17.106,,
439,30/04/19 11:04:24,0.90537,17.106,,
440,30/04/19 11:04:25,0.90537,17.106,,
441,30/04/19 11:04:26,0.90415,17.106,,
442,30/04/19 11:04:27,0.90415,17.106,,
443,30/04/19 11:04:28,0.90537,17.130,,
444,30/04/19 11:04:29,0.90415,17.130,,
445,30/04/19 11:04:30,0.90476,17.082,,
446,30/04/19 11:04:31,0.90537,17.106,,
447,30/04/19 11:04:32,0.90537,17.106,,
448,30/04/19 11:04:33,0.90476,17.130,,
449,30/04/19 11:04:34,0.90537,17.106,,
450,30/04/19 11:04:35,0.90598,17.106,,
451,30/04/19 11:04:36,0.90598,17.106,,
452,30/04/19 11:04:37,0.90476,17.106,,
453,30/04/19 11:04:38,0.90476,17.106,,
454,30/04/19 11:04:39,0.90598,17.082,,
455,30/04/19 11:04:40,0.90415,17.082,,
456,30/04/19 11:04:41,0.90537,17.106,,
457,30/04/19 11:04:42,0.89133,17.082,,
458,30/04/19 11:04:43,0.85714,17.106,,
459,30/04/19 11:04:44,0.84737,17.106,,
460,30/04/19 11:04:45,0.84371,17.106,,
461,30/04/19 11:04:46,0.84554,17.106,,
462,30/04/19 11:04:47,0.83944,17.106,,
463,30/04/19 11:04:48,0.83883,17.106,,
464,30/04/19 11:04:49,0.84005,17.082,,
465,30/04/19 11:04:50,0.83883,17.082,,
466,30/04/19 11:04:51,0.84066,17.106,,
467,30/04/19 11:04:52,0.84005,17.082,,
468,30/04/19 11:04:53,0.83944,17.082,,
469,30/04/19 11:04:54,0.83944,17.082,,
470,30/04/19 11:04:55,0.83883,17.082,,
471,30/04/19 11:04:56,0.84005,17.058,,
472,30/04/19 11:04:57,0.84005,17.082,,
473,30/04/19 11:04:58,0.84066,17.058,,
474,30/04/19 11:04:59,0.84066,17.058,,
475,30/04/19 11:05:00,0.83944,17.082,,
476,30/04/19 11:05:01,0.83944,17.082,,
477,30/04/19 11:05:02,0.83883,17.082,,
478,30/04/19 11:05:03,0.83822,17.058,,
479,30/04/19 11:05:04,0.83883,17.058,,
480,30/04/19 11:05:05,0.84066,17.058,,
481,30/04/19 11:05:06,0.84066,17.058,,
482,30/04/19 11:05:07,0.83944,17.082,,
483,30/04/19 11:05:08,0.84005,17.058,,
484,30/04/19 11:05:09,0.83883,17.082,,
485,30/04/19 11:05:10,0.83944,17.082,,
486,30/04/19 11:05:11,0.83944,17.058,,
487,30/04/19 11:05:12,0.84005,17.034,,
488,30/04/19 11:05:13,0.84005,17.058,,
489,30/04/19 11:05:14,0.84005,17.082,,
490,30/04/19 11:05:15,0.83944,17.082,,
491,30/04/19 11:05:16,0.83944,17.058,,
492,30/04/19 11:05:17,0.84005,17.058,,
493,30/04/19 11:05:18,0.84066,17.058,,
494,30/04/19 11:05:19,0.84005,17.058,,
495,30/04/19 11:05:20,0.81929,17.058,,
496,30/04/19 11:05:21,0.82418,17.058,,
497,30/04/19 11:05:22,0.78510,17.034,,
498,30/04/19 11:05:23,0.78266,17.034,,
499,30/04/19 11:05:24,0.77839,17.034,,
500,30/04/19 11:05:25,0.77839,17.034,,
501,30/04/19 11:05:26,0.77839,17.034,,
502,30/04/19 11:05:27,0.77900,17.034,,
503,30/04/19 11:05:28,0.78022,17.034,,
504,30/04/19 11:05:29,0.77961,17.011,,
505,30/04/19 11:05:30,0.77839,17.034,,
506,30/04/19 11:05:31,0.77839,17.034,,
507,30/04/19 11:05:32,0.77900,17.034,,
508,30/04/19 11:05:33,0.77900,17.011,,
509,30/04/19 11:05:34,0.77900,17.011,,
510,30/04/19 11:05:35,0.78022,17.034,,
511,30/04/19 11:05:36,0.78022,17.011,,
512,30/04/19 11:05:37,0.77900,17.058,,
513,30/04/19 11:05:38,0.77900,17.058,,
514,30/04/19 11:05:39,0.77961,17.034,,
515,30/04/19 11:05:40,0.78022,17.034,,
516,30/04/19 11:05:41,0.77900,17.034,,
517,30/04/19 11:05:42,0.78083,17.034,,
518,30/04/19 11:05:43,0.77900,17.034,,
519,30/04/19 11:05:44,0.77900,17.034,,
520,30/04/19 11:05:45,0.77900,17.034,,
521,30/04/19 11:05:46,0.77289,17.011,,
522,30/04/19 11:05:47,0.75519,17.011,,
523,30/04/19 11:05:48,0.75153,17.034,,
524,30/04/19 11:05:49,0.75092,17.011,,
525,30/04/19 11:05:50,0.74969,17.011,,
526,30/04/19 11:05:51,0.74969,17.011,,
527,30/04/19 11:05:52,0.74969,17.034,,
528,30/04/19 11:05:53,0.74969,17.011,,
529,30/04/19 11:05:54,0.75031,16.987,,
530,30/04/19 11:05:55,0.75031,17.011,,
531,30/04/19 11:05:56,0.74969,17.011,,
532,30/04/19 11:05:57,0.74969,17.034,,
533,30/04/19 11:05:58,0.75092,17.011,,
534,30/04/19 11:05:59,0.75092,17.011,,
535,30/04/19 11:06:00,0.75031,17.011,,
536,30/04/19 11:06:01,0.75031,17.034,,
537,30/04/19 11:06:02,0.74908,17.011,,
538,30/04/19 11:06:03,0.74847,17.034,,
539,30/04/19 11:06:04,0.74908,17.011,,
540,30/04/19 11:06:05,0.75031,16.987,,
541,30/04/19 11:06:06,0.74908,16.987,,
542,30/04/19 11:06:07,0.75031,17.011,,
543,30/04/19 11:06:08,0.74969,17.034,,
544,30/04/19 11:06:09,0.74847,17.011,,
545,30/04/19 11:06:10,0.74969,16.987,,
546,30/04/19 11:06:11,0.75031,17.011,,
547,30/04/19 11:06:12,0.74969,17.034,,
548,30/04/19 11:06:13,0.74847,17.011,,
549,30/04/19 11:06:14,0.74847,16.987,,
550,30/04/19 11:06:15,0.74908,17.011,,
551,30/04/19 11:06:16,0.74908,16.987,,
552,30/04/19 11:06:17,0.75092,17.011,,
553,30/04/19 11:06:18,0.74908,17.011,,
554,30/04/19 11:06:19,0.74908,17.011,,
555,30/04/19 11:06:20,0.74969,17.011,,
556,30/04/19 11:06:21,0.74969,17.011,,
557,30/04/19 11:06:22,0.75031,17.011,,
558,30/04/19 11:06:23,0.75031,17.011,,
559,30/04/19 11:06:24,0.74908,17.011,,
560,30/04/19 11:06:25,0.75031,17.011,,
561,30/04/19 11:06:26,0.74969,17.011,,
562,30/04/19 11:06:27,0.74969,17.011,,
563,30/04/19 11:06:28,0.74908,17.011,,
564,30/04/19 11:06:29,0.75031,17.011,,
565,30/04/19 11:06:30,0.73626,17.011,,
566,30/04/19 11:06:31,0.71368,17.034,,
567,30/04/19 11:06:32,0.70452,16.987,,
568,30/04/19 11:06:33,0.70574,16.987,,
569,30/04/19 11:06:34,0.69963,17.011,,
570,30/04/19 11:06:35,0.70024,17.034,,
571,30/04/19 11:06:36,0.69963,17.011,,
572,30/04/19 11:06:37,0.70024,17.011,,
573,30/04/19 11:06:38,0.70085,16.987,,
574,30/04/19 11:06:39,0.70085,17.034,,
575,30/04/19 11:06:40,0.70147,17.034,,
576,30/04/19 11:06:41,0.70147,17.011,,
577,30/04/19 11:06:42,0.70024,17.011,,
578,30/04/19 11:06:43,0.70147,17.011,,
579,30/04/19 11:06:44,0.70147,17.034,,
580,30/04/19 11:06:45,0.70085,17.034,,
581,30/04/19 11:06:46,0.70085,17.011,,
582,30/04/19 11:06:47,0.70208,16.987,,
583,30/04/19 11:06:48,0.70208,17.034,,
584,30/04/19 11:06:49,0.70208,17.034,,
585,30/04/19 11:06:50,0.70147,17.011,,
586,30/04/19 11:06:51,0.70208,17.058,,
587,30/04/19 11:06:52,0.70085,17.034,,
588,30/04/19 11:06:53,0.70208,17.058,,
589,30/04/19 11:06:54,0.70208,17.058,,
590,30/04/19 11:06:55,0.70147,17.058,,
591,30/04/19 11:06:56,0.70147,17.058,,
592,30/04/19 11:06:57,0.70208,17.058,,
593,30/04/19 11:06:58,0.70208,17.034,,
594,30/04/19 11:06:59,0.70147,17.034,,
595,30/04/19 11:07:00,0.70208,17.058,,
596,30/04/19 11:07:01,0.70208,17.058,,
597,30/04/19 11:07:02,0.70208,17.082,,
598,30/04/19 11:07:03,0.70208,17.082,,
599,30/04/19 11:07:04,0.69170,17.058,,
600,30/04/19 11:07:05,0.63492,17.058,,
601,30/04/19 11:07:06,0.66361,17.082,,
602,30/04/19 11:07:07,0.65079,17.082,,
603,30/04/19 11:07:08,0.65079,17.058,,
604,30/04/19 11:07:09,0.65079,17.058,,
605,30/04/19 11:07:10,0.65079,17.082,,
606,30/04/19 11:07:11,0.65140,17.058,,
607,30/04/19 11:07:12,0.65079,17.082,,
608,30/04/19 11:07:13,0.65079,17.058,,
609,30/04/19 11:07:14,0.65079,17.082,,
610,30/04/19 11:07:15,0.64042,17.082,,
611,30/04/19 11:07:16,0.63492,17.058,,
612,30/04/19 11:07:17,0.63492,17.058,,
613,30/04/19 11:07:18,0.63431,17.058,,
614,30/04/19 11:07:19,0.63492,17.058,,
615,30/04/19 11:07:20,0.63492,17.082,,
616,30/04/19 11:07:21,0.63492,17.082,,
617,30/04/19 11:07:22,0.63492,17.058,,
618,30/04/19 11:07:23,0.63492,17.082,,
619,30/04/19 11:07:24,0.63492,17.082,,
620,30/04/19 11:07:25,0.63431,17.082,,
621,30/04/19 11:07:26,0.63431,17.058,,
622,30/04/19 11:07:27,0.63492,17.082,,
623,30/04/19 11:07:28,0.63431,17.106,,
624,30/04/19 11:07:29,0.63492,17.082,,
625,30/04/19 11:07:30,0.63431,17.106,,
626,30/04/19 11:07:31,0.63492,17.082,,
627,30/04/19 11:07:32,0.63492,17.082,,
628,30/04/19 11:07:33,0.63492,17.082,,
629,30/04/19 11:07:34,0.63492,17.106,,
630,30/04/19 11:07:35,0.63492,17.106,,
631,30/04/19 11:07:36,0.63492,17.106,,
632,30/04/19 11:07:37,0.63492,17.082,,
633,30/04/19 11:07:38,0.63492,17.082,,
634,30/04/19 11:07:39,0.63492,17.106,,
635,30/04/19 11:07:40,0.63492,17.106,,
636,30/04/19 11:07:41,0.63492,17.082,,
637,30/04/19 11:07:42,0.63492,17.106,,
638,30/04/19 11:07:43,0.63492,17.082,,
639,30/04/19 11:07:44,0.63431,17.130,,
640,30/04/19 11:07:45,0.63492,17.106,,
641,30/04/19 11:07:46,0.63492,17.106,,
642,30/04/19 11:07:47,0.63492,17.106,,
643,30/04/19 11:07:48,0.63492,17.130,,
644,30/04/19 11:07:49,0.63492,17.130,,
645,30/04/19 11:07:50,0.63492,17.106,,
646,30/04/19 11:07:51,0.63492,17.130,,
647,30/04/19 11:07:52,0.63492,17.106,,
648,30/04/19 11:07:53,0.63492,17.106,,
649,30/04/19 11:07:54,0.63492,17.130,,
650,30/04/19 11:07:55,0.63492,17.106,,
651,30/04/19 11:07:56,0.63492,17.106,,
652,30/04/19 11:07:57,0.63492,17.106,,
653,30/04/19 11:07:58,0.63492,17.130,,
654,30/04/19 11:07:59,0.63492,17.106,,
655,30/04/19 11:08:00,0.63492,17.130,,
656,30/04/19 11:08:01,0.63492,17.106,,
657,30/04/19 11:08:02,0.63492,17.130,,
658,30/04/19 11:08:03,0.63492,17.106,,
659,30/04/19 11:08:04,0.63492,17.106,,
660,30/04/19 11:08:05,0.63492,17.130,,
661,30/04/19 11:08:06,0.63492,17.082,,
662,30/04/19 11:08:07,0.63492,17.130,,
663,30/04/19 11:08:08,0.63492,17.130,,
664,30/04/19 11:08:09,0.63492,17.130,,
665,30/04/19 11:08:10,0.63492,17.106,,
666,30/04/19 11:08:11,0.63492,17.106,,
667,30/04/19 11:08:12,0.63492,17.106,,
668,30/04/19 11:08:13,0.63492,17.106,,
669,30/04/19 11:08:14,0.63492,17.130,,
670,30/04/19 11:08:15,0.63492,17.106,,
671,30/04/19 11:08:16,0.63492,17.106,,
672,30/04/19 11:08:17,0.63492,17.106,,
673,30/04/19 11:08:18,0.63492,17.130,,
674,30/04/19 11:08:19,0.63492,17.106,,
675,30/04/19 11:08:20,0.63492,17.106,,
676,30/04/19 11:08:21,0.63492,17.130,,
677,30/04/19 11:08:22,0.63492,17.130,,
678,30/04/19 11:08:23,0.63492,17.130,,
679,30/04/19 11:08:24,0.63492,17.130,,
680,30/04/19 11:08:25,0.63492,17.130,,
681,30/04/19 11:08:26,0.63492,17.153,,
682,30/04/19 11:08:27,0.63492,17.130,,
683,30/04/19 11:08:28,0.63492,17.130,,
684,30/04/19 11:08:29,0.63492,17.153,,
685,30/04/19 11:08:30,0.63492,17.130,,
686,30/04/19 11:08:31,0.63492,17.130,,
687,30/04/19 11:08:32,0.63492,17.106,,
688,30/04/19 11:08:33,0.63492,17.130,,
689,30/04/19 11:08:34,0.63492,17.153,,
690,30/04/19 11:08:35,0.63492,17.153,,
691,30/04/19 11:08:36,0.63492,17.153,,
692,30/04/19 11:08:37,0.63492,17.153,,
693,30/04/19 11:08:38,0.63492,17.153,,
694,30/04/19 11:08:39,0.63492,17.153,,
695,30/04/19 11:08:40,0.63492,17.153,,
696,30/04/19 11:08:41,0.63431,17.153,,
697,30/04/19 11:08:42,0.63492,17.153,,
698,30/04/19 11:08:43,0.63431,17.153,,
699,30/04/19 11:08:44,0.63492,17.153,,
700,30/04/19 11:08:45,0.63492,17.177,,
701,30/04/19 11:08:46,0.63492,17.153,,
702,30/04/19 11:08:47,0.63492,17.153,,
703,30/04/19 11:08:48,0.63492,17.153,,
704,30/04/19 11:08:49,0.63492,17.153,,
705,30/04/19 11:08:50,0.63492,17.130,,
706,30/04/19 11:08:51,0.63492,17.153,,
707,30/04/19 11:08:52,0.63492,17.130,,
708,30/04/19 11:08:53,0.63492,17.153,,
709,30/04/19 11:08:54,0.63492,17.153,,
710,30/04/19 11:08:55,0.63492,17.153,,
711,30/04/19 11:08:56,0.63492,17.153,,
712,30/04/19 11:08:57,0.63492,17.130,,
713,30/04/19 11:08:58,0.63492,17.153,,
714,30/04/19 11:08:59,0.63492,17.153,,
715,30/04/19 11:09:00,0.63492,17.153,,
716,30/04/19 11:09:01,0.63492,17.177,,
717,30/04/19 11:09:02,0.63492,17.153,,
718,30/04/19 11:09:03,0.63492,17.153,,
719,30/04/19 11:09:04,0.63492,17.153,,
720,30/04/19 11:09:05,0.63492,17.153,,
721,30/04/19 11:09:06,0.63492,17.153,,
722,30/04/19 11:09:07,0.63492,17.130,,
723,30/04/19 11:09:08,0.63492,17.153,,
724,30/04/19 11:09:09,0.63492,17.106,,
725,30/04/19 11:09:10,0.63492,17.153,,
726,30/04/19 11:09:11,0.63492,17.153,,
727,30/04/19 11:09:12,0.63492,17.106,,
728,30/04/19 11:09:13,0.63492,17.130,,
729,30/04/19 11:09:14,0.63492,17.153,,
730,30/04/19 11:09:15,0.63492,17.106,,
731,30/04/19 11:09:16,0.63492,17.130,,
732,30/04/19 11:09:17,0.63492,17.130,,
733,30/04/19 11:09:18,0.63492,17.130,,
734,30/04/19 11:09:19,0.63492,17.106,,
735,30/04/19 11:09:20,0.63492,17.106,,
736,30/04/19 11:09:21,0.63492,17.130,,
737,30/04/19 11:09:22,0.63492,17.130,,
738,30/04/19 11:09:23,0.63492,17.106,,
739,30/04/19 11:09:24,0.63492,17.130,,
740,30/04/19 11:09:25,0.63431,17.130,,
741,30/04/19 11:09:26,0.63492,17.130,,
742,30/04/19 11:09:27,0.63492,17.130,,
743,30/04/19 11:09:28,0.63431,17.130,,
744,30/04/19 11:09:29,0.63431,17.130,,
745,30/04/19 11:09:30,0.63492,17.106,,
746,30/04/19 11:09:31,0.63492,17.106,,
747,30/04/19 11:09:32,0.63492,17.082,,
748,30/04/19 11:09:33,0.63492,17.130,,
749,30/04/19 11:09:34,0.63492,17.130,,
750,30/04/19 11:09:35,0.63492,17.130,,
751,30/04/19 11:09:36,0.63492,17.106,,
752,30/04/19 11:09:37,0.63492,17.082,,
753,30/04/19 11:09:38,0.63492,17.106,,
754,30/04/19 11:09:39,0.63492,17.130,,
755,30/04/19 11:09:40,0.63492,17.106,,
756,30/04/19 11:09:41,0.63492,17.106,,
757,30/04/19 11:09:42,0.63492,17.130,,
758,30/04/19 11:09:43,0.63492,17.130,,
759,30/04/19 11:09:44,0.63492,17.130,,
760,30/04/19 11:09:45,0.63492,17.082,,
761,30/04/19 11:09:46,0.63492,17.153,,
762,30/04/19 11:09:47,0.63492,17.130,,
763,30/04/19 11:09:48,0.63492,17.130,,
764,30/04/19 11:09:49,0.63492,17.130,,
765,30/04/19 11:09:50,0.63492,17.130,,
766,30/04/19 11:09:51,0.63492,17.153,,
767,30/04/19 11:09:52,0.63492,17.130,,
768,30/04/19 11:09:53,0.63492,17.130,,
769,30/04/19 11:09:54,0.63492,17.153,,
770,30/04/19 11:09:55,0.63492,17.153,,
771,30/04/19 11:09:56,0.63492,17.153,,
772,30/04/19 11:09:57,0.63492,17.153,,
773,30/04/19 11:09:58,0.63492,17.106,,
774,30/04/19 11:09:59,0.63492,17.153,,
775,30/04/19 11:10:00,0.63492,17.130,,
776,30/04/19 11:10:01,0.63492,17.153,,
777,30/04/19 11:10:02,0.63492,17.082,,
778,30/04/19 11:10:03,0.63492,17.153,,
779,30/04/19 11:10:04,0.63492,17.153,,
780,30/04/19 11:10:05,0.63492,17.130,,
781,30/04/19 11:10:06,0.63492,17.106,,
782,30/04/19 11:10:07,0.63492,17.153,,
783,30/04/19 11:10:08,0.63492,17.153,,
784,30/04/19 11:10:09,0.63492,17.130,,
785,30/04/19 11:10:10,0.63492,17.130,,
786,30/04/19 11:10:11,0.63492,17.153,,
787,30/04/19 11:10:12,0.63492,17.130,,
788,30/04/19 11:10:13,0.63492,17.153,,
789,30/04/19 11:10:14,0.63492,17.153,,
790,30/04/19 11:10:15,0.63492,17.153,,
791,30/04/19 11:10:16,0.63492,17.153,,
792,30/04/19 11:10:17,0.63492,17.177,,
793,30/04/19 11:10:18,0.63492,17.130,,
794,30/04/19 11:10:19,0.63492,17.153,,
795,30/04/19 11:10:20,0.63492,17.153,,
796,30/04/19 11:10:21,0.63492,17.153,,
797,30/04/19 11:10:22,0.63492,17.177,,
798,30/04/19 11:10:23,0.63492,17.177,,
799,30/04/19 11:10:24,0.63431,17.153,,
800,30/04/19 11:10:25,0.63492,17.177,,
801,30/04/19 11:10:26,0.63492,17.177,,
802,30/04/19 11:10:27,0.63492,17.153,,
803,30/04/19 11:10:28,0.63492,17.177,,
804,30/04/19 11:10:29,0.63492,17.153,,
805,30/04/19 11:10:30,0.63492,17.153,,
806,30/04/19 11:10:31,0.63492,17.153,,
807,30/04/19 11:10:32,0.63492,17.177,,
808,30/04/19 11:10:33,0.63492,17.177,,
809,30/04/19 11:10:34,0.63492,17.177,,
810,30/04/19 11:10:35,0.72344,17.177,,
811,30/04/19 11:10:36,0.81258,17.177,,
812,30/04/19 11:10:37,0.83761,17.177,,
813,30/04/19 11:10:38,0.96398,17.201,,
814,30/04/19 11:10:39,1.07814,17.153,,
815,30/04/19 11:10:40,1.09768,17.153,,
816,30/04/19 11:10:41,1.12088,17.177,,
817,30/04/19 11:10:42,1.11966,17.177,,
818,30/04/19 11:10:43,1.12088,17.177,,
819,30/04/19 11:10:44,1.11783,17.177,,
820,30/04/19 11:10:45,1.11905,17.177,,
821,30/04/19 11:10:46,1.09463,17.177,,
822,30/04/19 11:10:47,1.14896,17.201,,
823,30/04/19 11:10:48,1.17216,17.177,,
824,30/04/19 11:10:49,1.18071,17.177,,
825,30/04/19 11:10:50,1.18498,17.177,,
826,30/04/19 11:10:51,1.18315,17.201,,
827,30/04/19 11:10:52,1.18376,17.177,,
828,30/04/19 11:10:53,1.18315,17.177,,
829,30/04/19 11:10:54,1.18376,17.201,,
830,30/04/19 11:10:55,1.18254,17.201,,
831,30/04/19 11:10:56,1.18376,17.201,,
832,30/04/19 11:10:57,1.18437,17.201,,
833,30/04/19 11:10:58,1.18376,17.201,,
834,30/04/19 11:10:59,1.18376,17.201,,
835,30/04/19 11:11:00,1.18376,17.201,,
836,30/04/19 11:11:01,1.18315,17.201,,
837,30/04/19 11:11:02,1.18376,17.153,,
838,30/04/19 11:11:03,1.18559,17.153,,
839,30/04/19 11:11:04,1.18376,17.201,,
840,30/04/19 11:11:05,1.18315,17.177,,
841,30/04/19 11:11:06,1.18437,17.177,,
842,30/04/19 11:11:07,1.18681,17.177,,
843,30/04/19 11:11:08,1.18559,17.201,,
844,30/04/19 11:11:09,1.18559,17.201,,
845,30/04/19 11:11:10,1.18498,17.201,,
846,30/04/19 11:11:11,1.18437,17.177,,
847,30/04/19 11:11:12,1.18559,17.201,,
848,30/04/19 11:11:13,1.18498,17.201,,
849,30/04/19 11:11:14,1.18681,17.177,,
850,30/04/19 11:11:15,1.18498,17.177,,
851,30/04/19 11:11:16,1.18254,17.177,,
852,30/04/19 11:11:17,1.18926,17.201,,
853,30/04/19 11:11:18,1.18681,17.177,,
854,30/04/19 11:11:19,1.18620,17.177,,
855,30/04/19 11:11:20,1.18620,17.153,,
856,30/04/19 11:11:21,1.18559,17.153,,
857,30/04/19 11:11:22,1.18620,17.153,,
858,30/04/19 11:11:23,1.18620,17.130,,
859,30/04/19 11:11:24,1.18498,17.153,,
860,30/04/19 11:11:25,1.18681,17.153,,
861,30/04/19 11:11:26,1.18498,17.153,,
862,30/04/19 11:11:27,1.18559,17.153,,
863,30/04/19 11:11:28,1.18620,17.130,,
864,30/04/19 11:11:29,1.18620,17.106,,
865,30/04/19 11:11:30,1.18620,17.106,,
866,30/04/19 11:11:31,1.18620,17.130,,
867,30/04/19 11:11:32,1.18681,17.130,,
868,30/04/19 11:11:33,1.18681,17.106,,
869,30/04/19 11:11:34,1.18620,17.130,,
870,30/04/19 11:11:35,1.18010,17.130,,
871,30/04/19 11:11:36,1.18437,17.130,,
872,30/04/19 11:11:37,1.18498,17.106,,
873,30/04/19 11:11:38,1.18193,17.106,,
874,30/04/19 11:11:39,1.18498,17.130,,
875,30/04/19 11:11:40,1.18803,17.130,,
876,30/04/19 11:11:41,1.21245,17.106,,
877,30/04/19 11:11:42,1.18620,17.106,,
878,30/04/19 11:11:43,1.18559,17.130,,
879,30/04/19 11:11:44,1.18559,17.106,,
880,30/04/19 11:11:45,1.18926,17.130,,
881,30/04/19 11:11:46,1.18559,17.106,,
882,30/04/19 11:11:47,1.18498,17.106,,
883,30/04/19 11:11:48,1.18498,17.130,,
884,30/04/19 11:11:49,1.18681,17.106,,
885,30/04/19 11:11:50,1.18620,17.130,,
886,30/04/19 11:11:51,1.20024,17.130,,
887,30/04/19 11:11:52,1.18620,17.106,,
888,30/04/19 11:11:53,1.17827,17.106,,
889,30/04/19 11:11:54,1.18681,17.130,,
890,30/04/19 11:11:55,1.18376,17.106,,
891,30/04/19 11:11:56,1.18620,17.153,,
892,30/04/19 11:11:57,1.18498,17.130,,
893,30/04/19 11:11:58,1.18620,17.130,,
894,30/04/19 11:11:59,1.18376,17.130,,
895,30/04/19 11:12:00,1.18620,17.130,,
896,30/04/19 11:12:01,1.18498,17.130,,
897,30/04/19 11:12:02,1.18559,17.130,,
898,30/04/19 11:12:03,1.18620,17.106,,
899,30/04/19 11:12:04,1.18620,17.106,,
900,30/04/19 11:12:05,1.18620,17.106,,
901,30/04/19 11:12:06,1.18559,17.106,,
902,30/04/19 11:12:07,1.18498,17.082,,
903,30/04/19 11:12:08,1.18620,17.130,,
904,30/04/19 11:12:09,1.18559,17.130,,
905,30/04/19 11:12:10,1.18498,17.130,,
906,30/04/19 11:12:11,1.18498,17.130,,
907,30/04/19 11:12:12,1.18437,17.106,,
908,30/04/19 11:12:13,1.18559,17.153,,
909,30/04/19 11:12:14,1.18498,17.153,,
910,30/04/19 11:12:15,1.18620,17.130,,
911,30/04/19 11:12:16,1.18376,17.130,,
912,30/04/19 11:12:17,1.18559,17.130,,
913,30/04/19 11:12:18,1.18559,17.130,,
914,30/04/19 11:12:19,1.18559,17.130,,
915,30/04/19 11:12:20,1.18559,17.106,,
916,30/04/19 11:12:21,1.18559,17.130,,
917,30/04/19 11:12:22,1.18498,17.130,,
918,30/04/19 11:12:23,1.18498,17.153,,
919,30/04/19 11:12:24,1.18437,17.130,,
920,30/04/19 11:12:25,1.18498,17.130,,
921,30/04/19 11:12:26,1.18498,17.130,,
922,30/04/19 11:12:27,1.18620,17.130,,
923,30/04/19 11:12:28,1.18559,17.106,,
924,30/04/19 11:12:29,1.18498,17.130,,
925,30/04/19 11:12:30,1.18620,17.106,,
926,30/04/19 11:12:31,1.18620,17.106,,
927,30/04/19 11:12:32,1.18559,17.082,,
928,30/04/19 11:12:33,1.18620,17.082,,
929,30/04/19 11:12:34,1.18620,17.106,,
930,30/04/19 11:12:35,1.18620,17.082,,
931,30/04/19 11:12:36,1.18498,17.082,,
932,30/04/19 11:12:37,1.18681,17.082,,
933,30/04/19 11:12:38,1.18559,17.082,,
934,30/04/19 11:12:39,1.18559,17.082,,
935,30/04/19 11:12:40,1.18620,17.058,,
936,30/04/19 11:12:41,1.18498,17.058,,
937,30/04/19 11:12:42,1.18559,17.082,,
938,30/04/19 11:12:43,1.18559,17.106,,
939,30/04/19 11:12:44,1.18498,17.082,,
940,30/04/19 11:12:45,1.18620,17.082,,
941,30/04/19 11:12:46,1.18681,17.082,,
942,30/04/19 11:12:47,1.18620,17.082,,
943,30/04/19 11:12:48,1.18559,17.082,,
944,30/04/19 11:12:49,1.18620,17.082,,
945,30/04/19 11:12:50,1.18620,17.106,,
946,30/04/19 11:12:51,1.18498,17.082,,
947,30/04/19 11:12:52,1.18620,17.058,,
948,30/04/19 11:12:53,1.18620,17.082,,
949,30/04/19 11:12:54,1.18681,17.106,,
950,30/04/19 11:12:55,1.18498,17.106,,
951,30/04/19 11:12:56,1.18498,17.082,,
952,30/04/19 11:12:57,1.18498,17.106,,
953,30/04/19 11:12:58,1.18559,17.106,,
954,30/04/19 11:12:59,1.18437,17.106,,
955,30/04/19 11:13:00,1.18559,17.106,,
956,30/04/19 11:13:01,1.18498,17.106,,
957,30/04/19 11:13:02,1.18620,17.082,,
958,30/04/19 11:13:03,1.18620,17.082,,
959,30/04/19 11:13:04,1.18559,17.106,,
960,30/04/19 11:13:05,1.18620,17.082,,
961,30/04/19 11:13:06,1.18620,17.106,,
962,30/04/19 11:13:07,1.18498,17.130,,
963,30/04/19 11:13:08,1.18559,17.106,,
964,30/04/19 11:13:09,1.18559,17.106,,
965,30/04/19 11:13:10,1.18559,17.106,,
966,30/04/19 11:13:11,1.18620,17.106,,
967,30/04/19 11:13:12,1.18681,17.106,,
968,30/04/19 11:13:13,1.18559,17.082,,
969,30/04/19 11:13:14,1.18559,17.106,,
970,30/04/19 11:13:15,1.18559,17.106,,
971,30/04/19 11:13:16,1.18498,17.082,,
972,30/04/19 11:13:17,1.18620,17.082,,
973,30/04/19 11:13:18,1.18620,17.106,,
974,30/04/19 11:13:19,1.18559,17.058,,
975,30/04/19 11:13:20,1.18498,17.082,,
976,30/04/19 11:13:21,1.18559,17.106,,
977,30/04/19 11:13:22,1.18376,17.082,,
978,30/04/19 11:13:23,1.18498,17.106,,
979,30/04/19 11:13:24,1.18559,17.082,,
980,30/04/19 11:13:25,1.18437,17.106,,
981,30/04/19 11:13:26,1.18498,17.106,,
982,30/04/19 11:13:27,1.18498,17.082,,
983,30/04/19 11:13:28,1.18559,17.106,,
984,30/04/19 11:13:29,1.18681,17.106,,
985,30/04/19 11:13:30,1.18620,17.082,,
986,30/04/19 11:13:31,1.18559,17.106,,
987,30/04/19 11:13:32,1.18437,17.106,,
988,30/04/19 11:13:33,1.18315,17.106,,
989,30/04/19 11:13:34,1.18559,17.130,,
990,30/04/19 11:13:35,1.18437,17.106,,
991,30/04/19 11:13:36,1.18620,17.130,,
992,30/04/19 11:13:37,1.18559,17.106,,
993,30/04/19 11:13:38,1.18559,17.106,,
994,30/04/19 11:13:39,1.18498,17.106,,
995,30/04/19 11:13:40,1.18559,17.082,,
996,30/04/19 11:13:41,1.18559,17.130,,
997,30/04/19 11:13:42,1.18559,17.082,,
998,30/04/19 11:13:43,1.18620,17.106,,
999,30/04/19 11:13:44,1.18498,17.106,,
1000,30/04/19 11:13:45,1.18620,17.106,,
1001,30/04/19 11:13:46,1.18498,17.106,,
1002,30/04/19 11:13:47,1.18559,17.130,,
1003,30/04/19 11:13:48,1.18498,17.106,,
1004,30/04/19 11:13:49,1.18437,17.106,,
1005,30/04/19 11:13:50,1.18498,17.130,,
1006,30/04/19 11:13:51,1.18498,17.130,,
1007,30/04/19 11:13:52,1.18559,17.130,,
1008,30/04/19 11:13:53,1.18498,17.106,,
1009,30/04/19 11:13:54,1.18559,17.130,,
1010,30/04/19 11:13:55,1.18620,17.106,,
1011,30/04/19 11:13:56,1.18376,17.130,,
1012,30/04/19 11:13:57,1.18498,17.106,,
1013,30/04/19 11:13:58,1.18559,17.106,,
1014,30/04/19 11:13:59,1.18498,17.106,,
1015,30/04/19 11:14:00,1.18498,17.153,,
1016,30/04/19 11:14:01,1.18559,17.130,,
1017,30/04/19 11:14:02,1.18559,17.106,,
1018,30/04/19 11:14:03,1.18620,17.106,,
1019,30/04/19 11:14:04,1.18620,17.130,,
1020,30/04/19 11:14:05,1.18498,17.106,,
1021,30/04/19 11:14:06,1.18559,17.082,,
1022,30/04/19 11:14:07,1.18498,17.130,,
1023,30/04/19 11:14:08,1.18559,17.130,,
1024,30/04/19 11:14:09,1.18559,17.153,,
1025,30/04/19 11:14:10,1.18437,17.130,,
1026,30/04/19 11:14:11,1.18559,17.130,,
1027,30/04/19 11:14:12,1.18620,17.130,,
1028,30/04/19 11:14:13,1.18620,17.153,,
1029,30/04/19 11:14:14,1.18559,17.130,,
1030,30/04/19 11:14:15,1.18620,17.153,,
1031,30/04/19 11:14:16,1.18559,17.153,,
1032,30/04/19 11:14:17,1.18620,17.153,,
1033,30/04/19 11:14:18,1.18498,17.153,,
1034,30/04/19 11:14:19,1.18437,17.130,,
1035,30/04/19 11:14:20,1.18498,17.153,,
1036,30/04/19 11:14:21,1.18559,17.153,,
1037,30/04/19 11:14:22,1.18437,17.130,,
1038,30/04/19 11:14:23,1.18498,17.153,,
1039,30/04/19 11:14:24,1.18864,17.153,,
1040,30/04/19 11:14:25,1.18376,17.153,,
1041,30/04/19 11:14:26,1.18315,17.106,,
1042,30/04/19 11:14:27,1.18620,17.153,,
1043,30/04/19 11:14:28,1.18681,17.153,,
1044,30/04/19 11:14:29,1.18742,17.153,,
1045,30/04/19 11:14:30,1.18498,17.153,,
1046,30/04/19 11:14:31,1.18437,17.177,,
1047,30/04/19 11:14:32,1.18559,17.177,,
1048,30/04/19 11:14:33,1.18620,17.153,,
1049,30/04/19 11:14:34,1.18620,17.153,,
1050,30/04/19 11:14:35,1.18559,17.177,,
1051,30/04/19 11:14:36,1.18559,17.177,,
1052,30/04/19 11:14:37,1.18681,17.153,,
1053,30/04/19 11:14:38,1.18559,17.177,,
1054,30/04/19 11:14:39,1.18559,17.153,,
1055,30/04/19 11:14:40,1.18620,17.153,,
1056,30/04/19 11:14:41,1.18620,17.177,,
1057,30/04/19 11:14:42,1.18681,17.153,,
1058,30/04/19 11:14:43,1.18620,17.177,,
1059,30/04/19 11:14:44,1.18498,17.177,,
1060,30/04/19 11:14:45,1.18559,17.201,,
1061,30/04/19 11:14:46,1.18437,17.177,,
1062,30/04/19 11:14:47,1.18559,17.177,,
1063,30/04/19 11:14:48,1.18498,17.201,,
1064,30/04/19 11:14:49,1.18620,17.177,,
1065,30/04/19 11:14:50,1.18559,17.177,,
1066,30/04/19 11:14:51,1.18498,17.177,,
1067,30/04/19 11:14:52,1.18559,17.153,,
1068,30/04/19 11:14:53,1.18620,17.177,,
1069,30/04/19 11:14:54,1.18498,17.177,,
1070,30/04/19 11:14:55,1.18498,17.177,,
1071,30/04/19 11:14:56,1.18559,17.177,,
1072,30/04/19 11:14:57,1.18559,17.201,,
1073,30/04/19 11:14:58,1.18559,17.177,,
1074,30/04/19 11:14:59,1.18437,17.153,,
1075,30/04/19 11:15:00,1.18498,17.153,,
1076,30/04/19 11:15:01,1.18437,17.153,,
1077,30/04/19 11:15:02,1.18620,17.177,,
1078,30/04/19 11:15:03,1.18437,17.177,,
1079,30/04/19 11:15:04,1.18498,17.201,,
1080,30/04/19 11:15:05,1.18559,17.177,,
1081,30/04/19 11:15:06,1.18498,17.177,,
1082,30/04/19 11:15:07,1.18559,17.153,,
1083,30/04/19 11:15:08,1.18376,17.177,,
1084,30/04/19 11:15:09,1.18559,17.177,,
1085,30/04/19 11:15:10,1.18559,17.177,,
1086,30/04/19 11:15:11,1.18620,17.177,,
1087,30/04/19 11:15:12,1.18559,17.177,,
1088,30/04/19 11:15:13,1.18559,17.153,,
1089,30/04/19 11:15:14,1.18620,17.153,,
1090,30/04/19 11:15:15,1.18376,17.153,,
1091,30/04/19 11:15:16,1.18437,17.177,,
1092,30/04/19 11:15:17,1.18498,17.153,,
1093,30/04/19 11:15:18,1.18437,17.153,,
1094,30/04/19 11:15:19,1.18559,17.177,,
1095,30/04/19 11:15:20,1.18498,17.153,,
1096,30/04/19 11:15:21,1.18437,17.153,,
1097,30/04/19 11:15:22,1.18742,17.130,,
1098,30/04/19 11:15:23,1.19353,17.130,,
1099,30/04/19 11:15:24,1.19536,17.106,,
1100,30/04/19 11:15:25,1.21612,17.106,,
1101,30/04/19 11:15:26,1.20147,17.106,,
1102,30/04/19 11:15:27,1.20269,17.082,,
1103,30/04/19 11:15:28,1.20208,17.082,,
1104,30/04/19 11:15:29,1.20391,17.058,,
1105,30/04/19 11:15:30,1.20269,17.034,,
1106,30/04/19 11:15:31,1.20330,17.034,,
1107,30/04/19 11:15:32,1.20391,17.034,,
1108,30/04/19 11:15:33,1.20330,17.034,,
1109,30/04/19 11:15:34,1.20269,17.034,,
1110,30/04/19 11:15:35,1.20269,17.011,,
1111,30/04/19 11:15:36,1.20391,17.011,,
1112,30/04/19 11:15:37,1.20391,16.987,,
1113,30/04/19 11:15:38,1.20330,17.011,,
1114,30/04/19 11:15:39,1.20452,16.987,,
1115,30/04/19 11:15:40,1.20330,16.987,,
1116,30/04/19 11:15:41,1.20330,16.939,,
1117,30/04/19 11:15:42,1.20330,16.963,,
1118,30/04/19 11:15:43,1.21368,16.963,,
1119,30/04/19 11:15:44,1.22039,16.963,,
1120,30/04/19 11:15:45,1.23016,16.963,,
1121,30/04/19 11:15:46,1.22527,16.987,,
1122,30/04/19 11:15:47,1.22527,16.987,,
1123,30/04/19 11:15:48,1.22589,16.963,,
1124,30/04/19 11:15:49,1.22955,16.987,,
1125,30/04/19 11:15:50,1.23504,16.939,,
1126,30/04/19 11:15:51,1.23382,16.987,,
1127,30/04/19 11:15:52,1.23504,16.987,,
1128,30/04/19 11:15:53,1.23565,16.987,,
1129,30/04/19 11:15:54,1.23504,16.987,,
1130,30/04/19 11:15:55,1.23504,16.963,,
1131,30/04/19 11:15:56,1.23382,16.987,,
1132,30/04/19 11:15:57,1.23443,16.987,,
1133,30/04/19 11:15:58,1.23382,17.011,,
1134,30/04/19 11:15:59,1.23382,16.987,,
1135,30/04/19 11:16:00,1.23565,16.987,,
1136,30/04/19 11:16:01,1.23443,16.987,,
1137,30/04/19 11:16:02,1.23382,16.987,,
1138,30/04/19 11:16:03,1.23504,16.987,,
1139,30/04/19 11:16:04,1.23443,17.011,,
1140,30/04/19 11:16:05,1.23504,16.963,,
1141,30/04/19 11:16:06,1.24908,16.987,,
1142,30/04/19 11:16:07,1.24969,17.011,,
1143,30/04/19 11:16:08,1.25580,16.987,,
1144,30/04/19 11:16:09,1.25946,17.011,,
1145,30/04/19 11:16:10,1.25885,17.011,,
1146,30/04/19 11:16:11,1.26068,16.987,,
1147,30/04/19 11:16:12,1.26068,17.011,,
1148,30/04/19 11:16:13,1.26068,16.987,,
1149,30/04/19 11:16:14,1.26313,17.011,,
1150,30/04/19 11:16:15,1.26435,17.011,,
1151,30/04/19 11:16:16,1.26313,16.987,,
1152,30/04/19 11:16:17,1.26374,17.034,,
1153,30/04/19 11:16:18,1.26374,17.011,,
1154,30/04/19 11:16:19,1.26190,17.011,,
1155,30/04/19 11:16:20,1.26190,17.034,,
1156,30/04/19 11:16:21,1.26190,17.058,,
1157,30/04/19 11:16:22,1.26313,17.034,,
1158,30/04/19 11:16:23,1.26313,17.058,,
1159,30/04/19 11:16:24,1.26252,16.987,,
1160,30/04/19 11:16:25,1.26313,17.034,,
1161,30/04/19 11:16:26,1.26252,17.034,,
1162,30/04/19 11:16:27,1.26190,17.034,,
1163,30/04/19 11:16:28,1.29060,17.034,,
1164,30/04/19 11:16:29,1.29915,17.034,,
1165,30/04/19 11:16:30,1.28571,17.034,,
1166,30/04/19 11:16:31,1.29365,17.034,,
1167,30/04/19 11:16:32,1.30220,17.034,,
1168,30/04/19 11:16:33,1.30159,17.034,,
1169,30/04/19 11:16:34,1.30159,17.058,,
1170,30/04/19 11:16:35,1.30098,17.058,,
1171,30/04/19 11:16:36,1.30159,17.058,,
1172,30/04/19 11:16:37,1.30159,17.034,,
1173,30/04/19 11:16:38,1.30098,17.034,,
1174,30/04/19 11:16:39,1.30098,17.034,,
1175,30/04/19 11:16:40,1.30098,17.034,,
1176,30/04/19 11:16:41,1.30281,17.034,,
1177,30/04/19 11:16:42,1.30159,17.034,,
1178,30/04/19 11:16:43,1.30159,17.034,,
1179,30/04/19 11:16:44,1.30037,17.034,,
1180,30/04/19 11:16:45,1.30037,17.034,,
1181,30/04/19 11:16:46,1.29915,17.058,,
1182,30/04/19 11:16:47,1.30159,17.034,,
1183,30/04/19 11:16:48,1.30159,17.034,,
1184,30/04/19 11:16:49,1.30159,17.034,,
1185,30/04/19 11:16:50,1.30098,17.034,,
1186,30/04/19 11:16:51,1.30098,17.011,,
1187,30/04/19 11:16:52,1.30037,17.011,,
1188,30/04/19 11:16:53,1.32295,17.011,,
1189,30/04/19 11:16:54,1.32723,17.034,,
1190,30/04/19 11:16:55,1.32601,17.058,,
1191,30/04/19 11:16:56,1.33333,17.058,,
1192,30/04/19 11:16:57,1.33394,17.034,,
1193,30/04/19 11:16:58,1.33272,17.011,,
1194,30/04/19 11:16:59,1.33394,17.034,,
1195,30/04/19 11:17:00,1.33272,17.034,,
1196,30/04/19 11:17:01,1.33211,17.034,,
1197,30/04/19 11:17:02,1.33272,17.034,,
1198,30/04/19 11:17:03,1.33150,17.058,,
1199,30/04/19 11:17:04,1.33211,17.058,,
1200,30/04/19 11:17:05,1.33333,17.034,,
1201,30/04/19 11:17:06,1.33211,17.011,,
1202,30/04/19 11:17:07,1.33211,17.034,,
1203,30/04/19 11:17:08,1.33211,17.034,,
1204,30/04/19 11:17:09,1.33333,17.034,,
1205,30/04/19 11:17:10,1.33333,17.034,,
1206,30/04/19 11:17:11,1.33272,17.034,,
1207,30/04/19 11:17:12,1.33150,17.058,,
1208,30/04/19 11:17:13,1.33211,17.011,,
1209,30/04/19 11:17:14,1.33150,17.034,,
1210,30/04/19 11:17:15,1.33333,17.011,,
1211,30/04/19 11:17:16,1.33394,17.011,,
1212,30/04/19 11:17:17,1.33394,17.011,,
1213,30/04/19 11:17:18,1.33333,17.034,,
1214,30/04/19 11:17:19,1.33333,17.034,,
1215,30/04/19 11:17:20,1.33272,17.034,,
1216,30/04/19 11:17:21,1.33272,17.011,,
1217,30/04/19 11:17:22,1.33272,17.034,,
1218,30/04/19 11:17:23,1.33272,17.034,,
1219,30/04/19 11:17:24,1.33211,16.987,,
1220,30/04/19 11:17:25,1.33272,17.034,,
1221,30/04/19 11:17:26,1.33272,17.011,,
1222,30/04/19 11:17:27,1.33272,17.058,,
1223,30/04/19 11:17:28,1.33333,17.011,,
1224,30/04/19 11:17:29,1.33333,16.987,,
1225,30/04/19 11:17:30,1.33272,17.034,,
1226,30/04/19 11:17:31,1.33272,17.034,,
1227,30/04/19 11:17:32,1.33333,17.011,,
1228,30/04/19 11:17:33,1.33272,16.987,,
1229,30/04/19 11:17:34,1.33333,17.034,,
1230,30/04/19 11:17:35,1.33394,17.034,,
1231,30/04/19 11:17:36,1.33333,17.034,,
1232,30/04/19 11:17:37,1.33211,17.034,,
1233,30/04/19 11:17:38,1.33394,17.011,,
1234,30/04/19 11:17:39,1.33272,17.058,,
1235,30/04/19 11:17:40,1.33333,17.034,,
1236,30/04/19 11:17:41,1.33333,17.034,,
1237,30/04/19 11:17:42,1.33272,17.034,,
1238,30/04/19 11:17:43,1.33272,17.034,,
1239,30/04/19 11:17:44,1.33211,17.058,,
1240,30/04/19 11:17:45,1.33150,17.058,,
1241,30/04/19 11:17:46,1.33272,17.058,,
1242,30/04/19 11:17:47,1.33272,17.058,,
1243,30/04/19 11:17:48,1.33272,17.034,,
1244,30/04/19 11:17:49,1.33211,17.058,,
1245,30/04/19 11:17:50,1.33150,17.058,,
1246,30/04/19 11:17:51,1.33272,17.034,,
1247,30/04/19 11:17:52,1.33394,17.034,,
1248,30/04/19 11:17:53,1.33150,17.011,,
1249,30/04/19 11:17:54,1.33272,17.011,,
1250,30/04/19 11:17:55,1.33272,17.058,,
1251,30/04/19 11:17:56,1.33211,17.034,,
1252,30/04/19 11:17:57,1.33272,17.034,,
1253,30/04/19 11:17:58,1.33333,17.034,,
1254,30/04/19 11:17:59,1.33333,17.034,,
1255,30/04/19 11:18:00,1.33211,17.034,,
1256,30/04/19 11:18:01,1.33394,17.011,,
1257,30/04/19 11:18:02,1.33272,17.034,,
1258,30/04/19 11:18:03,1.33211,17.034,,
1259,30/04/19 11:18:04,1.33333,17.058,,
1260,30/04/19 11:18:05,1.33333,17.058,,
1261,30/04/19 11:18:06,1.33211,17.058,,
1262,30/04/19 11:18:07,1.33211,17.082,,
1263,30/04/19 11:18:08,1.33211,17.082,,
1264,30/04/19 11:18:09,1.33150,17.058,,
1265,30/04/19 11:18:10,1.33272,17.058,,
1266,30/04/19 11:18:11,1.33272,17.058,,
1267,30/04/19 11:18:12,1.33272,17.082,,
1268,30/04/19 11:18:13,1.33394,17.058,,
1269,30/04/19 11:18:14,1.33211,17.082,,
1270,30/04/19 11:18:15,1.33211,17.082,,
1271,30/04/19 11:18:16,1.33272,17.082,,
1272,30/04/19 11:18:17,1.33089,17.082,,
1273,30/04/19 11:18:18,1.34066,17.082,,
1274,30/04/19 11:18:19,1.34799,17.082,,
1275,30/04/19 11:18:20,1.35592,17.082,,
1276,30/04/19 11:18:21,1.35897,17.082,,
1277,30/04/19 11:18:22,1.36203,17.082,,
1278,30/04/19 11:18:23,1.36325,17.082,,
1279,30/04/19 11:18:24,1.36325,17.082,,
1280,30/04/19 11:18:25,1.36264,17.082,,
1281,30/04/19 11:18:26,1.36264,17.082,,
1282,30/04/19 11:18:27,1.36203,17.082,,
1283,30/04/19 11:18:28,1.36264,17.106,,
1284,30/04/19 11:18:29,1.36264,17.106,,
1285,30/04/19 11:18:30,1.36203,17.106,,
1286,30/04/19 11:18:31,1.36142,17.058,,
1287,30/04/19 11:18:32,1.36203,17.130,,
1288,30/04/19 11:18:33,1.36264,17.106,,
1289,30/04/19 11:18:34,1.36142,17.082,,
1290,30/04/19 11:18:35,1.36325,17.082,,
1291,30/04/19 11:18:36,1.36325,17.082,,
1292,30/04/19 11:18:37,1.36325,17.082,,
1293,30/04/19 11:18:38,1.38400,17.058,,
1294,30/04/19 11:18:39,1.39438,17.082,,
1295,30/04/19 11:18:40,1.39560,17.082,,
1296,30/04/19 11:18:41,1.39683,17.082,,
1297,30/04/19 11:18:42,1.39683,17.082,,
1298,30/04/19 11:18:43,1.39805,17.082,,
1299,30/04/19 11:18:44,1.39805,17.082,,
1300,30/04/19 11:18:45,1.39683,17.106,,
1301,30/04/19 11:18:46,1.39683,17.082,,
1302,30/04/19 11:18:47,1.39805,17.082,,
1303,30/04/19 11:18:48,1.39744,17.058,,
1304,30/04/19 11:18:49,1.39744,17.082,,
1305,30/04/19 11:18:50,1.39744,17.082,,
1306,30/04/19 11:18:51,1.39744,17.106,,
1307,30/04/19 11:18:52,1.39744,17.082,,
1308,30/04/19 11:18:53,1.39805,17.058,,
1309,30/04/19 11:18:54,1.39805,17.082,,
1310,30/04/19 11:18:55,1.39744,17.058,,
1311,30/04/19 11:18:56,1.39744,17.082,,
1312,30/04/19 11:18:57,1.39744,17.082,,
1313,30/04/19 11:18:58,1.39683,17.082,,
1314,30/04/19 11:18:59,1.39560,17.082,,
1315,30/04/19 11:19:00,1.39621,17.058,,
1316,30/04/19 11:19:01,1.39683,17.082,,
1317,30/04/19 11:19:02,1.39683,17.082,,
1318,30/04/19 11:19:03,1.41758,17.034,,
1319,30/04/19 11:19:04,1.43101,17.058,,
1320,30/04/19 11:19:05,1.43101,17.058,,
1321,30/04/19 11:19:06,1.43040,17.034,,
1322,30/04/19 11:19:07,1.43040,17.011,,
1323,30/04/19 11:19:08,1.42918,17.058,,
1324,30/04/19 11:19:09,1.43040,17.058,,
1325,30/04/19 11:19:10,1.43040,17.034,,
1326,30/04/19 11:19:11,1.42979,17.058,,
1327,30/04/19 11:19:12,1.43040,17.058,,
1328,30/04/19 11:19:13,1.42918,17.058,,
1329,30/04/19 11:19:14,1.42979,17.058,,
1330,30/04/19 11:19:15,1.43040,17.058,,
1331,30/04/19 11:19:16,1.43040,17.058,,
1332,30/04/19 11:19:17,1.42979,17.058,,
1333,30/04/19 11:19:18,1.43040,17.011,,
1334,30/04/19 11:19:19,1.43101,17.034,,
1335,30/04/19 11:19:20,1.42918,17.058,,
1336,30/04/19 11:19:21,1.42979,17.058,,
1337,30/04/19 11:19:22,1.42918,17.034,,
1338,30/04/19 11:19:23,1.43101,17.058,,
1339,30/04/19 11:19:24,1.42979,17.034,,
1340,30/04/19 11:19:25,1.42979,17.058,,
1341,30/04/19 11:19:26,1.43468,17.058,,
1342,30/04/19 11:19:27,1.45116,17.058,,
1343,30/04/19 11:19:28,1.44017,17.058,,
1344,30/04/19 11:19:29,1.46520,17.034,,
1345,30/04/19 11:19:30,1.46459,17.034,,
1346,30/04/19 11:19:31,1.46459,17.058,,
1347,30/04/19 11:19:32,1.46520,17.058,,
1348,30/04/19 11:19:33,1.46459,17.034,,
1349,30/04/19 11:19:34,1.46459,17.034,,
1350,30/04/19 11:19:35,1.46520,17.058,,
1351,30/04/19 11:19:36,1.46581,17.058,,
1352,30/04/19 11:19:37,1.46398,17.034,,
1353,30/04/19 11:19:38,1.46581,17.034,,
1354,30/04/19 11:19:39,1.46581,17.034,,
1355,30/04/19 11:19:40,1.46520,17.034,,
1356,30/04/19 11:19:41,1.46581,17.058,,
1357,30/04/19 11:19:42,1.46581,17.034,,
1358,30/04/19 11:19:43,1.46520,17.058,,
1359,30/04/19 11:19:44,1.46459,17.034,,
1360,30/04/19 11:19:45,1.46398,17.034,,
1361,30/04/19 11:19:46,1.46459,17.034,,
1362,30/04/19 11:19:47,1.46459,17.058,,
1363,30/04/19 11:19:48,1.46459,17.058,,
1364,30/04/19 11:19:49,1.46459,17.034,,
1365,30/04/19 11:19:50,1.46459,17.058,,
1366,30/04/19 11:19:51,1.46459,17.034,,
1367,30/04/19 11:19:52,1.46520,17.034,,
1368,30/04/19 11:19:53,1.46398,17.034,,
1369,30/04/19 11:19:54,1.48352,17.034,,
1370,30/04/19 11:19:55,1.48230,17.058,,
1371,30/04/19 11:19:56,1.49328,17.058,,
1372,30/04/19 11:19:57,1.49267,17.082,,
1373,30/04/19 11:19:58,1.49267,17.082,,
1374,30/04/19 11:19:59,1.49328,17.034,,
1375,30/04/19 11:20:00,1.49328,17.058,,
1376,30/04/19 11:20:01,1.49328,17.058,,
1377,30/04/19 11:20:02,1.49267,17.058,,
1378,30/04/19 11:20:03,1.49328,17.058,,
1379,30/04/19 11:20:04,1.49267,17.082,,
1380,30/04/19 11:20:05,1.49267,17.082,,
1381,30/04/19 11:20:06,1.49267,17.058,,
1382,30/04/19 11:20:07,1.49267,17.058,,
1383,30/04/19 11:20:08,1.49328,17.058,,
1384,30/04/19 11:20:09,1.49451,17.011,,
1385,30/04/19 11:20:10,1.49389,17.058,,
1386,30/04/19 11:20:11,1.49267,17.058,,
1387,30/04/19 11:20:12,1.49328,17.034,,
1388,30/04/19 11:20:13,1.49145,17.034,,
1389,30/04/19 11:20:14,1.49267,17.058,,
1390,30/04/19 11:20:15,1.49328,17.034,,
1391,30/04/19 11:20:16,1.49328,17.034,,
1392,30/04/19 11:20:17,1.49328,17.011,,
1393,30/04/19 11:20:18,1.49206,17.011,,
1394,30/04/19 11:20:19,1.50977,17.011,,
1395,30/04/19 11:20:20,1.52442,17.011,,
1396,30/04/19 11:20:21,1.52259,17.034,,
1397,30/04/19 11:20:22,1.52381,17.011,,
1398,30/04/19 11:20:23,1.52259,17.011,,
1399,30/04/19 11:20:24,1.52320,17.011,,
1400,30/04/19 11:20:25,1.52381,16.987,,
1401,30/04/19 11:20:26,1.52381,17.011,,
1402,30/04/19 11:20:27,1.52381,17.034,,
1403,30/04/19 11:20:28,1.52259,17.034,,
1404,30/04/19 11:20:29,1.52320,17.034,,
1405,30/04/19 11:20:30,1.52137,17.034,,
1406,30/04/19 11:20:31,1.52320,17.011,,
1407,30/04/19 11:20:32,1.52381,17.011,,
1408,30/04/19 11:20:33,1.52381,16.987,,
1409,30/04/19 11:20:34,1.52381,17.011,,
1410,30/04/19 11:20:35,1.52259,17.011,,
1411,30/04/19 11:20:36,1.55006,17.011,,
1412,30/04/19 11:20:37,1.55617,17.011,,
1413,30/04/19 11:20:38,1.55556,16.987,,
1414,30/04/19 11:20:39,1.55617,17.011,,
1415,30/04/19 11:20:40,1.55617,16.987,,
1416,30/04/19 11:20:41,1.55617,16.987,,
1417,30/04/19 11:20:42,1.55556,17.034,,
1418,30/04/19 11:20:43,1.55617,17.034,,
1419,30/04/19 11:20:44,1.55433,17.011,,
1420,30/04/19 11:20:45,1.55556,17.034,,
1421,30/04/19 11:20:46,1.55495,16.987,,
1422,30/04/19 11:20:47,1.55739,16.987,,
1423,30/04/19 11:20:48,1.55556,17.011,,
1424,30/04/19 11:20:49,1.55556,17.034,,
1425,30/04/19 11:20:50,1.55678,17.011,,
1426,30/04/19 11:20:51,1.55556,17.011,,
1427,30/04/19 11:20:52,1.55617,17.011,,
1428,30/04/19 11:20:53,1.55556,16.987,,
1429,30/04/19 11:20:54,1.55678,16.987,,
1430,30/04/19 11:20:55,1.55617,17.011,,
1431,30/04/19 11:20:56,1.55617,17.011,,
1432,30/04/19 11:20:57,1.55617,16.987,,
1433,30/04/19 11:20:58,1.55495,17.011,,
1434,30/04/19 11:20:59,1.57448,17.011,,
1435,30/04/19 11:21:00,1.58486,17.011,,
1436,30/04/19 11:21:01,1.59158,17.011,,
1437,30/04/19 11:21:02,1.59035,17.011,,
1438,30/04/19 11:21:03,1.59035,16.987,,
1439,30/04/19 11:21:04,1.59096,16.987,,
1440,30/04/19 11:21:05,1.59158,17.011,,
1441,30/04/19 11:21:06,1.59096,17.011,,
1442,30/04/19 11:21:07,1.59035,17.011,,
1443,30/04/19 11:21:08,1.59096,17.034,,
1444,30/04/19 11:21:09,1.59096,17.011,,
1445,30/04/19 11:21:10,1.59096,17.034,,
1446,30/04/19 11:21:11,1.59035,17.034,,
1447,30/04/19 11:21:12,1.58974,17.011,,
1448,30/04/19 11:21:13,1.59096,17.034,,
1449,30/04/19 11:21:14,1.59096,16.987,,
1450,30/04/19 11:21:15,1.59096,17.011,,
1451,30/04/19 11:21:16,1.59096,17.034,,
1452,30/04/19 11:21:17,1.59096,17.034,,
1453,30/04/19 11:21:18,1.59096,17.034,,
1454,30/04/19 11:21:19,1.60989,17.034,,
1455,30/04/19 11:21:20,1.61355,17.034,,
1456,30/04/19 11:21:21,1.62821,17.011,,
1457,30/04/19 11:21:22,1.60684,17.034,,
1458,30/04/19 11:21:23,1.61233,17.034,,
1459,30/04/19 11:21:24,1.59646,17.034,,
1460,30/04/19 11:21:25,1.61661,17.034,,
1461,30/04/19 11:21:26,1.58974,17.011,,
1462,30/04/19 11:21:27,1.55311,17.034,,
1463,30/04/19 11:21:28,1.60928,17.034,,
1464,30/04/19 11:21:29,1.61233,17.034,,
1465,30/04/19 11:21:30,1.61111,17.058,,
1466,30/04/19 11:21:31,1.61416,17.034,,
1467,30/04/19 11:21:32,1.61355,17.034,,
1468,30/04/19 11:21:33,1.61233,17.034,,
1469,30/04/19 11:21:34,1.61233,17.034,,
1470,30/04/19 11:21:35,1.61172,17.034,,
1471,30/04/19 11:21:36,1.61233,17.034,,
1472,30/04/19 11:21:37,1.61355,17.034,,
1473,30/04/19 11:21:38,1.61294,17.034,,
1474,30/04/19 11:21:39,1.61233,17.034,,
1475,30/04/19 11:21:40,1.61111,17.011,,
1476,30/04/19 11:21:41,1.61294,17.034,,
1477,30/04/19 11:21:42,1.61233,17.011,,
1478,30/04/19 11:21:43,1.61294,17.034,,
1479,30/04/19 11:21:44,1.61233,17.011,,
1480,30/04/19 11:21:45,1.61172,17.058,,
1481,30/04/19 11:21:46,1.61172,17.034,,
1482,30/04/19 11:21:47,1.61416,17.011,,
1483,30/04/19 11:21:48,1.61233,17.034,,
1484,30/04/19 11:21:49,1.61355,17.034,,
1485,30/04/19 11:21:50,1.61355,17.034,,
1486,30/04/19 11:21:51,1.61294,17.034,,
1487,30/04/19 11:21:52,1.61233,17.034,,
1488,30/04/19 11:21:53,1.61355,17.011,,
1489,30/04/19 11:21:54,1.61294,17.011,,
1490,30/04/19 11:21:55,1.61294,17.011,,
1491,30/04/19 11:21:56,1.61294,17.011,,
1492,30/04/19 11:21:57,1.61172,17.034,,
1493,30/04/19 11:21:58,1.61172,17.034,,
1494,30/04/19 11:21:59,1.61233,17.011,,
1495,30/04/19 11:22:00,1.61355,17.011,,
1496,30/04/19 11:22:01,1.61233,16.987,,
1497,30/04/19 11:22:02,1.61233,17.034,,
1498,30/04/19 11:22:03,1.61233,17.034,,
1499,30/04/19 11:22:04,1.64774,17.011,,
1500,30/04/19 11:22:05,1.66545,17.011,,
1501,30/04/19 11:22:06,1.68132,17.011,,
1502,30/04/19 11:22:07,1.69170,17.011,,
1503,30/04/19 11:22:08,1.68987,17.034,,
1504,30/04/19 11:22:09,1.70085,17.034,,
1505,30/04/19 11:22:10,1.69963,17.034,,
1506,30/04/19 11:22:11,1.72222,17.011,,
1507,30/04/19 11:22:12,1.72344,16.987,,
1508,30/04/19 11:22:13,1.72283,17.011,,
1509,30/04/19 11:22:14,1.72161,17.034,,
1510,30/04/19 11:22:15,1.72161,17.034,,
1511,30/04/19 11:22:16,1.72283,17.011,,
1512,30/04/19 11:22:17,1.72222,16.987,,
1513,30/04/19 11:22:18,1.72405,17.011,,
1514,30/04/19 11:22:19,1.72161,17.011,,
1515,30/04/19 11:22:20,1.72222,17.034,,
1516,30/04/19 11:22:21,1.72222,16.987,,
1517,30/04/19 11:22:22,1.72283,16.987,,
1518,30/04/19 11:22:23,1.72344,16.987,,
1519,30/04/19 11:22:24,1.72344,16.987,,
1520,30/04/19 11:22:25,1.72222,17.034,,
1521,30/04/19 11:22:26,1.72222,17.011,,
1522,30/04/19 11:22:27,1.72344,17.011,,
1523,30/04/19 11:22:28,1.72344,17.011,,
1524,30/04/19 11:22:29,1.72222,17.034,,
1525,30/04/19 11:22:30,1.77595,17.011,,
1526,30/04/19 11:22:31,1.80220,17.011,,
1527,30/04/19 11:22:32,1.80952,17.011,,
1528,30/04/19 11:22:33,1.80525,16.987,,
1529,30/04/19 11:22:34,1.80586,16.987,,
1530,30/04/19 11:22:35,1.80464,17.034,,
1531,30/04/19 11:22:36,1.80586,17.034,,
1532,30/04/19 11:22:37,1.80525,17.011,,
1533,30/04/19 11:22:38,1.80464,17.034,,
1534,30/04/19 11:22:39,1.80403,17.034,,
1535,30/04/19 11:22:40,1.80342,17.011,,
1536,30/04/19 11:22:41,1.80586,16.987,,
1537,30/04/19 11:22:42,1.80403,17.011,,
1538,30/04/19 11:22:43,1.80464,17.011,,
1539,30/04/19 11:22:44,1.80525,17.034,,
1540,30/04/19 11:22:45,1.80403,17.034,,
1541,30/04/19 11:22:46,1.80342,17.011,,
1542,30/04/19 11:22:47,1.80525,17.011,,
1543,30/04/19 11:22:48,1.80464,17.034,,
1544,30/04/19 11:22:49,1.80342,17.011,,
1545,30/04/19 11:22:50,1.80403,17.011,,
1546,30/04/19 11:22:51,1.80281,16.987,,
1547,30/04/19 11:22:52,1.80342,17.011,,
1548,30/04/19 11:22:53,1.80281,17.011,,
1549,30/04/19 11:22:54,1.80342,17.011,,
1550,30/04/19 11:22:55,1.80342,17.011,,
1551,30/04/19 11:22:56,1.80281,17.011,,
1552,30/04/19 11:22:57,1.80403,17.011,,
1553,30/04/19 11:22:58,1.80342,17.011,,
1554,30/04/19 11:22:59,1.80220,17.011,,
1555,30/04/19 11:23:00,1.80464,17.011,,
1556,30/04/19 11:23:01,1.80342,16.987,,
1557,30/04/19 11:23:02,1.80342,16.987,,
1558,30/04/19 11:23:03,1.80525,16.987,,
1559,30/04/19 11:23:04,1.80464,16.987,,
1560,30/04/19 11:23:05,1.80342,16.963,,
1561,30/04/19 11:23:06,1.80464,16.963,,
1562,30/04/19 11:23:07,1.80464,16.987,,
1563,30/04/19 11:23:08,1.80464,16.987,,
1564,30/04/19 11:23:09,1.80525,16.963,,
1565,30/04/19 11:23:10,1.87118,17.011,,
1566,30/04/19 11:23:11,1.91026,16.987,,
1567,30/04/19 11:23:12,1.94261,16.987,,
1568,30/04/19 11:23:13,1.95116,17.011,,
1569,30/04/19 11:23:14,1.96703,17.011,,
1570,30/04/19 11:23:15,1.96642,17.011,,
1571,30/04/19 11:23:16,1.96642,17.011,,
1572,30/04/19 11:23:17,1.96581,16.963,,
1573,30/04/19 11:23:18,1.96581,17.011,,
1574,30/04/19 11:23:19,1.96581,17.011,,
1575,30/04/19 11:23:20,1.96703,17.011,,
1576,30/04/19 11:23:21,1.96703,17.011,,
1577,30/04/19 11:23:22,1.96642,17.011,,
1578,30/04/19 11:23:23,1.96520,17.011,,
1579,30/04/19 11:23:24,1.96703,17.011,,
1580,30/04/19 11:23:25,1.96520,17.011,,
1581,30/04/19 11:23:26,1.96520,17.011,,
1582,30/04/19 11:23:27,1.96581,16.987,,
1583,30/04/19 11:23:28,2.01893,16.987,,
1584,30/04/19 11:23:29,2.04396,17.011,,
1585,30/04/19 11:23:30,2.07021,17.011,,
1586,30/04/19 11:23:31,2.10134,16.987,,
1587,30/04/19 11:23:32,2.12332,17.011,,
1588,30/04/19 11:23:33,2.12332,17.034,,
1589,30/04/19 11:23:34,2.12149,17.011,,
1590,30/04/19 11:23:35,2.12088,17.011,,
1591,30/04/19 11:23:36,2.12149,17.011,,
1592,30/04/19 11:23:37,2.12332,16.987,,
1593,30/04/19 11:23:38,2.12332,16.987,,
1594,30/04/19 11:23:39,2.12332,16.987,,
1595,30/04/19 11:23:40,2.12332,16.963,,
1596,30/04/19 11:23:41,2.12393,16.987,,
1597,30/04/19 11:23:42,2.12393,16.963,,
1598,30/04/19 11:23:43,2.12393,16.963,,
1599,30/04/19 11:23:44,2.12332,16.987,,
1600,30/04/19 11:23:45,2.12393,16.987,,
1601,30/04/19 11:23:46,2.12332,16.987,,
1602,30/04/19 11:23:47,2.12393,16.987,,
1603,30/04/19 11:23:48,2.12454,16.963,,
1604,30/04/19 11:23:49,2.12332,16.963,,
1605,30/04/19 11:23:50,2.17521,16.987,,
1606,30/04/19 11:23:51,2.24908,16.963,,
1607,30/04/19 11:23:52,2.24603,16.963,,
1608,30/04/19 11:23:53,2.24725,16.987,,
1609,30/04/19 11:23:54,2.31563,16.963,,
1610,30/04/19 11:23:55,2.32112,16.939,,
1611,30/04/19 11:23:56,2.33272,16.939,,
1612,30/04/19 11:23:57,2.33455,16.963,,
1613,30/04/19 11:23:58,2.33516,16.939,,
1614,30/04/19 11:23:59,2.33272,16.963,,
1615,30/04/19 11:24:00,2.33516,16.963,,
1616,30/04/19 11:24:01,2.33516,16.963,,
1617,30/04/19 11:24:02,2.33516,16.963,,
1618,30/04/19 11:24:03,2.33516,16.939,,
1619,30/04/19 11:24:04,2.33516,16.939,,
1620,30/04/19 11:24:05,2.33578,16.939,,
1621,30/04/19 11:24:06,2.33455,16.939,,
1622,30/04/19 11:24:07,2.33516,16.939,,
1623,30/04/19 11:24:08,2.33578,16.915,,
1624,30/04/19 11:24:09,2.33516,16.939,,
1625,30/04/19 11:24:10,2.33516,16.915,,
1626,30/04/19 11:24:11,2.33578,16.939,,
1627,30/04/19 11:24:12,2.33639,16.892,,
1628,30/04/19 11:24:13,2.33516,16.915,,
1629,30/04/19 11:24:14,2.33578,16.915,,
1630,30/04/19 11:24:15,2.33639,16.892,,
1631,30/04/19 11:24:16,2.33639,16.915,,
1632,30/04/19 11:24:17,2.33578,16.892,,
1633,30/04/19 11:24:18,2.28999,16.939,,
1634,30/04/19 11:24:19,2.39621,16.915,,
1635,30/04/19 11:24:20,2.43956,16.915,,
1636,30/04/19 11:24:21,2.44505,16.915,,
1637,30/04/19 11:24:22,2.44383,16.915,,
1638,30/04/19 11:24:23,2.45177,16.915,,
1639,30/04/19 11:24:24,2.45482,16.939,,
1640,30/04/19 11:24:25,2.45849,16.939,,
1641,30/04/19 11:24:26,2.37424,16.939,,
1642,30/04/19 11:24:27,2.41880,16.915,,
1643,30/04/19 11:24:28,2.45482,16.892,,
1644,30/04/19 11:24:29,2.45665,16.915,,
1645,30/04/19 11:24:30,2.45543,16.915,,
1646,30/04/19 11:24:31,2.45726,16.892,,
1647,30/04/19 11:24:32,2.47253,16.939,,
1648,30/04/19 11:24:33,2.47314,16.915,,
1649,30/04/19 11:24:34,2.47253,16.939,,
1650,30/04/19 11:24:35,2.47009,16.939,,
1651,30/04/19 11:24:36,2.47131,16.939,,
1652,30/04/19 11:24:37,2.47192,16.892,,
1653,30/04/19 11:24:38,2.47253,16.892,,
1654,30/04/19 11:24:39,2.47131,16.939,,
1655,30/04/19 11:24:40,2.47192,16.915,,
1656,30/04/19 11:24:41,2.47192,16.892,,
1657,30/04/19 11:24:42,2.47192,16.915,,
1658,30/04/19 11:24:43,2.47070,16.915,,
1659,30/04/19 11:24:44,2.47009,16.939,,
1660,30/04/19 11:24:45,2.46947,16.939,,
1661,30/04/19 11:24:46,2.46947,16.939,,
1662,30/04/19 11:24:47,2.46947,16.915,,
1663,30/04/19 11:24:48,2.48657,16.939,,
1664,30/04/19 11:24:49,2.49939,16.939,,
1665,30/04/19 11:24:50,2.49939,16.939,,
1666,30/04/19 11:24:51,2.49939,16.939,,
1667,30/04/19 11:24:52,2.49939,16.915,,
1668,30/04/19 11:24:53,2.49939,16.939,,
1669,30/04/19 11:24:54,2.49939,16.915,,
1670,30/04/19 11:24:55,2.49939,16.939,,
1671,30/04/19 11:24:56,2.49939,16.939,,
1672,30/04/19 11:24:57,2.49939,16.915,,
1673,30/04/19 11:24:58,2.49939,16.939,,
1674,30/04/19 11:24:59,2.49939,16.915,,
1675,30/04/19 11:25:00,2.49939,16.915,,
1676,30/04/19 11:25:01,2.49939,16.939,,
1677,30/04/19 11:25:02,2.49939,16.915,,
1678,30/04/19 11:25:03,2.49939,16.915,,
1679,30/04/19 11:25:04,2.49939,16.915,,
1680,30/04/19 11:25:05,2.49939,16.915,,
1681,30/04/19 11:25:06,2.49939,16.939,,
1682,30/04/19 11:25:07,2.49939,16.915,,
1683,30/04/19 11:25:08,2.49939,16.915,,
1684,30/04/19 11:25:09,2.49939,16.939,,
1685,30/04/19 11:25:10,2.49939,16.892,,
1686,30/04/19 11:25:11,2.49939,16.915,,
1687,30/04/19 11:25:12,2.49939,16.915,,
1688,30/04/19 11:25:13,2.49939,16.939,,
1689,30/04/19 11:25:14,2.49939,16.915,,
1690,30/04/19 11:25:15,2.49939,16.915,,
1691,30/04/19 11:25:16,2.49939,16.915,,
1692,30/04/19 11:25:17,2.49939,16.915,,
1693,30/04/19 11:25:18,2.49939,16.892,,
1694,30/04/19 11:25:19,2.49939,16.915,,
1695,30/04/19 11:25:20,2.49939,16.915,,
1696,30/04/19 11:25:21,2.49939,16.915,,
1697,30/04/19 11:25:22,2.49939,16.915,,
1698,30/04/19 11:25:23,2.49939,16.939,,
1699,30/04/19 11:25:24,2.49939,16.915,,
1700,30/04/19 11:25:25,2.49939,16.939,,
1701,30/04/19 11:25:26,2.49939,16.915,,
1702,30/04/19 11:25:27,2.49939,16.939,,
1703,30/04/19 11:25:28,2.49939,16.915,,
1704,30/04/19 11:25:29,2.49939,16.939,,
1705,30/04/19 11:25:30,2.49939,16.939,,
1706,30/04/19 11:25:31,2.49939,16.939,,
1707,30/04/19 11:25:32,2.49939,16.939,,
1708,30/04/19 11:25:33,2.49939,16.939,,
1709,30/04/19 11:25:34,2.49939,16.939,,
1710,30/04/19 11:25:35,2.49939,16.963,,
1711,30/04/19 11:25:36,2.49939,16.963,,
1712,30/04/19 11:25:37,2.49939,16.939,,
1713,30/04/19 11:25:38,2.49939,16.963,,
1714,30/04/19 11:25:39,2.49939,16.939,,
1715,30/04/19 11:25:40,2.49939,16.939,,
1716,30/04/19 11:25:41,2.49939,16.939,,
1717,30/04/19 11:25:42,2.49939,16.939,,
1718,30/04/19 11:25:43,2.49939,16.915,,
1719,30/04/19 11:25:44,2.49939,16.939,,
1720,30/04/19 11:25:45,2.49939,16.939,,
1721,30/04/19 11:25:46,2.49939,16.939,,
1722,30/04/19 11:25:47,2.49939,16.939,,
1723,30/04/19 11:25:48,2.49939,16.939,,
1724,30/04/19 11:25:49,2.49939,16.939,,
1725,30/04/19 11:25:50,2.49939,16.939,,
1726,30/04/19 11:25:51,2.49939,16.939,,
1727,30/04/19 11:25:52,2.49939,16.915,,
1728,30/04/19 11:25:53,2.49939,16.915,,
1729,30/04/19 11:25:54,2.49939,16.939,,
1730,30/04/19 11:25:55,2.49939,16.915,,
1731,30/04/19 11:25:56,2.49939,16.915,,
1732,30/04/19 11:25:57,2.49939,16.939,,
1733,30/04/19 11:25:58,2.49939,16.868,,
1734,30/04/19 11:25:59,2.49939,16.915,,
1735,30/04/19 11:26:00,2.49939,16.915,,
1736,30/04/19 11:26:01,2.49939,16.892,,
1737,30/04/19 11:26:02,2.49939,16.892,,
1738,30/04/19 11:26:03,2.49939,16.892,,
1739,30/04/19 11:26:04,2.49939,16.892,,
1740,30/04/19 11:26:05,2.49939,16.892,,
1741,30/04/19 11:26:06,2.49939,16.915,,
1742,30/04/19 11:26:07,2.49939,16.892,,
1743,30/04/19 11:26:08,2.49939,16.868,,
1744,30/04/19 11:26:09,2.49939,16.915,,
1745,30/04/19 11:26:10,2.49939,16.915,,
1746,30/04/19 11:26:11,2.49939,16.939,,
1747,30/04/19 11:26:12,2.49939,16.915,,
1748,30/04/19 11:26:13,2.49939,16.892,,
1749,30/04/19 11:26:14,2.49939,16.915,,
1750,30/04/19 11:26:15,2.49939,16.915,,
1751,30/04/19 11:26:16,2.49939,16.915,,
1752,30/04/19 11:26:17,2.49939,16.915,,
1753,30/04/19 11:26:18,2.49939,16.915,,
1754,30/04/19 11:26:19,2.49939,16.915,,
1755,30/04/19 11:26:20,2.49939,16.915,,
1756,30/04/19 11:26:21,2.49939,16.915,,
1757,30/04/19 11:26:22,2.49939,16.892,,
1758,30/04/19 11:26:23,2.49939,16.915,,
1759,30/04/19 11:26:24,2.49939,16.915,,
1760,30/04/19 11:26:25,2.49939,16.915,,
1761,30/04/19 11:26:26,2.49939,16.892,,
1762,30/04/19 11:26:27,2.49939,16.892,,
1763,30/04/19 11:26:28,2.49939,16.915,,
1764,30/04/19 11:26:29,2.49939,16.915,,
1765,30/04/19 11:26:30,2.49939,16.915,,
1766,30/04/19 11:26:31,2.49939,16.892,,
1767,30/04/19 11:26:32,2.49939,16.915,,
1768,30/04/19 11:26:33,2.49939,16.892,,
1769,30/04/19 11:26:34,2.49939,16.892,,
1770,30/04/19 11:26:35,2.49939,16.915,,
1771,30/04/19 11:26:36,2.49939,16.892,,
1772,30/04/19 11:26:37,2.49939,16.915,,
1773,30/04/19 11:26:38,2.49939,16.915,,
1774,30/04/19 11:26:39,2.49939,16.868,,
1775,30/04/19 11:26:40,2.49939,16.915,,
1776,30/04/19 11:26:41,2.49939,16.915,,
1777,30/04/19 11:26:42,2.49939,16.915,,
1778,30/04/19 11:26:43,2.49939,16.915,,
1779,30/04/19 11:26:44,2.49939,16.915,,
1780,30/04/19 11:26:45,2.49939,16.915,,
1781,30/04/19 11:26:46,2.49939,16.915,,
1782,30/04/19 11:26:47,2.49939,16.915,,
1783,30/04/19 11:26:48,2.49939,16.892,,
1784,30/04/19 11:26:49,2.49939,16.915,,
1785,30/04/19 11:26:50,2.49939,16.915,,
1786,30/04/19 11:26:51,2.49939,16.892,,
1787,30/04/19 11:26:52,2.49939,16.915,,
1788,30/04/19 11:26:53,2.49939,16.892,,
1789,30/04/19 11:26:54,2.49939,16.915,,
1790,30/04/19 11:26:55,2.49939,16.892,,
1791,30/04/19 11:26:56,2.49939,16.915,,
1792,30/04/19 11:26:57,2.49939,16.915,,
1793,30/04/19 11:26:58,2.49939,16.915,,
1794,30/04/19 11:26:59,2.49939,16.915,,
1795,30/04/19 11:27:00,2.49939,16.915,,
1796,30/04/19 11:27:01,2.49939,16.915,,
1797,30/04/19 11:27:02,2.49939,16.915,,
1798,30/04/19 11:27:03,2.49939,16.939,,
1799,30/04/19 11:27:04,2.49939,16.915,,
1800,30/04/19 11:27:05,2.49939,16.915,,
1801,30/04/19 11:27:06,2.49939,16.915,,
1802,30/04/19 11:27:07,2.49939,16.915,,
1803,30/04/19 11:27:08,2.49939,16.892,,
1804,30/04/19 11:27:09,2.49939,16.915,,
1805,30/04/19 11:27:10,2.49939,16.915,,
1806,30/04/19 11:27:11,2.49939,16.915,,
1807,30/04/19 11:27:12,2.49939,16.892,,
1808,30/04/19 11:27:13,2.49939,16.939,,
1809,30/04/19 11:27:14,2.49939,16.915,,
1810,30/04/19 11:27:15,2.49939,16.892,,
1811,30/04/19 11:27:16,2.49939,16.939,,
1812,30/04/19 11:27:17,2.49939,16.939,,
1813,30/04/19 11:27:18,2.49939,16.915,,
1814,30/04/19 11:27:19,2.49939,16.939,,
1815,30/04/19 11:27:20,2.49939,16.915,,
1816,30/04/19 11:27:21,2.49939,16.939,,
1817,30/04/19 11:27:22,2.49939,16.915,,
1818,30/04/19 11:27:23,2.49939,16.915,,
1819,30/04/19 11:27:24,2.49939,16.939,,
1820,30/04/19 11:27:25,2.49939,16.915,,
1821,30/04/19 11:27:26,2.49939,16.915,,
1822,30/04/19 11:27:27,2.49939,16.892,,
1823,30/04/19 11:27:28,2.49939,16.915,,
1824,30/04/19 11:27:29,2.49939,16.915,,
1825,30/04/19 11:27:30,2.49939,16.915,,
1826,30/04/19 11:27:31,2.49939,16.915,,
1827,30/04/19 11:27:32,2.49939,16.892,,
1828,30/04/19 11:27:33,2.49939,16.939,,
1829,30/04/19 11:27:34,2.49939,16.915,,
1830,30/04/19 11:27:35,2.49939,16.915,,
1831,30/04/19 11:27:36,2.49939,16.915,,
1832,30/04/19 11:27:37,2.49939,16.915,,
1833,30/04/19 11:27:38,2.49939,16.844,,
1834,30/04/19 11:27:39,2.49939,16.915,,
1835,30/04/19 11:27:40,2.49939,16.915,,
1836,30/04/19 11:27:41,2.49939,16.892,,
1837,30/04/19 11:27:42,2.49939,16.868,,
1838,30/04/19 11:27:43,2.49939,16.915,,
1839,30/04/19 11:27:44,2.49939,16.892,,
1840,30/04/19 11:27:45,2.49939,16.892,,
1841,30/04/19 11:27:46,2.49939,16.892,,
1842,30/04/19 11:27:47,2.49939,16.892,,
1843,30/04/19 11:27:48,2.49939,16.892,,
1844,30/04/19 11:27:49,2.49939,16.915,,
1845,30/04/19 11:27:50,2.49939,16.915,,
1846,30/04/19 11:27:51,2.49939,16.892,,
1847,30/04/19 11:27:52,2.49939,16.892,,
1848,30/04/19 11:27:53,2.49939,16.892,,
1849,30/04/19 11:27:54,2.49939,16.892,,
1850,30/04/19 11:27:55,2.49939,16.892,,
1851,30/04/19 11:27:56,2.49939,16.892,,
1852,30/04/19 11:27:57,2.49939,16.844,,
1853,30/04/19 11:27:58,2.49939,16.868,,
1854,30/04/19 11:27:59,2.49939,16.892,,
1855,30/04/19 11:28:00,2.49939,16.868,,
1856,30/04/19 11:28:01,2.49939,16.892,,
1857,30/04/19 11:28:02,2.49939,16.868,,
1858,30/04/19 11:28:03,2.49939,16.868,,
1859,30/04/19 11:28:04,2.49939,16.868,,
1860,30/04/19 11:28:05,2.49939,16.868,,
1861,30/04/19 11:28:06,2.49939,16.868,,
1862,30/04/19 11:28:07,2.49939,16.868,,
1863,30/04/19 11:28:08,2.49939,16.868,,
1864,30/04/19 11:28:09,2.49939,16.892,,
1865,30/04/19 11:28:10,2.49939,16.892,,
1866,30/04/19 11:28:11,2.49939,16.868,,
1867,30/04/19 11:28:12,2.49939,16.868,,
1868,30/04/19 11:28:13,2.49939,16.868,,
1869,30/04/19 11:28:14,2.49939,16.868,,
1870,30/04/19 11:28:15,2.49939,16.844,,
1871,30/04/19 11:28:16,2.49939,16.868,,
1872,30/04/19 11:28:17,2.49939,16.868,,
1873,30/04/19 11:28:18,2.49939,16.844,,
1874,30/04/19 11:28:19,2.49939,16.868,,
1875,30/04/19 11:28:20,2.49939,16.868,,
1876,30/04/19 11:28:21,2.49939,16.868,,
1877,30/04/19 11:28:22,2.49939,16.868,,
1878,30/04/19 11:28:23,2.49939,16.844,,
1879,30/04/19 11:28:24,2.49939,16.844,,
1880,30/04/19 11:28:25,2.49939,16.844,,
1881,30/04/19 11:28:26,2.49939,16.868,,
1882,30/04/19 11:28:27,2.49939,16.868,,
1883,30/04/19 11:28:28,2.49939,16.868,,
1884,30/04/19 11:28:29,2.49939,16.868,,
1885,30/04/19 11:28:30,2.49939,16.820,,
1886,30/04/19 11:28:31,2.49939,16.844,,
1887,30/04/19 11:28:32,2.49939,16.868,,
1888,30/04/19 11:28:33,2.49939,16.868,,
1889,30/04/19 11:28:34,2.49939,16.844,,
1890,30/04/19 11:28:35,2.49939,16.868,,
1891,30/04/19 11:28:36,2.49939,16.868,,
1892,30/04/19 11:28:37,2.49939,16.844,,
1893,30/04/19 11:28:38,2.49939,16.868,,
1894,30/04/19 11:28:39,2.49939,16.844,,
1895,30/04/19 11:28:40,2.49939,16.892,,
1896,30/04/19 11:28:41,2.49939,16.868,,
1897,30/04/19 11:28:42,2.49939,16.868,,
1898,30/04/19 11:28:43,2.49939,16.868,,
1899,30/04/19 11:28:44,2.49939,16.868,,
1900,30/04/19 11:28:45,2.49939,16.844,,
1901,30/04/19 11:28:46,2.49939,16.868,,
1902,30/04/19 11:28:47,2.49939,16.868,,
1903,30/04/19 11:28:48,2.49939,16.892,,
1904,30/04/19 11:28:49,2.49939,16.868,,
1905,30/04/19 11:28:50,2.49939,16.892,,
1906,30/04/19 11:28:51,2.49939,16.868,,
1907,30/04/19 11:28:52,2.49939,16.868,,
1908,30/04/19 11:28:53,2.49939,16.868,,
1909,30/04/19 11:28:54,2.49939,16.868,,
1910,30/04/19 11:28:55,2.49939,16.868,,
1911,30/04/19 11:28:56,2.49939,16.868,,
1912,30/04/19 11:28:57,2.49939,16.868,,
1913,30/04/19 11:28:58,2.49939,16.892,,
1914,30/04/19 11:28:59,2.49939,16.868,,
1915,30/04/19 11:29:00,2.49939,16.892,,
1916,30/04/19 11:29:01,2.49939,16.892,,
1917,30/04/19 11:29:02,2.49939,16.892,,
1918,30/04/19 11:29:03,2.49939,16.915,,
1919,30/04/19 11:29:04,2.49939,16.868,,
1920,30/04/19 11:29:05,2.49939,16.915,,
1921,30/04/19 11:29:06,2.49939,16.915,,
1922,30/04/19 11:29:07,2.49939,16.915,,
1923,30/04/19 11:29:08,2.49939,16.915,,
1924,30/04/19 11:29:09,2.49939,16.892,,
1925,30/04/19 11:29:10,2.49939,16.915,Enregistr,Enregistr
