#,dates,tension,temperature,deltaH
1,02/02/2017 14:23,1.40171,24.629,0.022
2,02/02/2017 14:24,1.39683,24.508,0.022
3,02/02/2017 14:25,1.43223,24.436,0.022
4,02/02/2017 14:26,1.45177,24.388,0.022
5,02/02/2017 14:27,1.44628,24.363,0.022
6,02/02/2017 14:28,1.42796,24.388,0.022
7,02/02/2017 14:29,1.44261,24.412,0.022
8,02/02/2017 14:30,1.45788,24.412,0.022
9,02/02/2017 14:31,1.44994,24.412,0.022
10,02/02/2017 14:32,1.42857,24.412,0.022
11,02/02/2017 14:33,1.45543,24.388,0.022
12,02/02/2017 14:34,1.43162,24.363,0.022
13,02/02/2017 14:35,1.41941,24.339,0.022
14,02/02/2017 14:36,1.42918,24.291,0.022
15,02/02/2017 14:37,1.42613,24.243,0.022
16,02/02/2017 14:38,1.42735,24.219,0.022
17,02/02/2017 14:39,1.42918,24.171,0.022
18,02/02/2017 14:40,1.40904,24.171,0.022
19,02/02/2017 14:41,1.46337,24.171,0.022
20,02/02/2017 14:42,1.43407,24.146,0.022
21,02/02/2017 14:43,1.41148,24.122,0.022
22,02/02/2017 14:44,1.38523,24.074,0.022
23,02/02/2017 14:45,1.42552,24.026,0.022
24,02/02/2017 14:46,1.40781,23.978,0.022
25,02/02/2017 14:47,1.41087,23.93,0.022
26,02/02/2017 14:48,1.41941,23.881,0.022
27,02/02/2017 14:49,1.44017,23.857,0.022
28,02/02/2017 14:50,1.44383,23.833,0.022
29,02/02/2017 14:51,1.42186,23.833,0.022
30,02/02/2017 14:52,1.42796,23.833,0.022
31,02/02/2017 14:53,1.42674,23.809,0.022
32,02/02/2017 14:54,1.44689,23.785,0.022
33,02/02/2017 14:55,1.43162,23.737,0.022
34,02/02/2017 14:56,1.44933,23.689,0.022
35,02/02/2017 14:57,1.40232,23.641,0.022
36,02/02/2017 14:58,1.44139,23.617,0.022
37,02/02/2017 14:59,1.43468,23.641,0.022
38,02/02/2017 15:00,1.43712,23.641,0.022
39,02/02/2017 15:01,1.42063,23.641,0.022
40,02/02/2017 15:02,1.42857,23.617,0.022
41,02/02/2017 15:03,1.41636,23.569,0.022
42,02/02/2017 15:04,1.42186,23.545,0.022
43,02/02/2017 15:05,1.41819,23.545,0.022
44,02/02/2017 15:06,1.40659,23.497,0.022
45,02/02/2017 15:07,1.41087,23.448,0.022
46,02/02/2017 15:08,1.38278,23.4,0.022
47,02/02/2017 15:09,1.41697,23.376,0.022
48,02/02/2017 15:10,1.41148,23.328,0.022
49,02/02/2017 15:11,1.43162,23.256,0.022
50,02/02/2017 15:12,1.40904,23.232,0.022
51,02/02/2017 15:13,1.43956,23.232,0.022
52,02/02/2017 15:14,1.39621,23.208,0.022
53,02/02/2017 15:15,1.44872,23.184,0.022
54,02/02/2017 15:16,1.43956,23.16,0.022
55,02/02/2017 15:17,1.4359,23.112,0.022
56,02/02/2017 15:18,1.45116,23.064,0.022
57,02/02/2017 15:19,1.41819,22.992,0.022
58,02/02/2017 15:20,1.42979,22.944,0.022
59,02/02/2017 15:21,1.41087,22.92,0.022
60,02/02/2017 15:22,1.39927,22.872,0.022
61,02/02/2017 15:23,1.442,22.848,0.022
62,02/02/2017 15:24,1.42552,22.824,0.022
63,02/02/2017 15:25,1.40598,22.776,0.022
64,02/02/2017 15:26,1.42857,22.753,0.022
65,02/02/2017 15:27,1.4127,22.753,0.022
66,02/02/2017 15:28,1.43101,22.729,0.022
67,02/02/2017 15:29,1.44139,22.681,0.022
68,02/02/2017 15:30,1.42918,22.633,0.022
69,02/02/2017 15:31,1.43223,22.585,0.022
70,02/02/2017 15:32,1.40781,22.537,0.022
71,02/02/2017 15:33,1.4011,22.489,0.022
72,02/02/2017 15:34,1.4011,22.465,0.022
73,02/02/2017 15:35,1.41331,22.441,0.022
74,02/02/2017 15:36,1.43773,22.441,0.022
75,02/02/2017 15:37,1.43284,22.417,0.022
76,02/02/2017 15:38,1.42857,22.369,0.022
77,02/02/2017 15:39,1.40659,22.345,0.022
78,02/02/2017 15:40,1.40049,22.298,0.022
79,02/02/2017 15:41,1.43773,22.298,0.022
80,02/02/2017 15:42,1.43346,22.25,0.022
81,02/02/2017 15:43,1.39621,22.202,0.022
82,02/02/2017 15:44,1.41758,22.178,0.022
83,02/02/2017 15:45,1.40659,22.154,0.022
84,02/02/2017 15:46,1.42125,22.13,0.022
85,02/02/2017 15:47,1.4072,22.058,0.022
86,02/02/2017 15:48,1.43223,22.034,0.022
87,02/02/2017 15:49,1.42613,22.034,0.022
88,02/02/2017 15:50,1.43407,22.034,0.022
89,02/02/2017 15:51,1.44261,22.011,0.022
90,02/02/2017 15:52,1.41758,21.939,0.022
91,02/02/2017 15:53,1.38462,21.891,0.022
92,02/02/2017 15:54,1.42063,21.843,0.022
93,02/02/2017 15:55,1.41514,21.819,0.022
94,02/02/2017 15:56,1.39255,21.819,0.022
95,02/02/2017 15:57,1.42247,21.795,0.022
96,02/02/2017 15:58,1.43712,21.772,0.022
97,02/02/2017 15:59,1.38217,21.724,0.022
98,02/02/2017 16:00,1.4072,21.7,0.022
99,02/02/2017 16:01,1.4127,21.676,0.022
100,02/02/2017 16:02,1.45543,21.628,0.022
101,02/02/2017 16:03,1.41087,21.604,0.022
102,02/02/2017 16:04,1.4304,21.557,0.022
103,02/02/2017 16:05,1.44017,21.509,0.022
104,02/02/2017 16:06,1.40781,21.485,0.022
105,02/02/2017 16:07,1.4011,21.461,0.022
106,02/02/2017 16:08,1.3956,21.437,0.022
107,02/02/2017 16:09,1.43223,21.366,0.022
108,02/02/2017 16:10,1.37973,21.318,0.022
109,02/02/2017 16:11,1.41819,21.318,0.022
110,02/02/2017 16:12,1.42613,21.27,0.022
111,02/02/2017 16:13,1.42796,21.223,0.022
112,02/02/2017 16:14,1.45299,21.199,0.022
113,02/02/2017 16:15,1.42857,21.175,0.022
114,02/02/2017 16:16,1.43346,21.175,0.022
115,02/02/2017 16:17,1.40537,21.151,0.022
116,02/02/2017 16:18,1.41758,21.151,0.022
117,02/02/2017 16:19,1.39499,21.103,0.022
118,02/02/2017 16:20,1.42063,21.056,0.022
119,02/02/2017 16:21,1.42796,20.984,0.022
120,02/02/2017 16:22,1.40537,20.936,0.022
121,02/02/2017 16:23,1.43162,20.936,0.022
122,02/02/2017 16:24,1.42002,20.913,0.022
123,02/02/2017 16:25,1.41453,20.889,0.022
124,02/02/2017 16:26,1.44261,20.865,0.022
125,02/02/2017 16:27,1.40476,20.841,0.022
126,02/02/2017 16:28,1.42796,20.817,0.022
127,02/02/2017 16:29,1.42247,20.817,0.022
128,02/02/2017 16:30,1.42979,20.793,0.022
129,02/02/2017 16:31,1.40049,20.746,0.022
130,02/02/2017 16:32,1.38278,20.698,0.022
131,02/02/2017 16:33,1.40476,20.65,0.022
132,02/02/2017 16:34,1.43101,20.65,0.022
133,02/02/2017 16:35,1.41148,20.627,0.022
134,02/02/2017 16:36,1.39988,20.603,0.022
135,02/02/2017 16:37,1.38462,20.603,0.022
136,02/02/2017 16:38,1.40904,20.555,0.022
137,02/02/2017 16:39,1.4127,20.531,0.022
138,02/02/2017 16:40,1.41087,20.507,0.022
139,02/02/2017 16:41,1.38584,20.46,0.022
140,02/02/2017 16:42,1.38706,20.412,0.022
141,02/02/2017 16:43,1.38584,20.388,0.022
142,02/02/2017 16:44,1.37729,20.317,0.022
143,02/02/2017 16:45,1.38645,20.269,0.022
144,02/02/2017 16:46,1.40781,20.246,0.022
145,02/02/2017 16:47,1.42979,20.198,0.022
146,02/02/2017 16:48,1.40598,20.15,0.022
147,02/02/2017 16:49,1.40598,20.103,0.022
148,02/02/2017 16:50,1.41331,20.079,0.022
149,02/02/2017 16:51,1.38767,20.031,0.022
150,02/02/2017 16:52,1.38645,20.031,0.022
151,02/02/2017 16:53,1.40171,20.031,0.022
152,02/02/2017 16:54,1.41392,20.007,0.022
153,02/02/2017 16:55,1.39438,19.984,0.022
154,02/02/2017 16:56,1.39744,19.96,0.022
155,02/02/2017 16:57,1.41575,19.936,0.022
156,02/02/2017 16:58,1.42186,19.936,0.022
157,02/02/2017 16:59,1.384,19.888,0.022
158,02/02/2017 17:00,1.42674,19.841,0.022
159,02/02/2017 17:01,1.39683,19.793,0.022
160,02/02/2017 17:02,1.41819,19.793,0.022
161,02/02/2017 17:03,1.40904,19.793,0.022
162,02/02/2017 17:04,1.41087,19.77,0.022
163,02/02/2017 17:05,1.39133,19.722,0.022
164,02/02/2017 17:06,1.38034,19.674,0.022
165,02/02/2017 17:07,1.41575,19.674,0.022
166,02/02/2017 17:08,1.43284,19.627,0.022
167,02/02/2017 17:09,1.38889,19.579,0.022
168,02/02/2017 17:10,1.38462,19.532,0.022
169,02/02/2017 17:11,1.43162,19.508,0.022
170,02/02/2017 17:12,1.41148,19.46,0.022
171,02/02/2017 17:13,1.38584,19.413,0.022
172,02/02/2017 17:14,1.42674,19.365,0.022
173,02/02/2017 17:15,1.42491,19.341,0.022
174,02/02/2017 17:16,1.39133,19.294,0.022
175,02/02/2017 17:17,1.39805,19.27,0.022
176,02/02/2017 17:18,1.41148,19.27,0.022
177,02/02/2017 17:19,1.39011,19.27,0.022
178,02/02/2017 17:20,1.40232,19.246,0.022
179,02/02/2017 17:21,1.41697,19.222,0.022
180,02/02/2017 17:22,1.40781,19.175,0.022
181,02/02/2017 17:23,1.38889,19.151,0.022
182,02/02/2017 17:24,1.38217,19.103,0.022
183,02/02/2017 17:25,1.39255,19.08,0.022
184,02/02/2017 17:26,1.40049,19.032,0.022
185,02/02/2017 17:27,1.42063,19.008,0.022
186,02/02/2017 17:28,1.36996,18.985,0.022
187,02/02/2017 17:29,1.41514,18.961,0.022
188,02/02/2017 17:30,1.37241,18.937,0.022
189,02/02/2017 17:31,1.43468,18.889,0.022
190,02/02/2017 17:32,1.42125,18.842,0.022
191,02/02/2017 17:33,1.43529,18.818,0.022
192,02/02/2017 17:34,1.36935,18.794,0.022
193,02/02/2017 17:35,1.38095,18.771,0.022
194,02/02/2017 17:36,1.42063,18.771,0.022
195,02/02/2017 17:37,1.3895,18.771,0.022
196,02/02/2017 17:38,1.39805,18.723,0.022
197,02/02/2017 17:39,1.38889,18.675,0.022
198,02/02/2017 17:40,1.4127,18.628,0.022
199,02/02/2017 17:41,1.39011,18.58,0.022
200,02/02/2017 17:42,1.39072,18.557,0.022
201,02/02/2017 17:43,1.39316,18.533,0.022
202,02/02/2017 17:44,1.40598,18.485,0.022
203,02/02/2017 17:45,1.39133,18.461,0.022
204,02/02/2017 17:46,1.39377,18.438,0.022
205,02/02/2017 17:47,1.40659,18.414,0.022
206,02/02/2017 17:48,1.37851,18.366,0.022
207,02/02/2017 17:49,1.39438,18.319,0.022
208,02/02/2017 17:50,1.40293,18.319,0.022
209,02/02/2017 17:51,1.40781,18.271,0.022
210,02/02/2017 17:52,1.41209,18.247,0.022
211,02/02/2017 17:53,1.41941,18.2,0.022
212,02/02/2017 17:54,1.38889,18.176,0.022
213,02/02/2017 17:55,1.39499,18.152,0.022
214,02/02/2017 17:56,1.4011,18.129,0.022
215,02/02/2017 17:57,1.42063,18.105,0.022
216,02/02/2017 17:58,1.3663,18.033,0.022
217,02/02/2017 17:59,1.40232,17.986,0.022
218,02/02/2017 18:00,1.38767,17.938,0.022
219,02/02/2017 18:01,1.37668,17.938,0.022
220,02/02/2017 18:02,1.4127,17.891,0.022
221,02/02/2017 18:03,1.43162,17.867,0.022
222,02/02/2017 18:04,1.38278,17.843,0.022
223,02/02/2017 18:05,1.39683,17.796,0.022
224,02/02/2017 18:06,1.38034,17.748,0.022
225,02/02/2017 18:07,1.37973,17.724,0.022
226,02/02/2017 18:08,1.39011,17.701,0.022
227,02/02/2017 18:09,1.40476,17.677,0.022
228,02/02/2017 18:10,1.3895,17.701,0.022
229,02/02/2017 18:11,1.41697,17.701,0.022
230,02/02/2017 18:12,1.384,17.653,0.022
231,02/02/2017 18:13,1.38462,17.605,0.022
232,02/02/2017 18:14,1.3956,17.582,0.022
233,02/02/2017 18:15,1.40659,17.558,0.022
234,02/02/2017 18:16,1.40537,17.534,0.022
235,02/02/2017 18:17,1.39866,17.486,0.022
236,02/02/2017 18:18,1.40415,17.439,0.022
237,02/02/2017 18:19,1.37179,17.415,0.022
238,02/02/2017 18:20,1.38889,17.415,0.022
239,02/02/2017 18:21,1.39255,17.391,0.022
240,02/02/2017 18:22,1.40232,17.344,0.022
241,02/02/2017 18:23,1.4011,17.32,0.022
242,02/02/2017 18:24,1.39072,17.296,0.022
243,02/02/2017 18:25,1.38584,17.272,0.022
244,02/02/2017 18:26,1.4072,17.249,0.022
245,02/02/2017 18:27,1.39316,17.225,0.022
246,02/02/2017 18:28,1.40904,17.201,0.022
247,02/02/2017 18:29,1.39499,17.177,0.022
248,02/02/2017 18:30,1.40781,17.153,0.022
249,02/02/2017 18:31,1.42125,17.106,0.022
250,02/02/2017 18:32,1.40232,17.082,0.022
251,02/02/2017 18:33,1.39683,17.082,0.022
252,02/02/2017 18:34,1.3779,17.058,0.022
253,02/02/2017 18:35,1.39744,17.011,0.022
254,02/02/2017 18:36,1.38828,16.987,0.022
255,02/02/2017 18:37,1.38339,16.915,0.022
256,02/02/2017 18:38,1.39988,16.892,0.022
257,02/02/2017 18:39,1.39499,16.844,0.022
258,02/02/2017 18:40,1.3779,16.796,0.022
259,02/02/2017 18:41,1.41392,16.749,0.022
260,02/02/2017 18:42,1.42002,16.701,0.022
261,02/02/2017 18:43,1.41697,16.654,0.022
262,02/02/2017 18:44,1.37302,16.63,0.022
263,02/02/2017 18:45,1.40171,16.606,0.022
264,02/02/2017 18:46,1.39927,16.582,0.022
265,02/02/2017 18:47,1.39988,16.534,0.022
266,02/02/2017 18:48,1.39377,16.534,0.022
267,02/02/2017 18:49,1.39499,16.487,0.022
268,02/02/2017 18:50,1.39255,16.439,0.022
269,02/02/2017 18:51,1.4011,16.415,0.022
270,02/02/2017 18:52,1.38889,16.415,0.022
271,02/02/2017 18:53,1.39194,16.392,0.022
272,02/02/2017 18:54,1.41148,16.368,0.022
273,02/02/2017 18:55,1.37912,16.344,0.022
274,02/02/2017 18:56,1.37179,16.32,0.022
275,02/02/2017 18:57,1.38462,16.296,0.022
276,02/02/2017 18:58,1.39255,16.249,0.022
277,02/02/2017 18:59,1.40476,16.201,0.022
278,02/02/2017 19:00,1.37607,16.153,0.022
279,02/02/2017 19:01,1.38156,16.129,0.022
280,02/02/2017 19:02,1.3779,16.106,0.022
281,02/02/2017 19:03,1.38034,16.034,0.022
282,02/02/2017 19:04,1.37424,15.986,0.022
283,02/02/2017 19:05,1.37851,15.939,0.022
284,02/02/2017 19:06,1.39072,15.915,0.022
285,02/02/2017 19:07,1.38645,15.891,0.022
286,02/02/2017 19:08,1.41331,15.891,0.022
287,02/02/2017 19:09,1.41697,15.915,0.022
288,02/02/2017 19:10,1.36264,15.915,0.022
289,02/02/2017 19:11,1.36386,15.867,0.022
290,02/02/2017 19:12,1.3779,15.796,0.022
291,02/02/2017 19:13,1.40171,15.748,0.022
292,02/02/2017 19:14,1.38278,15.724,0.022
293,02/02/2017 19:15,1.38278,15.7,0.022
294,02/02/2017 19:16,1.37973,15.676,0.022
295,02/02/2017 19:17,1.39133,15.652,0.022
296,02/02/2017 19:18,1.39805,15.629,0.022
297,02/02/2017 19:19,1.39744,15.629,0.022
298,02/02/2017 19:20,1.37302,15.581,0.022
299,02/02/2017 19:21,1.37057,15.557,0.022
300,02/02/2017 19:22,1.4072,15.509,0.022
301,02/02/2017 19:23,1.40842,15.485,0.022
302,02/02/2017 19:24,1.40415,15.438,0.022
303,02/02/2017 19:25,1.39316,15.414,0.022
304,02/02/2017 19:26,1.37302,15.39,0.022
305,02/02/2017 19:27,1.38645,15.342,0.022
306,02/02/2017 19:28,1.39255,15.294,0.022
307,02/02/2017 19:29,1.36691,15.294,0.022
308,02/02/2017 19:30,1.41087,15.27,0.022
309,02/02/2017 19:31,1.38706,15.27,0.022
310,02/02/2017 19:32,1.35592,15.247,0.022
311,02/02/2017 19:33,1.40904,15.199,0.022
312,02/02/2017 19:34,1.38828,15.175,0.022
313,02/02/2017 19:35,1.3895,15.127,0.022
314,02/02/2017 19:36,1.38889,15.079,0.022
315,02/02/2017 19:37,1.38095,15.055,0.022
316,02/02/2017 19:38,1.38156,15.055,0.022
317,02/02/2017 19:39,1.38462,15.055,0.022
318,02/02/2017 19:40,1.38095,15.772,0.022
319,02/02/2017 19:41,1.37851,16.201,0.022
320,02/02/2017 19:42,1.39805,16.01,0.022
321,02/02/2017 19:43,1.35409,15.581,0.022
322,02/02/2017 19:44,1.37973,15.199,0.022
323,02/02/2017 19:45,1.38889,14.984,0.022
324,02/02/2017 19:46,1.38706,14.84,0.022
325,02/02/2017 19:47,1.39621,14.697,0.022
326,02/02/2017 19:48,1.40842,15.199,0.022
327,02/02/2017 19:49,1.36691,16.201,0.022
328,02/02/2017 19:50,1.41148,16.844,0.022
329,02/02/2017 19:51,1.40904,16.368,0.022
330,02/02/2017 19:52,1.384,15.557,0.022
331,02/02/2017 19:53,1.40293,14.96,0.022
332,02/02/2017 19:54,1.36813,14.625,0.022
333,02/02/2017 19:55,1.38095,14.385,0.022
334,02/02/2017 19:56,1.39194,14.768,0.022
335,02/02/2017 19:57,1.37363,15.843,0.022
336,02/02/2017 19:58,1.39316,16.844,0.022
337,02/02/2017 19:59,1.39866,16.963,0.022
338,02/02/2017 20:00,1.38156,15.7,0.022
339,02/02/2017 20:01,1.36752,14.816,0.022
340,02/02/2017 20:02,1.41026,14.385,0.022
341,02/02/2017 20:03,1.39072,14.026,0.022
342,02/02/2017 20:04,1.4127,14.673,0.022
343,02/02/2017 20:05,1.40842,15.724,0.022
344,02/02/2017 20:06,1.41087,16.701,0.022
345,02/02/2017 20:07,1.39805,17.201,0.022
346,02/02/2017 20:08,1.37851,16.034,0.022
347,02/02/2017 20:09,1.38828,15.055,0.022
348,02/02/2017 20:10,1.39438,14.457,0.022
349,02/02/2017 20:11,1.37668,13.978,0.022
350,02/02/2017 20:12,1.3779,14.218,0.022
351,02/02/2017 20:13,1.37607,15.127,0.022
352,02/02/2017 20:14,1.39316,16.01,0.022
353,02/02/2017 20:15,1.41636,16.677,0.022
354,02/02/2017 20:16,1.41697,16.725,0.022
355,02/02/2017 20:17,1.38462,15.318,0.022
356,02/02/2017 20:18,1.36569,14.481,0.022
357,02/02/2017 20:19,1.37546,13.882,0.022
358,02/02/2017 20:20,1.36935,13.93,0.022
359,02/02/2017 20:21,1.38645,14.649,0.022
360,02/02/2017 20:22,1.3895,15.461,0.022
361,02/02/2017 20:23,1.38034,16.082,0.022
362,02/02/2017 20:24,1.39683,16.654,0.022
363,02/02/2017 20:25,1.41758,16.272,0.022
364,02/02/2017 20:26,1.36325,14.721,0.022
365,02/02/2017 20:27,1.38462,13.906,0.022
366,02/02/2017 20:28,1.39377,13.522,0.022
367,02/02/2017 20:29,1.39255,14.026,0.022
368,02/02/2017 20:30,1.41209,14.697,0.022
369,02/02/2017 20:31,1.39621,15.27,0.022
370,02/02/2017 20:32,1.42918,15.772,0.022
371,02/02/2017 20:33,1.3895,16.272,0.022
372,02/02/2017 20:34,1.41392,15.963,0.022
373,02/02/2017 20:35,1.38645,14.529,0.022
374,02/02/2017 20:36,1.39316,13.666,0.022
375,02/02/2017 20:37,1.37302,13.522,0.022
376,02/02/2017 20:38,1.36752,13.954,0.022
377,02/02/2017 20:39,1.37241,14.457,0.022
378,02/02/2017 20:40,1.39744,14.912,0.022
379,02/02/2017 20:41,1.38584,15.199,0.022
380,02/02/2017 20:42,1.39194,15.294,0.022
381,02/02/2017 20:43,1.3663,15.27,0.022
382,02/02/2017 20:44,1.3779,15.103,0.022
383,02/02/2017 20:45,1.42491,14.792,0.022
384,02/02/2017 20:46,1.3779,14.409,0.022
385,02/02/2017 20:47,1.39805,14.05,0.022
386,02/02/2017 20:48,1.37424,13.714,0.022
387,02/02/2017 20:49,1.40171,13.473,0.022
388,02/02/2017 20:50,1.37241,13.233,0.022
389,02/02/2017 20:51,1.39316,13.04,0.022
390,02/02/2017 20:52,1.39744,12.896,0.022
391,02/02/2017 20:53,1.4127,12.703,0.022
392,02/02/2017 20:54,1.37424,12.558,0.022
393,02/02/2017 20:55,1.40293,12.461,0.022
394,02/02/2017 20:56,1.41026,12.389,0.022
395,02/02/2017 20:57,1.39805,12.292,0.022
396,02/02/2017 20:58,1.39927,12.219,0.022
397,02/02/2017 20:59,1.41636,12.171,0.022
398,02/02/2017 21:00,1.39988,12.05,0.022
399,02/02/2017 21:01,1.35897,12.001,0.022
400,02/02/2017 21:02,1.40476,12.025,0.022
401,02/02/2017 21:03,1.40171,12.001,0.022
402,02/02/2017 21:04,1.39988,11.953,0.022
403,02/02/2017 21:05,1.36935,11.953,0.022
404,02/02/2017 21:06,1.37241,11.977,0.022
405,02/02/2017 21:07,1.39927,11.977,0.022
406,02/02/2017 21:08,1.38706,12.001,0.022
407,02/02/2017 21:09,1.38462,12.001,0.022
408,02/02/2017 21:10,1.39621,12.001,0.022
409,02/02/2017 21:11,1.36752,12.025,0.022
410,02/02/2017 21:12,1.37424,12.025,0.022
411,02/02/2017 21:13,1.41148,12.074,0.022
412,02/02/2017 21:14,1.38767,12.098,0.022
413,02/02/2017 21:15,1.38706,12.098,0.022
414,02/02/2017 21:16,1.36325,12.074,0.022
415,02/02/2017 21:17,1.39621,12.001,0.022
416,02/02/2017 21:18,1.39377,11.929,0.022
417,02/02/2017 21:19,1.41209,11.929,0.022
418,02/02/2017 21:20,1.37668,11.953,0.022
419,02/02/2017 21:21,1.35043,11.953,0.022
420,02/02/2017 21:22,1.41392,11.904,0.022
421,02/02/2017 21:23,1.36569,11.832,0.022
422,02/02/2017 21:24,1.38217,11.783,0.022
423,02/02/2017 21:25,1.38645,11.807,0.022
424,02/02/2017 21:26,1.384,11.832,0.022
425,02/02/2017 21:27,1.3956,11.807,0.022
426,02/02/2017 21:28,1.38462,11.759,0.022
427,02/02/2017 21:29,1.36752,11.734,0.022
428,02/02/2017 21:30,1.4127,11.686,0.022
429,02/02/2017 21:31,1.40293,11.662,0.022
430,02/02/2017 21:32,1.39072,11.613,0.022
431,02/02/2017 21:33,1.36874,11.54,0.022
432,02/02/2017 21:34,1.38156,11.492,0.022
433,02/02/2017 21:35,1.38523,11.443,0.022
434,02/02/2017 21:36,1.34737,11.394,0.022
435,02/02/2017 21:37,1.37179,11.346,0.022
436,02/02/2017 21:38,1.37302,11.346,0.022
437,02/02/2017 21:39,1.36813,11.346,0.022
438,02/02/2017 21:40,1.39438,11.273,0.022
439,02/02/2017 21:41,1.36386,11.224,0.022
440,02/02/2017 21:42,1.39683,11.224,0.022
441,02/02/2017 21:43,1.36569,11.224,0.022
442,02/02/2017 21:44,1.38217,11.2,0.022
443,02/02/2017 21:45,1.3895,11.175,0.022
444,02/02/2017 21:46,1.40476,11.151,0.022
445,02/02/2017 21:47,1.37363,11.078,0.022
446,02/02/2017 21:48,1.34249,11.029,0.022
447,02/02/2017 21:49,1.38889,10.98,0.022
448,02/02/2017 21:50,1.39683,10.98,0.022
449,02/02/2017 21:51,1.41758,11.005,0.022
450,02/02/2017 21:52,1.40171,11.029,0.022
451,02/02/2017 21:53,1.38217,10.98,0.022
452,02/02/2017 21:54,1.35226,10.932,0.022
453,02/02/2017 21:55,1.40781,10.883,0.022
454,02/02/2017 21:56,1.40598,10.834,0.022
455,02/02/2017 21:57,1.3895,10.761,0.022
456,02/02/2017 21:58,1.37118,10.736,0.022
457,02/02/2017 21:59,1.35958,10.687,0.022
458,02/02/2017 22:00,1.36203,10.712,0.022
459,02/02/2017 22:01,1.38462,10.712,0.022
460,02/02/2017 22:02,1.3602,10.687,0.022
461,02/02/2017 22:03,1.38645,10.638,0.022
462,02/02/2017 22:04,1.37851,10.565,0.022
463,02/02/2017 22:05,1.39866,10.516,0.022
464,02/02/2017 22:06,1.39255,10.467,0.022
465,02/02/2017 22:07,1.36203,10.467,0.022
466,02/02/2017 22:08,1.38034,10.443,0.022
467,02/02/2017 22:09,1.384,10.418,0.022
468,02/02/2017 22:10,1.36203,10.418,0.022
469,02/02/2017 22:11,1.35409,10.369,0.022
470,02/02/2017 22:12,1.34554,10.369,0.022
471,02/02/2017 22:13,1.37546,10.394,0.022
472,02/02/2017 22:14,1.35287,10.369,0.022
473,02/02/2017 22:15,1.36752,10.345,0.022
474,02/02/2017 22:16,1.35775,10.247,0.022
475,02/02/2017 22:17,1.39316,10.198,0.022
476,02/02/2017 22:18,1.40537,10.149,0.022
477,02/02/2017 22:19,1.4072,10.075,0.022
478,02/02/2017 22:20,1.39499,10.026,0.022
479,02/02/2017 22:21,1.38217,10.001,0.022
480,02/02/2017 22:22,1.37485,10.026,0.022
481,02/02/2017 22:23,1.38584,10.001,0.022
482,02/02/2017 22:24,1.37729,9.952,0.022
483,02/02/2017 22:25,1.3602,9.977,0.022
484,02/02/2017 22:26,1.41636,9.952,0.022
485,02/02/2017 22:27,1.384,9.854,0.022
486,02/02/2017 22:28,1.38339,9.854,0.022
487,02/02/2017 22:29,1.38034,9.879,0.022
488,02/02/2017 22:30,1.36264,9.854,0.022
489,02/02/2017 22:31,1.39621,9.805,0.022
490,02/02/2017 22:32,1.3956,9.756,0.022
491,02/02/2017 22:33,1.35653,9.78,0.022
492,02/02/2017 22:34,1.38034,9.78,0.022
493,02/02/2017 22:35,1.38828,9.706,0.022
494,02/02/2017 22:36,1.3486,9.657,0.022
495,02/02/2017 22:37,1.36386,9.632,0.022
496,02/02/2017 22:38,1.35592,9.632,0.022
497,02/02/2017 22:39,1.36508,9.558,0.022
498,02/02/2017 22:40,1.38278,9.46,0.022
499,02/02/2017 22:41,1.38584,9.435,0.022
500,02/02/2017 22:42,1.34676,9.46,0.022
501,02/02/2017 22:43,1.39683,9.485,0.022
502,02/02/2017 22:44,1.34066,9.509,0.022
503,02/02/2017 22:45,1.39255,9.509,0.022
504,02/02/2017 22:46,1.36935,9.485,0.022
505,02/02/2017 22:47,1.36874,9.435,0.022
506,02/02/2017 22:48,1.42002,9.361,0.022
507,02/02/2017 22:49,1.36813,9.262,0.022
508,02/02/2017 22:50,1.33394,9.188,0.022
509,02/02/2017 22:51,1.37057,9.139,0.022
510,02/02/2017 22:52,1.36264,9.064,0.022
511,02/02/2017 22:53,1.40476,9.015,0.022
512,02/02/2017 22:54,1.39866,8.965,0.022
513,02/02/2017 22:55,1.39988,8.965,0.022
514,02/02/2017 22:56,1.35043,8.941,0.022
515,02/02/2017 22:57,1.40293,8.916,0.022
516,02/02/2017 22:58,1.37241,8.916,0.022
517,02/02/2017 22:59,1.38278,8.891,0.022
518,02/02/2017 23:00,1.37912,8.866,0.022
519,02/02/2017 23:01,1.35348,8.817,0.022
520,02/02/2017 23:02,1.33455,8.792,0.022
521,02/02/2017 23:03,1.39316,8.717,0.022
522,02/02/2017 23:04,1.3956,8.643,0.022
523,02/02/2017 23:05,1.39072,8.643,0.022
524,02/02/2017 23:06,1.39133,8.643,0.022
525,02/02/2017 23:07,1.36874,8.618,0.022
526,02/02/2017 23:08,1.39194,8.618,0.022
527,02/02/2017 23:09,1.36874,8.618,0.022
528,02/02/2017 23:10,1.38767,8.593,0.022
529,02/02/2017 23:11,1.36264,8.568,0.022
530,02/02/2017 23:12,1.36874,8.543,0.022
531,02/02/2017 23:13,1.41026,8.593,0.022
532,02/02/2017 23:14,1.3663,8.593,0.022
533,02/02/2017 23:15,1.34127,8.543,0.022
534,02/02/2017 23:16,1.3779,8.494,0.022
535,02/02/2017 23:17,1.39744,8.419,0.022
536,02/02/2017 23:18,1.37057,8.394,0.022
537,02/02/2017 23:19,1.37851,8.344,0.022
538,02/02/2017 23:20,1.37118,8.319,0.022
539,02/02/2017 23:21,1.3779,8.27,0.022
540,02/02/2017 23:22,1.40598,8.22,0.022
541,02/02/2017 23:23,1.36813,8.195,0.022
542,02/02/2017 23:24,1.3663,8.145,0.022
543,02/02/2017 23:25,1.37179,8.095,0.022
544,02/02/2017 23:26,1.38523,8.07,0.022
545,02/02/2017 23:27,1.40659,8.07,0.022
546,02/02/2017 23:28,1.38767,8.045,0.022
547,02/02/2017 23:29,1.3663,7.97,0.022
548,02/02/2017 23:30,1.34615,7.945,0.022
549,02/02/2017 23:31,1.41392,7.92,0.022
550,02/02/2017 23:32,1.3663,7.87,0.022
551,02/02/2017 23:33,1.36996,7.82,0.022
552,02/02/2017 23:34,1.40965,7.795,0.022
553,02/02/2017 23:35,1.38767,7.795,0.022
554,02/02/2017 23:36,1.38767,7.795,0.022
555,02/02/2017 23:37,1.38339,7.77,0.022
556,02/02/2017 23:38,1.36935,7.77,0.022
557,02/02/2017 23:39,1.3779,7.72,0.022
558,02/02/2017 23:40,1.36874,7.695,0.022
559,02/02/2017 23:41,1.37057,7.619,0.022
560,02/02/2017 23:42,1.36264,7.619,0.022
561,02/02/2017 23:43,1.35714,7.619,0.022
562,02/02/2017 23:44,1.39316,7.619,0.022
563,02/02/2017 23:45,1.39072,7.569,0.022
564,02/02/2017 23:46,1.39133,7.569,0.022
565,02/02/2017 23:47,1.38278,7.569,0.022
566,02/02/2017 23:48,1.36569,7.544,0.022
567,02/02/2017 23:49,1.40232,7.519,0.022
568,02/02/2017 23:50,1.384,7.444,0.022
569,02/02/2017 23:51,1.40232,7.393,0.022
570,02/02/2017 23:52,1.40781,7.343,0.022
571,02/02/2017 23:53,1.34493,7.318,0.022
572,02/02/2017 23:54,1.37302,7.318,0.022
573,02/02/2017 23:55,1.35592,7.268,0.022
574,02/02/2017 23:56,1.36081,7.217,0.022
575,02/02/2017 23:57,1.39499,7.167,0.022
576,02/02/2017 23:58,1.36813,7.142,0.022
577,02/02/2017 23:59,1.32418,7.116,0.022
578,03/02/2017 00:00,1.35775,7.091,0.022
579,03/02/2017 00:01,1.35348,7.041,0.022
580,03/02/2017 00:02,1.34615,7.015,0.022
581,03/02/2017 00:03,1.37607,6.965,0.022
582,03/02/2017 00:04,1.36935,6.914,0.022
583,03/02/2017 00:05,1.40232,6.914,0.022
584,03/02/2017 00:06,1.37424,6.839,0.022
585,03/02/2017 00:07,1.38217,6.813,0.022
586,03/02/2017 00:08,1.38462,6.763,0.022
587,03/02/2017 00:09,1.39072,6.712,0.022
588,03/02/2017 00:10,1.39683,6.737,0.022
589,03/02/2017 00:11,1.37424,6.712,0.022
590,03/02/2017 00:12,1.37607,6.687,0.022
591,03/02/2017 00:13,1.40232,6.661,0.022
592,03/02/2017 00:14,1.39011,6.611,0.022
593,03/02/2017 00:15,1.40537,6.585,0.022
594,03/02/2017 00:16,1.35287,6.585,0.022
595,03/02/2017 00:17,1.35104,6.585,0.022
596,03/02/2017 00:18,1.34188,6.535,0.022
597,03/02/2017 00:19,1.39438,6.458,0.022
598,03/02/2017 00:20,1.39499,6.484,0.022
599,03/02/2017 00:21,1.34371,6.484,0.022
600,03/02/2017 00:22,1.38462,6.433,0.022
601,03/02/2017 00:23,1.39316,6.331,0.022
602,03/02/2017 00:24,1.37729,6.255,0.022
603,03/02/2017 00:25,1.3602,6.23,0.022
604,03/02/2017 00:26,1.35714,6.23,0.022
605,03/02/2017 00:27,1.38095,6.204,0.022
606,03/02/2017 00:28,1.37851,6.255,0.022
607,03/02/2017 00:29,1.39072,6.306,0.022
608,03/02/2017 00:30,1.35775,6.331,0.022
609,03/02/2017 00:31,1.39377,6.306,0.022
610,03/02/2017 00:32,1.36325,6.255,0.022
611,03/02/2017 00:33,1.32418,6.179,0.022
612,03/02/2017 00:34,1.38095,6.051,0.022
613,03/02/2017 00:35,1.39194,5.975,0.022
614,03/02/2017 00:36,1.38828,5.975,0.022
615,03/02/2017 00:37,1.36081,5.975,0.022
616,03/02/2017 00:38,1.3602,5.898,0.022
617,03/02/2017 00:39,1.34371,5.821,0.022
618,03/02/2017 00:40,1.37912,5.77,0.022
619,03/02/2017 00:41,1.39011,5.719,0.022
620,03/02/2017 00:42,1.38278,5.719,0.022
621,03/02/2017 00:43,1.34799,5.693,0.022
622,03/02/2017 00:44,1.34066,5.642,0.022
623,03/02/2017 00:45,1.38889,5.642,0.022
624,03/02/2017 00:46,1.35165,5.642,0.022
625,03/02/2017 00:47,1.36447,5.642,0.022
626,03/02/2017 00:48,1.38523,5.642,0.022
627,03/02/2017 00:49,1.39683,5.591,0.022
628,03/02/2017 00:50,1.37851,5.565,0.022
629,03/02/2017 00:51,1.37729,5.539,0.022
630,03/02/2017 00:52,1.39621,5.488,0.022
631,03/02/2017 00:53,1.38156,5.437,0.022
632,03/02/2017 00:54,1.37485,5.334,0.022
633,03/02/2017 00:55,1.36569,5.282,0.022
634,03/02/2017 00:56,1.37912,5.308,0.022
635,03/02/2017 00:57,1.36813,5.282,0.022
636,03/02/2017 00:58,1.35714,5.282,0.022
637,03/02/2017 00:59,1.3602,5.282,0.022
638,03/02/2017 01:00,1.37851,5.308,0.022
639,03/02/2017 01:01,1.39438,5.257,0.022
640,03/02/2017 01:02,1.37851,5.231,0.022
641,03/02/2017 01:03,1.35226,5.154,0.022
642,03/02/2017 01:04,1.37363,5.102,0.022
643,03/02/2017 01:05,1.35043,5.076,0.022
644,03/02/2017 01:06,1.40171,5.076,0.022
645,03/02/2017 01:07,1.37973,5.076,0.022
646,03/02/2017 01:08,1.37485,5.024,0.022
647,03/02/2017 01:09,1.39438,4.999,0.022
648,03/02/2017 01:10,1.40415,5.024,0.022
649,03/02/2017 01:11,1.38767,5.024,0.022
650,03/02/2017 01:12,1.3663,5.024,0.022
651,03/02/2017 01:13,1.3956,5.024,0.022
652,03/02/2017 01:14,1.36996,5.024,0.022
653,03/02/2017 01:15,1.34554,5.05,0.022
654,03/02/2017 01:16,1.38156,5.05,0.022
655,03/02/2017 01:17,1.38217,5.102,0.022
656,03/02/2017 01:18,1.34982,5.128,0.022
657,03/02/2017 01:19,1.39194,5.128,0.022
658,03/02/2017 01:20,1.37424,5.154,0.022
659,03/02/2017 01:21,1.37485,5.128,0.022
660,03/02/2017 01:22,1.40476,5.154,0.022
661,03/02/2017 01:23,1.38217,5.128,0.022
662,03/02/2017 01:24,1.38095,5.102,0.022
663,03/02/2017 01:25,1.36386,5.102,0.022
664,03/02/2017 01:26,1.35287,5.128,0.022
665,03/02/2017 01:27,1.41148,5.102,0.022
666,03/02/2017 01:28,1.37179,5.102,0.022
667,03/02/2017 01:29,1.35226,5.102,0.022
668,03/02/2017 01:30,1.35104,5.128,0.022
669,03/02/2017 01:31,1.33944,5.128,0.022
670,03/02/2017 01:32,1.34799,5.128,0.022
671,03/02/2017 01:33,1.37973,5.102,0.022
672,03/02/2017 01:34,1.35714,5.102,0.022
673,03/02/2017 01:35,1.37363,5.128,0.022
674,03/02/2017 01:36,1.40293,5.102,0.022
675,03/02/2017 01:37,1.34737,5.102,0.022
676,03/02/2017 01:38,1.35897,5.076,0.022
677,03/02/2017 01:39,1.38767,4.999,0.022
678,03/02/2017 01:40,1.39927,5.05,0.022
679,03/02/2017 01:41,1.40659,5.128,0.022
680,03/02/2017 01:42,1.38706,5.205,0.022
681,03/02/2017 01:43,1.36935,5.334,0.022
682,03/02/2017 01:44,1.40659,5.385,0.022
683,03/02/2017 01:45,1.37302,5.462,0.022
684,03/02/2017 01:46,1.39805,5.539,0.022
685,03/02/2017 01:47,1.36264,5.514,0.022
686,03/02/2017 01:48,1.40354,5.514,0.022
687,03/02/2017 01:49,1.37302,5.539,0.022
688,03/02/2017 01:50,1.41819,5.565,0.022
689,03/02/2017 01:51,1.37912,5.591,0.022
690,03/02/2017 01:52,1.4127,5.591,0.022
691,03/02/2017 01:53,1.36874,5.565,0.022
692,03/02/2017 01:54,1.37912,5.591,0.022
693,03/02/2017 01:55,1.33333,5.668,0.022
694,03/02/2017 01:56,1.38706,5.719,0.022
695,03/02/2017 01:57,1.35531,5.745,0.022
696,03/02/2017 01:58,1.38523,5.796,0.022
697,03/02/2017 01:59,1.3956,5.847,0.022
698,03/02/2017 02:00,1.41209,5.898,0.022
699,03/02/2017 02:01,1.35226,5.975,0.022
700,03/02/2017 02:02,1.3663,6,0.022
701,03/02/2017 02:03,1.35775,6.026,0.022
702,03/02/2017 02:04,1.34737,6.051,0.022
703,03/02/2017 02:05,1.39133,6.051,0.022
704,03/02/2017 02:06,1.38034,6.102,0.022
705,03/02/2017 02:07,1.34493,6.153,0.022
706,03/02/2017 02:08,1.35531,6.204,0.022
707,03/02/2017 02:09,1.3602,6.204,0.022
708,03/02/2017 02:10,1.33883,6.179,0.022
709,03/02/2017 02:11,1.37057,6.179,0.022
710,03/02/2017 02:12,1.38462,6.179,0.022
711,03/02/2017 02:13,1.33455,6.23,0.022
712,03/02/2017 02:14,1.40537,6.255,0.022
713,03/02/2017 02:15,1.39499,6.281,0.022
714,03/02/2017 02:16,1.39316,6.306,0.022
715,03/02/2017 02:17,1.39133,6.281,0.022
716,03/02/2017 02:18,1.38034,6.331,0.022
717,03/02/2017 02:19,1.38278,6.357,0.022
718,03/02/2017 02:20,1.37302,6.408,0.022
719,03/02/2017 02:21,1.38828,6.458,0.022
720,03/02/2017 02:22,1.38584,6.509,0.022
721,03/02/2017 02:23,1.36996,6.56,0.022
722,03/02/2017 02:24,1.39255,6.611,0.022
723,03/02/2017 02:25,1.3779,6.636,0.022
724,03/02/2017 02:26,1.3895,6.687,0.022
725,03/02/2017 02:27,1.4011,6.737,0.022
726,03/02/2017 02:28,1.36264,6.788,0.022
727,03/02/2017 02:29,1.39011,6.839,0.022
728,03/02/2017 02:30,1.38034,6.914,0.022
729,03/02/2017 02:31,1.38584,6.94,0.022
730,03/02/2017 02:32,1.40232,6.99,0.022
731,03/02/2017 02:33,1.35836,7.015,0.022
732,03/02/2017 02:34,1.3956,7.041,0.022
733,03/02/2017 02:35,1.37179,7.041,0.022
734,03/02/2017 02:36,1.37424,7.041,0.022
735,03/02/2017 02:37,1.38339,7.091,0.022
736,03/02/2017 02:38,1.39194,7.066,0.022
737,03/02/2017 02:39,1.40232,7.091,0.022
738,03/02/2017 02:40,1.33639,7.116,0.022
739,03/02/2017 02:41,1.39927,7.142,0.022
740,03/02/2017 02:42,1.34921,7.167,0.022
741,03/02/2017 02:43,1.36142,7.192,0.022
742,03/02/2017 02:44,1.39927,7.242,0.022
743,03/02/2017 02:45,1.39683,7.293,0.022
744,03/02/2017 02:46,1.39194,7.293,0.022
745,03/02/2017 02:47,1.35714,7.318,0.022
746,03/02/2017 02:48,1.39744,7.293,0.022
747,03/02/2017 02:49,1.35348,7.318,0.022
748,03/02/2017 02:50,1.34676,7.343,0.022
749,03/02/2017 02:51,1.37973,7.393,0.022
750,03/02/2017 02:52,1.34676,7.419,0.022
751,03/02/2017 02:53,1.36569,7.469,0.022
752,03/02/2017 02:54,1.36752,7.544,0.022
753,03/02/2017 02:55,1.38828,7.619,0.022
754,03/02/2017 02:56,1.37607,7.645,0.022
755,03/02/2017 02:57,1.35836,7.695,0.022
756,03/02/2017 02:58,1.37729,7.72,0.022
757,03/02/2017 02:59,1.38217,7.745,0.022
758,03/02/2017 03:00,1.3779,7.745,0.022
759,03/02/2017 03:01,1.39377,7.77,0.022
760,03/02/2017 03:02,1.38278,7.82,0.022
761,03/02/2017 03:03,1.40476,7.795,0.022
762,03/02/2017 03:04,1.37607,7.845,0.022
763,03/02/2017 03:05,1.38767,7.87,0.022
764,03/02/2017 03:06,1.37179,7.87,0.022
765,03/02/2017 03:07,1.3956,7.87,0.022
766,03/02/2017 03:08,1.35958,7.895,0.022
767,03/02/2017 03:09,1.36081,7.945,0.022
768,03/02/2017 03:10,1.38156,7.995,0.022
769,03/02/2017 03:11,1.38706,8.045,0.022
770,03/02/2017 03:12,1.41514,8.095,0.022
771,03/02/2017 03:13,1.41758,8.12,0.022
772,03/02/2017 03:14,1.37424,8.17,0.022
773,03/02/2017 03:15,1.40293,8.195,0.022
774,03/02/2017 03:16,1.37179,8.245,0.022
775,03/02/2017 03:17,1.37607,8.295,0.022
776,03/02/2017 03:18,1.38767,8.319,0.022
777,03/02/2017 03:19,1.34371,8.344,0.022
778,03/02/2017 03:20,1.38828,8.344,0.022
779,03/02/2017 03:21,1.3956,8.344,0.022
780,03/02/2017 03:22,1.38339,8.369,0.022
781,03/02/2017 03:23,1.36508,8.419,0.022
782,03/02/2017 03:24,1.39072,8.469,0.022
783,03/02/2017 03:25,1.37912,8.519,0.022
784,03/02/2017 03:26,1.38095,8.543,0.022
785,03/02/2017 03:27,1.41453,8.568,0.022
786,03/02/2017 03:28,1.4188,8.593,0.022
787,03/02/2017 03:29,1.40904,8.618,0.022
788,03/02/2017 03:30,1.38584,8.668,0.022
789,03/02/2017 03:31,1.40171,8.717,0.022
790,03/02/2017 03:32,1.38034,8.742,0.022
791,03/02/2017 03:33,1.39011,8.767,0.022
792,03/02/2017 03:34,1.37057,8.817,0.022
793,03/02/2017 03:35,1.37546,8.817,0.022
794,03/02/2017 03:36,1.37973,8.841,0.022
795,03/02/2017 03:37,1.39377,8.841,0.022
796,03/02/2017 03:38,1.35958,8.841,0.022
797,03/02/2017 03:39,1.39255,8.866,0.022
798,03/02/2017 03:40,1.40232,8.916,0.022
799,03/02/2017 03:41,1.37668,8.916,0.022
800,03/02/2017 03:42,1.39683,8.941,0.022
801,03/02/2017 03:43,1.40293,8.965,0.022
802,03/02/2017 03:44,1.36813,9.015,0.022
803,03/02/2017 03:45,1.38767,9.089,0.022
804,03/02/2017 03:46,1.36447,9.163,0.022
805,03/02/2017 03:47,1.37363,9.213,0.022
806,03/02/2017 03:48,1.41026,9.238,0.022
807,03/02/2017 03:49,1.39194,9.262,0.022
808,03/02/2017 03:50,1.37241,9.287,0.022
809,03/02/2017 03:51,1.36508,9.312,0.022
810,03/02/2017 03:52,1.39866,9.336,0.022
811,03/02/2017 03:53,1.39744,9.386,0.022
812,03/02/2017 03:54,1.36691,9.386,0.022
813,03/02/2017 03:55,1.38828,9.41,0.022
814,03/02/2017 03:56,1.38339,9.435,0.022
815,03/02/2017 03:57,1.39866,9.46,0.022
816,03/02/2017 03:58,1.37668,9.509,0.022
817,03/02/2017 03:59,1.37668,9.583,0.022
818,03/02/2017 04:00,1.38156,9.657,0.022
819,03/02/2017 04:01,1.38278,9.632,0.022
820,03/02/2017 04:02,1.36874,9.632,0.022
821,03/02/2017 04:03,1.39438,9.657,0.022
822,03/02/2017 04:04,1.35714,9.731,0.022
823,03/02/2017 04:05,1.42247,9.78,0.022
824,03/02/2017 04:06,1.38828,9.756,0.022
825,03/02/2017 04:07,1.39744,9.731,0.022
826,03/02/2017 04:08,1.38584,9.756,0.022
827,03/02/2017 04:09,1.40415,9.829,0.022
828,03/02/2017 04:10,1.37118,9.879,0.022
829,03/02/2017 04:11,1.40598,9.879,0.022
830,03/02/2017 04:12,1.40171,9.879,0.022
831,03/02/2017 04:13,1.41758,9.928,0.022
832,03/02/2017 04:14,1.36447,9.977,0.022
833,03/02/2017 04:15,1.39744,10.026,0.022
834,03/02/2017 04:16,1.39988,10.051,0.022
835,03/02/2017 04:17,1.37729,10.075,0.022
836,03/02/2017 04:18,1.36447,10.124,0.022
837,03/02/2017 04:19,1.3956,10.124,0.022
838,03/02/2017 04:20,1.41819,10.124,0.022
839,03/02/2017 04:21,1.39316,10.173,0.022
840,03/02/2017 04:22,1.36569,10.271,0.022
841,03/02/2017 04:23,1.37179,10.296,0.022
842,03/02/2017 04:24,1.40476,10.32,0.022
843,03/02/2017 04:25,1.36752,10.32,0.022
844,03/02/2017 04:26,1.38706,10.32,0.022
845,03/02/2017 04:27,1.37485,10.32,0.022
846,03/02/2017 04:28,1.38584,10.345,0.022
847,03/02/2017 04:29,1.38828,10.394,0.022
848,03/02/2017 04:30,1.34982,10.418,0.022
849,03/02/2017 04:31,1.36447,10.443,0.022
850,03/02/2017 04:32,1.41758,10.492,0.022
851,03/02/2017 04:33,1.36874,10.541,0.022
852,03/02/2017 04:34,1.40049,10.565,0.022
853,03/02/2017 04:35,1.36874,10.614,0.022
854,03/02/2017 04:36,1.3956,10.614,0.022
855,03/02/2017 04:37,1.39438,10.663,0.022
856,03/02/2017 04:38,1.3779,10.687,0.022
857,03/02/2017 04:39,1.38095,10.712,0.022
858,03/02/2017 04:40,1.38156,10.761,0.022
859,03/02/2017 04:41,1.38462,10.81,0.022
860,03/02/2017 04:42,1.4127,10.81,0.022
861,03/02/2017 04:43,1.39316,10.858,0.022
862,03/02/2017 04:44,1.34921,10.883,0.022
863,03/02/2017 04:45,1.39072,10.932,0.022
864,03/02/2017 04:46,1.38584,10.98,0.022
865,03/02/2017 04:47,1.40049,11.005,0.022
866,03/02/2017 04:48,1.38217,11.029,0.022
867,03/02/2017 04:49,1.3602,11.127,0.022
868,03/02/2017 04:50,1.38278,11.2,0.022
869,03/02/2017 04:51,1.40842,11.2,0.022
870,03/02/2017 04:52,1.39683,11.248,0.022
871,03/02/2017 04:53,1.39316,11.248,0.022
872,03/02/2017 04:54,1.37363,11.248,0.022
873,03/02/2017 04:55,1.38523,11.273,0.022
874,03/02/2017 04:56,1.37851,11.273,0.022
875,03/02/2017 04:57,1.40293,11.321,0.022
876,03/02/2017 04:58,1.39316,11.37,0.022
877,03/02/2017 04:59,1.38156,11.419,0.022
878,03/02/2017 05:00,1.37851,11.443,0.022
879,03/02/2017 05:01,1.37668,11.419,0.022
880,03/02/2017 05:02,1.36569,11.443,0.022
881,03/02/2017 05:03,1.36996,11.467,0.022
882,03/02/2017 05:04,1.38095,11.516,0.022
883,03/02/2017 05:05,1.40598,11.565,0.022
884,03/02/2017 05:06,1.37851,11.589,0.022
885,03/02/2017 05:07,1.40476,11.613,0.022
886,03/02/2017 05:08,1.35958,11.637,0.022
887,03/02/2017 05:09,1.384,11.637,0.022
888,03/02/2017 05:10,1.39377,11.662,0.022
889,03/02/2017 05:11,1.39988,11.686,0.022
890,03/02/2017 05:12,1.42308,11.71,0.022
891,03/02/2017 05:13,1.384,11.759,0.022
892,03/02/2017 05:14,1.39499,11.807,0.022
893,03/02/2017 05:15,1.39805,11.856,0.022
894,03/02/2017 05:16,1.38706,11.88,0.022
895,03/02/2017 05:17,1.41026,11.929,0.022
896,03/02/2017 05:18,1.38217,11.977,0.022
897,03/02/2017 05:19,1.39744,12.025,0.022
898,03/02/2017 05:20,1.38889,12.025,0.022
899,03/02/2017 05:21,1.39683,12.001,0.022
900,03/02/2017 05:22,1.38523,12.05,0.022
901,03/02/2017 05:23,1.42979,12.05,0.022
902,03/02/2017 05:24,1.41514,12.074,0.022
903,03/02/2017 05:25,1.41514,12.122,0.022
904,03/02/2017 05:26,1.39194,12.147,0.022
905,03/02/2017 05:27,1.38645,12.171,0.022
906,03/02/2017 05:28,1.384,12.219,0.022
907,03/02/2017 05:29,1.35653,12.268,0.022
908,03/02/2017 05:30,1.3663,12.292,0.022
909,03/02/2017 05:31,1.38584,12.292,0.022
910,03/02/2017 05:32,1.38645,12.292,0.022
911,03/02/2017 05:33,1.39683,12.34,0.022
912,03/02/2017 05:34,1.40659,12.413,0.022
913,03/02/2017 05:35,1.41575,12.461,0.022
914,03/02/2017 05:36,1.384,12.509,0.022
915,03/02/2017 05:37,1.40537,12.534,0.022
916,03/02/2017 05:38,1.3779,12.534,0.022
917,03/02/2017 05:39,1.38523,12.558,0.022
918,03/02/2017 05:40,1.40049,12.606,0.022
919,03/02/2017 05:41,1.39744,12.654,0.022
920,03/02/2017 05:42,1.42125,12.678,0.022
921,03/02/2017 05:43,1.39988,12.751,0.022
922,03/02/2017 05:44,1.38645,12.799,0.022
923,03/02/2017 05:45,1.42552,12.896,0.022
924,03/02/2017 05:46,1.36935,12.968,0.022
925,03/02/2017 05:47,1.37912,13.016,0.022
926,03/02/2017 05:48,1.37973,13.016,0.022
927,03/02/2017 05:49,1.40598,13.016,0.022
928,03/02/2017 05:50,1.36081,13.04,0.022
929,03/02/2017 05:51,1.41758,13.04,0.022
930,03/02/2017 05:52,1.38034,13.04,0.022
931,03/02/2017 05:53,1.37851,13.04,0.022
932,03/02/2017 05:54,1.40904,13.088,0.022
933,03/02/2017 05:55,1.39744,13.112,0.022
934,03/02/2017 05:56,1.38889,13.088,0.022
935,03/02/2017 05:57,1.39377,13.088,0.022
936,03/02/2017 05:58,1.4188,13.112,0.022
937,03/02/2017 05:59,1.36203,13.161,0.022
938,03/02/2017 06:00,1.37363,13.209,0.022
939,03/02/2017 06:01,1.39133,13.233,0.022
940,03/02/2017 06:02,1.39927,13.281,0.022
941,03/02/2017 06:03,1.40965,13.281,0.022
942,03/02/2017 06:04,1.37851,13.329,0.022
943,03/02/2017 06:05,1.38462,13.329,0.022
944,03/02/2017 06:06,1.41636,13.353,0.022
945,03/02/2017 06:07,1.40476,13.377,0.022
946,03/02/2017 06:08,1.41087,13.425,0.022
947,03/02/2017 06:09,1.39621,13.473,0.022
948,03/02/2017 06:10,1.36569,13.546,0.022
949,03/02/2017 06:11,1.40049,13.546,0.022
950,03/02/2017 06:12,1.40476,13.546,0.022
951,03/02/2017 06:13,1.41148,13.546,0.022
952,03/02/2017 06:14,1.39988,13.546,0.022
953,03/02/2017 06:15,1.39499,13.57,0.022
954,03/02/2017 06:16,1.37851,13.618,0.022
955,03/02/2017 06:17,1.38278,13.642,0.022
956,03/02/2017 06:18,1.36569,13.69,0.022
957,03/02/2017 06:19,1.39194,13.714,0.022
958,03/02/2017 06:20,1.39316,13.786,0.022
959,03/02/2017 06:21,1.38767,13.834,0.022
960,03/02/2017 06:22,1.40781,13.882,0.022
961,03/02/2017 06:23,1.39194,13.93,0.022
962,03/02/2017 06:24,1.37607,13.954,0.022
963,03/02/2017 06:25,1.39194,13.978,0.022
964,03/02/2017 06:26,1.41941,14.026,0.022
965,03/02/2017 06:27,1.37179,14.074,0.022
966,03/02/2017 06:28,1.42125,14.122,0.022
967,03/02/2017 06:29,1.38889,14.146,0.022
968,03/02/2017 06:30,1.37485,14.17,0.022
969,03/02/2017 06:31,1.40232,14.218,0.022
970,03/02/2017 06:32,1.37179,14.218,0.022
971,03/02/2017 06:33,1.39744,14.242,0.022
972,03/02/2017 06:34,1.37973,14.266,0.022
973,03/02/2017 06:35,1.42796,14.29,0.022
974,03/02/2017 06:36,1.42491,14.29,0.022
975,03/02/2017 06:37,1.40049,14.314,0.022
976,03/02/2017 06:38,1.40476,14.361,0.022
977,03/02/2017 06:39,1.39133,14.409,0.022
978,03/02/2017 06:40,1.36691,14.457,0.022
979,03/02/2017 06:41,1.40049,14.481,0.022
980,03/02/2017 06:42,1.38523,14.505,0.022
981,03/02/2017 06:43,1.41575,14.529,0.022
982,03/02/2017 06:44,1.37363,14.553,0.022
983,03/02/2017 06:45,1.39805,14.577,0.022
984,03/02/2017 06:46,1.39377,14.577,0.022
985,03/02/2017 06:47,1.39133,14.601,0.022
986,03/02/2017 06:48,1.39377,14.625,0.022
987,03/02/2017 06:49,1.40354,14.649,0.022
988,03/02/2017 06:50,1.39194,14.673,0.022
989,03/02/2017 06:51,1.40476,14.721,0.022
990,03/02/2017 06:52,1.40965,14.768,0.022
991,03/02/2017 06:53,1.40476,14.792,0.022
992,03/02/2017 06:54,1.40293,14.84,0.022
993,03/02/2017 06:55,1.40293,14.864,0.022
994,03/02/2017 06:56,1.40049,14.936,0.022
995,03/02/2017 06:57,1.36508,15.008,0.022
996,03/02/2017 06:58,1.39194,15.055,0.022
997,03/02/2017 06:59,1.39072,15.055,0.022
998,03/02/2017 07:00,1.38217,15.151,0.022
999,03/02/2017 07:01,1.39683,15.199,0.022
1000,03/02/2017 07:02,1.37912,15.247,0.022
1001,03/02/2017 07:03,1.42308,15.27,0.022
1002,03/02/2017 07:04,1.40415,15.27,0.022
1003,03/02/2017 07:05,1.38645,14.864,0.022
1004,03/02/2017 07:06,1.37973,14.433,0.022
1005,03/02/2017 07:07,1.37118,14.481,0.022
1006,03/02/2017 07:08,1.39927,14.649,0.022
1007,03/02/2017 07:09,1.39499,14.816,0.022
1008,03/02/2017 07:10,1.40965,15.008,0.022
1009,03/02/2017 07:11,1.38462,15.175,0.022
1010,03/02/2017 07:12,1.40415,15.342,0.022
1011,03/02/2017 07:13,1.38828,15.485,0.022
1012,03/02/2017 07:14,1.39927,15.509,0.022
1013,03/02/2017 07:15,1.38584,14.984,0.022
1014,03/02/2017 07:16,1.4011,14.385,0.022
1015,03/02/2017 07:17,1.37424,14.242,0.022
1016,03/02/2017 07:18,1.40537,14.529,0.022
1017,03/02/2017 07:19,1.38462,14.936,0.022
1018,03/02/2017 07:20,1.39255,15.342,0.022
1019,03/02/2017 07:21,1.37546,15.772,0.022
1020,03/02/2017 07:22,1.40659,16.177,0.022
1021,03/02/2017 07:23,1.3779,15.509,0.022
1022,03/02/2017 07:24,1.41514,14.697,0.022
1023,03/02/2017 07:25,1.40049,14.146,0.022
1024,03/02/2017 07:26,1.4072,13.954,0.022
1025,03/02/2017 07:27,1.40904,14.481,0.022
1026,03/02/2017 07:28,1.39683,15.199,0.022
1027,03/02/2017 07:29,1.39194,15.891,0.022
1028,03/02/2017 07:30,1.38523,16.487,0.022
1029,03/02/2017 07:31,1.38523,16.582,0.022
1030,03/02/2017 07:32,1.39621,15.079,0.022
1031,03/02/2017 07:33,1.4072,14.194,0.022
1032,03/02/2017 07:34,1.40537,13.594,0.022
1033,03/02/2017 07:35,1.37851,14.194,0.022
1034,03/02/2017 07:36,1.38034,15.27,0.022
1035,03/02/2017 07:37,1.38706,16.344,0.022
1036,03/02/2017 07:38,1.39866,17.296,0.022
1037,03/02/2017 07:39,1.39194,17.153,0.022
1038,03/02/2017 07:40,1.39927,15.581,0.022
1039,03/02/2017 07:41,1.39194,14.625,0.022
1040,03/02/2017 07:42,1.38462,13.954,0.022
1041,03/02/2017 07:43,1.41087,13.858,0.022
1042,03/02/2017 07:44,1.39683,15.055,0.022
1043,03/02/2017 07:45,1.39438,16.439,0.022
1044,03/02/2017 07:46,1.40354,17.653,0.022
1045,03/02/2017 07:47,1.38095,17.653,0.022
1046,03/02/2017 07:48,1.41392,16.034,0.022
1047,03/02/2017 07:49,1.40842,14.96,0.022
1048,03/02/2017 07:50,1.4127,14.29,0.022
1049,03/02/2017 07:51,1.41087,13.762,0.022
1050,03/02/2017 07:52,1.41941,14.529,0.022
1051,03/02/2017 07:53,1.39499,16.153,0.022
1052,03/02/2017 07:54,1.39194,17.772,0.022
1053,03/02/2017 07:55,1.41392,18.224,0.022
1054,03/02/2017 07:56,1.41758,16.749,0.022
1055,03/02/2017 07:57,1.4243,15.533,0.022
1056,03/02/2017 07:58,1.40842,14.792,0.022
1057,03/02/2017 07:59,1.40965,14.266,0.022
1058,03/02/2017 08:00,1.384,13.906,0.022
1059,03/02/2017 08:01,1.41209,15.199,0.022
1060,03/02/2017 08:02,1.41514,17.13,0.022
1061,03/02/2017 08:03,1.39988,18.533,0.022
1062,03/02/2017 08:04,1.39316,17.938,0.022
1063,03/02/2017 08:05,1.38217,16.439,0.022
1064,03/02/2017 08:06,1.37973,15.533,0.022
1065,03/02/2017 08:07,1.40598,14.888,0.022
1066,03/02/2017 08:08,1.39316,14.481,0.022
1067,03/02/2017 08:09,1.4188,14.242,0.022
1068,03/02/2017 08:10,1.36325,15.151,0.022
1069,03/02/2017 08:11,1.4127,17.249,0.022
1070,03/02/2017 08:12,1.40171,18.485,0.022
1071,03/02/2017 08:13,1.38095,17.962,0.022
1072,03/02/2017 08:14,1.40598,16.749,0.022
1073,03/02/2017 08:15,1.39499,15.867,0.022
1074,03/02/2017 08:16,1.40476,15.366,0.022
1075,03/02/2017 08:17,1.41392,15.031,0.022
1076,03/02/2017 08:18,1.40598,14.864,0.022
1077,03/02/2017 08:19,1.35714,14.816,0.022
1078,03/02/2017 08:20,1.37241,14.84,0.022
1079,03/02/2017 08:21,1.40537,16.106,0.022
1080,03/02/2017 08:22,1.38828,17.582,0.022
1081,03/02/2017 08:23,1.37546,17.724,0.022
1082,03/02/2017 08:24,1.38523,17.344,0.022
1083,03/02/2017 08:25,1.36874,16.868,0.022
1084,03/02/2017 08:26,1.40293,16.487,0.022
1085,03/02/2017 08:27,1.42002,16.225,0.022
1086,03/02/2017 08:28,1.3895,16.034,0.022
1087,03/02/2017 08:29,1.39927,15.963,0.022
1088,03/02/2017 08:30,1.42002,15.986,0.022
1089,03/02/2017 08:31,1.39072,16.082,0.022
1090,03/02/2017 08:32,1.39744,16.272,0.022
1091,03/02/2017 08:33,1.37363,16.487,0.022
1092,03/02/2017 08:34,1.41148,16.701,0.022
1093,03/02/2017 08:35,1.39194,16.963,0.022
1094,03/02/2017 08:36,1.37241,17.225,0.022
1095,03/02/2017 08:37,1.38095,17.486,0.022
1096,03/02/2017 08:38,1.40537,17.748,0.022
1097,03/02/2017 08:39,1.4188,18.01,0.022
1098,03/02/2017 08:40,1.40415,18.176,0.022
1099,03/02/2017 08:41,1.40476,18.319,0.022
1100,03/02/2017 08:42,1.39499,18.438,0.022
1101,03/02/2017 08:43,1.40781,18.461,0.022
1102,03/02/2017 08:44,1.38828,18.461,0.022
1103,03/02/2017 08:45,1.40537,18.438,0.022
1104,03/02/2017 08:46,1.3956,18.39,0.022
1105,03/02/2017 08:47,1.39072,18.295,0.022
1106,03/02/2017 08:48,1.40904,18.247,0.022
1107,03/02/2017 08:49,1.42247,18.2,0.022
1108,03/02/2017 08:50,1.41026,18.247,0.022
1109,03/02/2017 08:51,1.35775,18.271,0.022
1110,03/02/2017 08:52,1.4011,18.295,0.022
1111,03/02/2017 08:53,1.38523,18.366,0.022
1112,03/02/2017 08:54,1.39438,18.414,0.022
1113,03/02/2017 08:55,1.40171,18.485,0.022
1114,03/02/2017 08:56,1.42552,18.533,0.022
1115,03/02/2017 08:57,1.38767,18.58,0.022
1116,03/02/2017 08:58,1.38767,18.604,0.022
1117,03/02/2017 08:59,1.39072,18.652,0.022
1118,03/02/2017 09:00,1.42613,18.699,0.022
1119,03/02/2017 09:01,1.42125,18.699,0.022
1120,03/02/2017 09:02,1.37607,18.723,0.022
1121,03/02/2017 09:03,1.38217,18.747,0.022
1122,03/02/2017 09:04,1.42979,18.794,0.022
1123,03/02/2017 09:05,1.38339,18.818,0.022
1124,03/02/2017 09:06,1.39316,18.889,0.022
1125,03/02/2017 09:07,1.40232,18.937,0.022
1126,03/02/2017 09:08,1.42186,18.961,0.022
1127,03/02/2017 09:09,1.384,18.985,0.022
1128,03/02/2017 09:10,1.40781,19.008,0.022
1129,03/02/2017 09:11,1.39988,19.032,0.022
1130,03/02/2017 09:12,1.39988,19.056,0.022
1131,03/02/2017 09:13,1.43773,19.08,0.022
1132,03/02/2017 09:14,1.38828,19.103,0.022
1133,03/02/2017 09:15,1.41026,19.127,0.022
1134,03/02/2017 09:16,1.3895,19.175,0.022
1135,03/02/2017 09:17,1.41148,19.199,0.022
1136,03/02/2017 09:18,1.41758,19.246,0.022
1137,03/02/2017 09:19,1.39377,19.294,0.022
1138,03/02/2017 09:20,1.4011,19.318,0.022
1139,03/02/2017 09:21,1.40781,19.318,0.022
1140,03/02/2017 09:22,1.42735,19.341,0.022
1141,03/02/2017 09:23,1.4188,19.341,0.022
1142,03/02/2017 09:24,1.41636,19.365,0.022
1143,03/02/2017 09:25,1.41819,19.389,0.022
1144,03/02/2017 09:26,1.42674,19.413,0.022
1145,03/02/2017 09:27,1.42552,19.484,0.022
1146,03/02/2017 09:28,1.40965,19.532,0.022
1147,03/02/2017 09:29,1.40965,19.579,0.022
1148,03/02/2017 09:30,1.40171,19.627,0.022
1149,03/02/2017 09:31,1.39988,19.651,0.022
1150,03/02/2017 09:32,1.41758,19.674,0.022
1151,03/02/2017 09:33,1.40049,19.722,0.022
1152,03/02/2017 09:34,1.40415,19.77,0.022
1153,03/02/2017 09:35,1.39255,19.793,0.022
1154,03/02/2017 09:36,1.37546,19.817,0.022
1155,03/02/2017 09:37,1.39316,19.841,0.022
1156,03/02/2017 09:38,1.42308,19.865,0.022
1157,03/02/2017 09:39,1.43162,19.888,0.022
1158,03/02/2017 09:40,1.40659,19.912,0.022
1159,03/02/2017 09:41,1.39866,19.936,0.022
1160,03/02/2017 09:42,1.38889,19.96,0.022
1161,03/02/2017 09:43,1.42125,20.007,0.022
1162,03/02/2017 09:44,1.39927,20.031,0.022
1163,03/02/2017 09:45,1.37912,20.055,0.022
1164,03/02/2017 09:46,1.42369,20.079,0.022
1165,03/02/2017 09:47,1.42552,20.103,0.022
1166,03/02/2017 09:48,1.42918,20.15,0.022
1167,03/02/2017 09:49,1.38584,20.198,0.022
1168,03/02/2017 09:50,1.40476,20.246,0.022
1169,03/02/2017 09:51,1.40965,20.269,0.022
1170,03/02/2017 09:52,1.40293,20.293,0.022
1171,03/02/2017 09:53,1.39377,20.293,0.022
1172,03/02/2017 09:54,1.39744,20.293,0.022
1173,03/02/2017 09:55,1.40965,20.317,0.022
1174,03/02/2017 09:56,1.40659,20.317,0.022
1175,03/02/2017 09:57,1.4072,20.365,0.022
1176,03/02/2017 09:58,1.43529,20.388,0.022
1177,03/02/2017 09:59,1.38645,20.436,0.022
1178,03/02/2017 10:00,1.41087,20.484,0.022
1179,03/02/2017 10:01,1.38217,20.531,0.022
1180,03/02/2017 10:02,1.41331,20.579,0.022
1181,03/02/2017 10:03,1.41758,20.627,0.022
1182,03/02/2017 10:04,1.38889,20.698,0.022
1183,03/02/2017 10:05,1.38156,20.722,0.022
1184,03/02/2017 10:06,1.39805,20.77,0.022
1185,03/02/2017 10:07,1.4304,20.817,0.022
1186,03/02/2017 10:08,1.38523,20.841,0.022
1187,03/02/2017 10:09,1.43407,20.889,0.022
1188,03/02/2017 10:10,1.38706,20.913,0.022
1189,03/02/2017 10:11,1.39927,20.913,0.022
1190,03/02/2017 10:12,1.38462,20.913,0.022
1191,03/02/2017 10:13,1.42796,20.913,0.022
1192,03/02/2017 10:14,1.40232,20.96,0.022
1193,03/02/2017 10:15,1.42308,21.008,0.022
1194,03/02/2017 10:16,1.4304,21.032,0.022
1195,03/02/2017 10:17,1.41331,21.056,0.022
1196,03/02/2017 10:18,1.36996,21.079,0.022
1197,03/02/2017 10:19,1.38645,21.103,0.022
1198,03/02/2017 10:20,1.40598,21.151,0.022
1199,03/02/2017 10:21,1.42979,21.175,0.022
1200,03/02/2017 10:22,1.40965,21.175,0.022
1201,03/02/2017 10:23,1.41514,21.175,0.022
1202,03/02/2017 10:24,1.42918,21.199,0.022
1203,03/02/2017 10:25,1.40965,21.223,0.022
1204,03/02/2017 10:26,1.39072,21.246,0.022
1205,03/02/2017 10:27,1.41148,21.27,0.022
1206,03/02/2017 10:28,1.43468,21.318,0.022
1207,03/02/2017 10:29,1.40171,21.342,0.022
1208,03/02/2017 10:30,1.39377,21.39,0.022
1209,03/02/2017 10:31,1.43468,21.413,0.022
1210,03/02/2017 10:32,1.41758,21.437,0.022
1211,03/02/2017 10:33,1.40354,21.461,0.022
1212,03/02/2017 10:34,1.3779,21.485,0.022
1213,03/02/2017 10:35,1.37363,21.509,0.022
1214,03/02/2017 10:36,1.44139,21.581,0.022
1215,03/02/2017 10:37,1.41209,21.628,0.022
1216,03/02/2017 10:38,1.39072,21.7,0.022
1217,03/02/2017 10:39,1.40476,21.748,0.022
1218,03/02/2017 10:40,1.41392,21.748,0.022
1219,03/02/2017 10:41,1.41209,21.795,0.022
1220,03/02/2017 10:42,1.39866,21.819,0.022
1221,03/02/2017 10:43,1.40781,21.867,0.022
1222,03/02/2017 10:44,1.39194,21.891,0.022
1223,03/02/2017 10:45,1.42002,21.939,0.022
1224,03/02/2017 10:46,1.41819,21.963,0.022
1225,03/02/2017 10:47,1.41392,21.939,0.022
1226,03/02/2017 10:48,1.43651,21.963,0.022
1227,03/02/2017 10:49,1.38095,22.011,0.022
1228,03/02/2017 10:50,1.39438,22.011,0.022
1229,03/02/2017 10:51,1.42369,22.034,0.022
1230,03/02/2017 10:52,1.42491,22.058,0.022
1231,03/02/2017 10:53,1.41026,22.106,0.022
1232,03/02/2017 10:54,1.40537,22.106,0.022
1233,03/02/2017 10:55,1.39316,22.154,0.022
1234,03/02/2017 10:56,1.43956,22.178,0.022
1235,03/02/2017 10:57,1.39927,22.226,0.022
1236,03/02/2017 10:58,1.39988,22.274,0.022
1237,03/02/2017 10:59,1.3956,22.321,0.022
1238,03/02/2017 11:00,1.4188,22.369,0.022
1239,03/02/2017 11:01,1.40171,22.417,0.022
1240,03/02/2017 11:02,1.38584,22.441,0.022
1241,03/02/2017 11:03,1.41026,22.441,0.022
1242,03/02/2017 11:04,1.42796,22.417,0.022
1243,03/02/2017 11:05,1.40598,22.441,0.022
1244,03/02/2017 11:06,1.37729,22.465,0.022
1245,03/02/2017 11:07,1.38645,22.465,0.022
1246,03/02/2017 11:08,1.38767,22.513,0.022
1247,03/02/2017 11:09,1.41514,22.585,0.022
1248,03/02/2017 11:10,1.41514,22.633,0.022
1249,03/02/2017 11:11,1.42308,22.705,0.022
1250,03/02/2017 11:12,1.37729,22.705,0.022
1251,03/02/2017 11:13,1.44261,22.729,0.022
1252,03/02/2017 11:14,1.39011,22.753,0.022
1253,03/02/2017 11:15,1.37973,22.776,0.022
1254,03/02/2017 11:16,1.40171,22.776,0.022
1255,03/02/2017 11:17,1.44078,22.8,0.022
1256,03/02/2017 11:18,1.39988,22.824,0.022
1257,03/02/2017 11:19,1.42918,22.872,0.022
1258,03/02/2017 11:20,1.39621,22.872,0.022
1259,03/02/2017 11:21,1.39377,22.92,0.022
1260,03/02/2017 11:22,1.4359,22.968,0.022
1261,03/02/2017 11:23,1.39194,22.992,0.022
1262,03/02/2017 11:24,1.42613,23.04,0.022
1263,03/02/2017 11:25,1.40476,23.088,0.022
1264,03/02/2017 11:26,1.41331,23.112,0.022
1265,03/02/2017 11:27,1.40049,23.16,0.022
1266,03/02/2017 11:28,1.43956,23.184,0.022
1267,03/02/2017 11:29,1.40598,23.208,0.022
1268,03/02/2017 11:30,1.40781,23.232,0.022
1269,03/02/2017 11:31,1.4011,23.256,0.022
1270,03/02/2017 11:32,1.41148,23.28,0.022
1271,03/02/2017 11:33,1.39255,23.328,0.022
1272,03/02/2017 11:34,1.41392,23.376,0.022
1273,03/02/2017 11:35,1.39805,23.424,0.022
1274,03/02/2017 11:36,1.4243,23.472,0.022
1275,03/02/2017 11:37,1.41209,23.497,0.022
1276,03/02/2017 11:38,1.43834,23.497,0.022
1277,03/02/2017 11:39,1.37363,23.497,0.022
1278,03/02/2017 11:40,1.39805,23.521,0.022
1279,03/02/2017 11:41,1.44994,23.545,0.022
1280,03/02/2017 11:42,1.42674,23.569,0.022
1281,03/02/2017 11:43,1.38706,23.617,0.022
1282,03/02/2017 11:44,1.40415,23.617,0.022
1283,03/02/2017 11:45,1.38828,23.641,0.022
1284,03/02/2017 11:46,1.384,23.665,0.022
1285,03/02/2017 11:47,1.40842,23.689,0.022
1286,03/02/2017 11:48,1.37363,23.737,0.022
1287,03/02/2017 11:49,1.42918,23.785,0.022
1288,03/02/2017 11:50,1.42979,23.881,0.022
1289,03/02/2017 11:51,1.39255,23.93,0.022
1290,03/02/2017 11:52,1.41514,23.93,0.022
1291,03/02/2017 11:53,1.40537,23.954,0.022
1292,03/02/2017 11:54,1.41575,23.954,0.022
1293,03/02/2017 11:55,1.41392,23.978,0.022
1294,03/02/2017 11:56,1.42796,24.026,0.022
1295,03/02/2017 11:57,1.39683,24.026,0.022
1296,03/02/2017 11:58,1.42918,24.074,0.022
1297,03/02/2017 11:59,1.42796,24.098,0.022
1298,03/02/2017 12:00,1.43712,24.122,0.022
1299,03/02/2017 12:01,1.40476,24.146,0.022
1300,03/02/2017 12:02,1.40537,24.171,0.022
1301,03/02/2017 12:03,1.44139,24.219,0.022
1302,03/02/2017 12:04,1.41941,24.243,0.022
1303,03/02/2017 12:05,1.4072,24.291,0.022
1304,03/02/2017 12:06,1.40781,24.315,0.022
1305,03/02/2017 12:07,1.39683,24.339,0.022
1306,03/02/2017 12:08,1.42796,24.363,0.022
1307,03/02/2017 12:09,1.4072,24.388,0.022
1308,03/02/2017 12:10,1.44444,24.412,0.022
1309,03/02/2017 12:11,1.39683,24.46,0.022
1310,03/02/2017 12:12,1.4188,24.508,0.022
1311,03/02/2017 12:13,1.39011,24.532,0.022
1312,03/02/2017 12:14,1.44811,24.581,0.022
1313,03/02/2017 12:15,1.39133,24.605,0.022
1314,03/02/2017 12:16,1.4011,24.629,0.022
1315,03/02/2017 12:17,1.43773,24.653,0.022
1316,03/02/2017 12:18,1.37057,24.702,0.022
1317,03/02/2017 12:19,1.41209,24.726,0.022
1318,03/02/2017 12:20,1.43346,24.75,0.022
1319,03/02/2017 12:21,1.39438,24.774,0.022
1320,03/02/2017 12:22,1.41697,24.798,0.022
1321,03/02/2017 12:23,1.41331,24.823,0.022
1322,03/02/2017 12:24,1.44322,24.871,0.022
1323,03/02/2017 12:25,1.384,24.895,0.022
1324,03/02/2017 12:26,1.42063,24.919,0.022
1325,03/02/2017 12:27,1.42308,24.968,0.022
1326,03/02/2017 12:28,1.46093,24.992,0.022
