#,dates,temperature,tension,,,
2,23/04/2019 17:29:22,22.147,1.41775,,,
3,23/04/2019 17:30:22,22.164,1.27436,,,
4,23/04/2019 17:31:22,22.160,1.27424,,,
5,23/04/2019 17:32:22,22.164,1.27443,,,
6,23/04/2019 17:33:22,22.280,1.27485,,,
7,23/04/2019 17:34:22,24.246,1.27497,,,
8,23/04/2019 17:35:22,27.628,1.27913,,,
9,23/04/2019 17:36:22,30.197,1.28260,,,
10,23/04/2019 17:37:22,30.436,1.28408,,,
11,23/04/2019 17:38:22,29.776,1.28603,,,
12,23/04/2019 17:39:22,28.886,1.28626,,,
13,23/04/2019 17:40:22,27.986,1.28752,,,
14,23/04/2019 17:41:22,27.178,1.28767,,,
15,23/04/2019 17:42:22,26.501,1.28828,,,
16,23/04/2019 17:43:22,25.984,1.28893,,,
17,23/04/2019 17:44:22,25.665,1.28943,,,
18,23/04/2019 17:45:22,25.362,1.54334,,,
19,23/04/2019 17:46:22,25.151,1.29828,,,
20,23/04/2019 17:47:22,25.040,1.30041,,,
21,23/04/2019 17:48:22,24.931,1.45533,,,
22,23/04/2019 17:49:22,24.835,1.29706,,,
23,23/04/2019 17:50:22,24.810,1.32181,,,
24,23/04/2019 17:51:22,24.791,1.57446,,,
25,23/04/2019 17:52:22,24.753,1.29267,,,
26,23/04/2019 17:53:22,24.742,1.46326,,,
27,23/04/2019 17:54:22,24.758,1.33505,,,
28,23/04/2019 17:55:22,24.765,1.29419,,,
29,23/04/2019 17:56:22,24.729,1.29133,,,
30,23/04/2019 17:57:22,24.696,1.29175,,,
31,23/04/2019 17:58:22,24.702,1.29362,,,
32,23/04/2019 17:59:22,24.677,1.29328,,,
33,23/04/2019 18:00:22,24.662,1.28977,,,
34,23/04/2019 18:01:22,24.661,1.28882,,,
35,23/04/2019 18:02:22,24.608,1.28954,,,
36,23/04/2019 18:03:22,24.582,1.28981,,,
37,23/04/2019 18:04:22,24.566,1.29000,,,
38,23/04/2019 18:05:22,24.531,1.29030,,,
39,23/04/2019 18:06:22,24.508,1.29034,,,
40,23/04/2019 18:07:22,24.489,1.29000,,,
41,23/04/2019 18:08:22,24.454,1.28779,,,
42,23/04/2019 18:09:22,24.418,1.28920,,,
43,23/04/2019 18:10:22,24.401,1.28916,,,
44,23/04/2019 18:11:22,24.398,1.28946,,,
45,23/04/2019 18:12:22,24.338,1.29026,,,
46,23/04/2019 18:13:22,24.300,1.28931,,,
47,23/04/2019 18:14:22,24.299,1.28969,,,
48,23/04/2019 18:15:22,24.255,1.28904,,,
49,23/04/2019 18:16:22,24.195,1.28923,,,
50,23/04/2019 18:17:22,24.175,1.28920,,,
51,23/04/2019 18:18:22,24.166,1.29019,,,
52,23/04/2019 18:19:22,24.110,1.28706,,,
53,23/04/2019 18:20:22,24.070,1.28885,,,
54,23/04/2019 18:21:22,24.074,1.28859,,,
55,23/04/2019 18:22:22,24.021,1.28866,,,
56,23/04/2019 18:23:22,23.973,1.28862,,,
57,23/04/2019 18:24:22,23.987,1.28878,,,
58,23/04/2019 18:25:22,23.931,1.28809,,,
59,23/04/2019 18:26:22,23.889,1.28569,,,
60,23/04/2019 18:27:22,23.865,1.28790,,,
61,23/04/2019 18:28:22,23.850,1.28737,,,
62,23/04/2019 18:29:22,23.808,1.28325,,,
63,23/04/2019 18:30:22,23.772,1.28664,,,
64,23/04/2019 18:31:22,23.773,1.28729,,,
65,23/04/2019 18:32:22,23.711,1.28710,,,
66,23/04/2019 18:33:22,23.681,1.28691,,,
67,23/04/2019 18:34:22,23.687,1.28725,,,
68,23/04/2019 18:35:22,23.629,1.28740,,,
69,23/04/2019 18:36:22,23.602,1.28756,,,
70,23/04/2019 18:37:22,23.588,1.28721,,,
71,23/04/2019 18:38:22,23.543,1.28737,,,
72,23/04/2019 18:39:22,23.475,1.28771,,,
73,23/04/2019 18:40:22,23.459,1.28355,,,
74,23/04/2019 18:41:22,23.447,1.28405,,,
75,23/04/2019 18:42:22,23.379,1.28660,,,
76,23/04/2019 18:43:22,23.351,1.28492,,,
77,23/04/2019 18:44:22,23.327,1.28744,,,
78,23/04/2019 18:45:22,23.279,1.28523,,,
79,23/04/2019 18:46:22,23.253,1.28527,,,
80,23/04/2019 18:47:22,23.264,1.28511,,,
81,23/04/2019 18:48:22,23.213,1.28504,,,
82,23/04/2019 18:49:22,23.172,1.28496,,,
83,23/04/2019 18:50:22,23.150,1.28557,,,
84,23/04/2019 18:51:22,23.142,1.28511,,,
85,23/04/2019 18:52:22,23.099,1.28412,,,
86,23/04/2019 18:53:22,23.075,1.28454,,,
87,23/04/2019 18:54:22,23.037,1.28431,,,
88,23/04/2019 18:55:22,22.998,1.28416,,,
89,23/04/2019 18:56:22,22.970,1.28202,,,
90,23/04/2019 18:57:22,22.938,1.28267,,,
91,23/04/2019 18:58:22,22.908,1.28359,,,
92,23/04/2019 18:59:22,22.854,1.28378,,,
93,23/04/2019 19:00:22,22.836,1.28374,,,
94,23/04/2019 19:01:22,22.844,1.28313,,,
95,23/04/2019 19:02:22,22.787,1.28336,,,
96,23/04/2019 19:03:22,22.764,1.28286,,,
97,23/04/2019 19:04:22,22.735,1.28233,,,
98,23/04/2019 19:05:22,22.670,1.28248,,,
99,23/04/2019 19:06:22,22.657,1.28229,,,
100,23/04/2019 19:07:22,22.652,1.28145,,,
101,23/04/2019 19:08:22,22.603,1.28244,,,
102,23/04/2019 19:09:22,22.567,1.28122,,,
103,23/04/2019 19:10:22,22.585,1.28111,,,
104,23/04/2019 19:11:22,22.543,1.28145,,,
105,23/04/2019 19:12:22,22.488,1.28164,,,
106,23/04/2019 19:13:22,22.474,1.28134,,,
107,23/04/2019 19:14:22,22.447,1.28096,,,
108,23/04/2019 19:15:22,22.381,1.28111,,,
109,23/04/2019 19:16:22,22.341,1.28008,,,
110,23/04/2019 19:17:22,22.329,1.28000,,,
111,23/04/2019 19:18:22,22.299,1.28000,,,
112,23/04/2019 19:19:22,22.274,1.28012,,,
113,23/04/2019 19:20:22,22.233,1.28023,,,
114,23/04/2019 19:21:22,22.233,1.27996,,,
115,23/04/2019 19:22:22,22.196,1.27878,,,
116,23/04/2019 19:23:22,22.142,1.27718,,,
117,23/04/2019 19:24:22,22.114,1.27951,,,
118,23/04/2019 19:25:22,22.073,1.27909,,,
119,23/04/2019 19:26:22,22.037,1.27840,,,
120,23/04/2019 19:27:22,22.043,1.27829,,,
121,23/04/2019 19:28:22,22.011,1.27886,,,
122,23/04/2019 19:29:22,21.984,1.27790,,,
123,23/04/2019 19:30:22,21.942,1.27779,,,
124,23/04/2019 19:31:22,21.913,1.27829,,,
125,23/04/2019 19:32:22,21.872,1.27775,,,
126,23/04/2019 19:33:22,21.869,1.27913,,,
127,23/04/2019 19:34:22,21.831,1.27752,,,
128,23/04/2019 19:35:22,21.770,1.27707,,,
129,23/04/2019 19:36:22,21.728,1.27726,,,
130,23/04/2019 19:37:22,21.728,1.27653,,,
131,23/04/2019 19:38:22,21.694,1.27676,,,
132,23/04/2019 19:39:22,21.649,1.27436,,,
133,23/04/2019 19:40:22,21.658,1.27676,,,
134,23/04/2019 19:41:22,21.625,1.27676,,,
135,23/04/2019 19:42:22,21.563,1.27604,,,
136,23/04/2019 19:43:22,21.554,1.27600,,,
137,23/04/2019 19:44:22,21.528,1.27516,,,
138,23/04/2019 19:45:22,21.469,1.27562,,,
139,23/04/2019 19:46:22,21.424,1.27508,,,
140,23/04/2019 19:47:22,21.412,1.27554,,,
141,23/04/2019 19:48:22,21.395,1.27440,,,
142,23/04/2019 19:49:22,21.360,1.27527,,,
143,23/04/2019 19:50:22,21.355,1.27516,,,
144,23/04/2019 19:51:22,21.316,1.27508,,,
145,23/04/2019 19:52:22,21.255,1.27577,,,
146,23/04/2019 19:53:22,21.234,1.27562,,,
147,23/04/2019 19:54:22,21.209,1.27512,,,
148,23/04/2019 19:55:22,21.161,1.27539,,,
149,23/04/2019 19:56:22,21.109,1.27436,,,
150,23/04/2019 19:57:22,21.100,1.27432,,,
151,23/04/2019 19:58:22,21.084,1.27306,,,
152,23/04/2019 19:59:22,21.035,1.27260,,,
153,23/04/2019 20:00:22,21.020,1.27310,,,
154,23/04/2019 20:01:22,20.997,1.27245,,,
155,23/04/2019 20:02:22,20.966,1.27298,,,
156,23/04/2019 20:03:22,20.933,1.27340,,,
157,23/04/2019 20:04:22,20.923,1.30667,,,
158,23/04/2019 20:05:22,20.878,1.28347,,,
159,23/04/2019 20:06:22,20.838,1.27142,,,
160,23/04/2019 20:07:22,20.822,1.27146,,,
161,23/04/2019 20:08:22,20.768,1.27115,,,
162,23/04/2019 20:09:22,20.705,1.27024,,,
163,23/04/2019 20:10:22,20.710,1.27035,,,
164,23/04/2019 20:11:22,20.680,1.27077,,,
165,23/04/2019 20:12:22,20.628,1.27005,,,
166,23/04/2019 20:13:22,20.613,1.27005,,,
167,23/04/2019 20:14:22,20.594,1.27012,,,
168,23/04/2019 20:15:22,20.557,1.26947,,,
169,23/04/2019 20:16:22,20.530,1.26886,,,
170,23/04/2019 20:17:22,20.503,1.26871,,,
171,23/04/2019 20:18:22,20.476,1.26890,,,
172,23/04/2019 20:19:22,20.421,1.26833,,,
173,23/04/2019 20:20:22,20.388,1.26791,,,
174,23/04/2019 20:21:22,20.359,1.26802,,,
175,23/04/2019 20:22:22,20.323,1.26669,,,
176,23/04/2019 20:23:22,20.295,1.26745,,,
177,23/04/2019 20:24:22,20.262,1.26753,,,
178,23/04/2019 20:25:22,20.229,1.26677,,,
179,23/04/2019 20:26:22,20.219,1.26677,,,
180,23/04/2019 20:27:22,20.213,1.26566,,,
181,23/04/2019 20:28:22,20.158,1.26616,,,
182,23/04/2019 20:29:22,20.119,1.26585,,,
183,23/04/2019 20:30:22,20.104,1.26608,,,
184,23/04/2019 20:31:22,20.082,1.26535,,,
185,23/04/2019 20:32:22,20.034,1.26543,,,
186,23/04/2019 20:33:22,20.001,1.26482,,,
187,23/04/2019 20:34:22,20.004,1.26463,,,
188,23/04/2019 20:35:22,19.957,1.26463,,,
189,23/04/2019 20:36:22,19.917,1.26390,,,
190,23/04/2019 20:37:22,19.899,1.26375,,,
191,23/04/2019 20:38:22,19.826,1.26406,,,
192,23/04/2019 20:39:22,19.798,1.26356,,,
193,23/04/2019 20:40:22,19.796,1.26337,,,
194,23/04/2019 20:41:22,19.750,1.26333,,,
195,23/04/2019 20:42:22,19.708,1.26257,,,
196,23/04/2019 20:43:22,19.698,1.26246,,,
197,23/04/2019 20:44:22,19.689,1.26280,,,
198,23/04/2019 20:45:22,19.643,1.26162,,,
199,23/04/2019 20:46:22,19.615,1.26181,,,
200,23/04/2019 20:47:22,19.589,1.26074,,,
201,23/04/2019 20:48:22,19.548,1.26104,,,
202,23/04/2019 20:49:22,19.499,1.26062,,,
203,23/04/2019 20:50:22,19.494,1.26150,,,
204,23/04/2019 20:51:22,19.447,1.26078,,,
205,23/04/2019 20:52:22,19.395,1.26070,,,
206,23/04/2019 20:53:22,19.383,1.26062,,,
207,23/04/2019 20:54:22,19.366,1.26055,,,
208,23/04/2019 20:55:22,19.310,1.26097,,,
209,23/04/2019 20:56:22,19.279,1.26005,,,
210,23/04/2019 20:57:22,19.274,1.26059,,,
211,23/04/2019 20:58:22,19.218,1.26017,,,
212,23/04/2019 20:59:22,19.193,1.26017,,,
213,23/04/2019 21:00:22,19.190,1.25944,,,
214,23/04/2019 21:01:22,19.161,1.25895,,,
215,23/04/2019 21:02:22,19.123,1.25898,,,
216,23/04/2019 21:03:22,19.102,1.25914,,,
217,23/04/2019 21:04:22,19.062,1.25879,,,
218,23/04/2019 21:05:22,19.019,1.25940,,,
219,23/04/2019 21:06:22,19.010,1.25853,,,
220,23/04/2019 21:07:22,18.980,1.25715,,,
221,23/04/2019 21:08:22,18.928,1.25811,,,
222,23/04/2019 21:09:22,18.901,1.25845,,,
223,23/04/2019 21:10:22,18.883,1.25856,,,
224,23/04/2019 21:11:22,18.846,1.25792,,,
225,23/04/2019 21:12:22,18.787,1.25818,,,
226,23/04/2019 21:13:22,18.732,1.26139,,,
227,23/04/2019 21:14:22,18.702,1.25788,,,
228,23/04/2019 21:15:22,18.683,1.33745,,,
229,23/04/2019 21:16:22,18.650,1.30434,,,
230,23/04/2019 21:17:22,18.592,1.29938,,,
231,23/04/2019 21:18:22,18.571,1.27459,,,
232,23/04/2019 21:19:22,18.553,1.25807,,,
233,23/04/2019 21:20:22,18.503,1.25818,,,
234,23/04/2019 21:21:22,18.473,1.25818,,,
235,23/04/2019 21:22:22,18.469,1.25917,,,
236,23/04/2019 21:23:22,18.415,1.29465,,,
237,23/04/2019 21:24:22,18.384,1.25723,,,
238,23/04/2019 21:25:22,18.381,1.25814,,,
239,23/04/2019 21:26:22,18.319,1.25811,,,
240,23/04/2019 21:27:22,18.301,1.28462,,,
241,23/04/2019 21:28:22,18.277,1.28973,,,
242,23/04/2019 21:29:22,18.231,1.29923,,,
243,23/04/2019 21:30:22,18.175,1.33520,,,
244,23/04/2019 21:31:22,18.157,1.30705,,,
245,23/04/2019 21:32:22,18.148,1.33852,,,
246,23/04/2019 21:33:22,18.108,1.34115,,,
247,23/04/2019 21:34:22,18.072,1.32364,,,
248,23/04/2019 21:35:22,18.053,1.29263,,,
249,23/04/2019 21:36:22,18.008,1.34871,,,
250,23/04/2019 21:37:22,17.986,1.40436,,,
251,23/04/2019 21:38:22,17.953,1.40608,,,
252,23/04/2019 21:39:22,17.959,1.33597,,,
253,23/04/2019 21:40:22,17.907,1.40200,,,
254,23/04/2019 21:41:22,17.839,1.36530,,,
255,23/04/2019 21:42:22,17.843,1.33680,,,
256,23/04/2019 21:43:22,17.790,1.47219,,,
257,23/04/2019 21:44:22,17.746,1.53380,,,
258,23/04/2019 21:45:22,17.746,1.43912,,,
259,23/04/2019 21:46:22,17.683,1.44804,,,
260,23/04/2019 21:47:22,17.659,1.52220,,,
261,23/04/2019 21:48:22,17.639,1.44999,,,
262,23/04/2019 21:49:22,17.602,1.44762,,,
263,23/04/2019 21:50:22,17.561,1.42416,,,
264,23/04/2019 21:51:22,17.541,1.41989,,,
265,23/04/2019 21:52:22,17.524,1.37331,,,
266,23/04/2019 21:53:22,17.495,1.25593,,,
267,23/04/2019 21:54:22,17.443,1.25601,,,
268,23/04/2019 21:55:22,17.443,1.25635,,,
269,23/04/2019 21:56:22,17.400,1.25612,,,
270,23/04/2019 21:57:22,17.344,1.25628,,,
271,23/04/2019 21:58:22,17.324,1.25551,,,
272,23/04/2019 21:59:22,17.308,1.25620,,,
273,23/04/2019 22:00:22,17.253,1.25582,,,
274,23/04/2019 22:01:22,17.228,1.25566,,,
275,23/04/2019 22:02:22,17.217,1.25578,,,
276,23/04/2019 22:03:22,17.156,1.25570,,,
277,23/04/2019 22:04:22,17.126,1.25589,,,
278,23/04/2019 22:05:22,17.112,1.25597,,,
279,23/04/2019 22:06:22,17.089,1.25650,,,
280,23/04/2019 22:07:22,17.048,1.25628,,,
281,23/04/2019 22:08:22,17.036,1.25616,,,
282,23/04/2019 22:09:22,17.009,1.25650,,,
283,23/04/2019 22:10:22,16.963,1.25616,,,
284,23/04/2019 22:11:22,16.952,1.25593,,,
285,23/04/2019 22:12:22,16.935,1.25593,,,
286,23/04/2019 22:13:22,16.860,1.25559,,,
287,23/04/2019 22:14:22,16.839,1.25559,,,
288,23/04/2019 22:15:22,16.829,1.25528,,,
289,23/04/2019 22:16:22,16.780,1.25654,,,
290,23/04/2019 22:17:22,16.755,1.25547,,,
291,23/04/2019 22:18:22,16.705,1.25532,,,
292,23/04/2019 22:19:22,16.691,1.25540,,,
293,23/04/2019 22:20:22,16.627,1.25593,,,
294,23/04/2019 22:21:22,16.618,1.25631,,,
295,23/04/2019 22:22:22,16.615,1.25689,,,
296,23/04/2019 22:23:22,16.537,1.25658,,,
297,23/04/2019 22:24:22,16.534,1.25643,,,
298,23/04/2019 22:25:22,16.510,1.25620,,,
299,23/04/2019 22:26:22,16.445,1.25677,,,
300,23/04/2019 22:27:22,16.435,1.25589,,,
301,23/04/2019 22:28:22,16.426,1.25616,,,
302,23/04/2019 22:29:22,16.375,1.25586,,,
303,23/04/2019 22:30:22,16.332,1.25616,,,
304,23/04/2019 22:31:22,16.332,1.25544,,,
305,23/04/2019 22:32:22,16.280,1.25509,,,
306,23/04/2019 22:33:22,16.247,1.25547,,,
307,23/04/2019 22:34:22,16.228,1.25624,,,
308,23/04/2019 22:35:22,16.198,1.25628,,,
309,23/04/2019 22:36:22,16.149,1.25963,,,
310,23/04/2019 22:37:22,16.093,1.73400,,,
311,23/04/2019 22:38:22,16.082,1.87644,,,
312,23/04/2019 22:39:22,16.076,2.00946,,,
313,23/04/2019 22:40:22,16.040,1.25658,,,
314,23/04/2019 22:41:22,15.997,1.95026,,,
315,23/04/2019 22:42:22,15.983,2.03105,,,
316,23/04/2019 22:43:22,15.946,2.49996,,,
317,23/04/2019 22:44:22,15.924,2.22671,,,
318,23/04/2019 22:45:22,15.909,2.49996,,,
319,23/04/2019 22:46:22,15.840,2.49996,,,
320,23/04/2019 22:47:22,15.818,2.44926,,,
321,23/04/2019 22:48:22,15.807,2.49996,,,
322,23/04/2019 22:49:22,15.773,2.06062,,,
323,23/04/2019 22:50:22,15.710,2.45068,,,
324,23/04/2019 22:51:22,15.693,2.49996,,,
325,23/04/2019 22:52:22,15.669,2.49996,,,
326,23/04/2019 22:53:22,15.613,2.49996,,,
327,23/04/2019 22:54:22,15.615,2.49996,,,
328,23/04/2019 22:55:22,15.609,2.49996,,,
329,23/04/2019 22:56:22,15.536,2.49996,,,
330,23/04/2019 22:57:22,15.500,2.49996,,,
331,23/04/2019 22:58:22,15.481,1.63993,,,
332,23/04/2019 22:59:22,15.440,2.49996,,,
333,23/04/2019 23:00:22,15.423,2.36534,,,
334,23/04/2019 23:01:22,15.411,2.08911,,,
335,23/04/2019 23:02:22,15.369,1.35981,,,
336,23/04/2019 23:03:22,15.296,1.25933,,,
337,23/04/2019 23:04:22,15.285,1.25746,,,
338,23/04/2019 23:05:22,15.296,2.02979,,,
339,23/04/2019 23:06:22,15.243,1.29805,,,
340,23/04/2019 23:07:22,15.206,1.25719,,,
341,23/04/2019 23:08:22,15.197,2.49996,,,
342,23/04/2019 23:09:22,15.145,2.26223,,,
343,23/04/2019 23:10:22,15.091,2.38861,,,
344,23/04/2019 23:11:22,15.093,1.27214,,,
345,23/04/2019 23:12:22,15.073,1.26524,,,
346,23/04/2019 23:13:22,15.001,1.30343,,,
347,23/04/2019 23:14:22,14.975,1.46864,,,
348,23/04/2019 23:15:22,14.952,1.63424,,,
349,23/04/2019 23:16:22,14.931,1.28611,,,
350,23/04/2019 23:17:22,14.904,1.28389,,,
351,23/04/2019 23:18:22,14.876,1.28054,,,
352,23/04/2019 23:19:22,14.833,1.27527,,,
353,23/04/2019 23:20:22,14.795,1.27020,,,
354,23/04/2019 23:21:22,14.782,1.27523,,,
355,23/04/2019 23:22:22,14.737,1.25460,,,
356,23/04/2019 23:23:22,14.679,1.25490,,,
357,23/04/2019 23:24:22,14.668,1.32944,,,
358,23/04/2019 23:25:22,14.658,1.28260,,,
359,23/04/2019 23:26:22,14.616,1.26055,,,
360,23/04/2019 23:27:22,14.578,1.25845,,,
361,23/04/2019 23:28:22,14.551,1.39609,,,
362,23/04/2019 23:29:22,14.529,1.25517,,,
363,23/04/2019 23:30:22,14.484,1.26314,,,
364,23/04/2019 23:31:22,14.453,1.26158,,,
365,23/04/2019 23:32:22,14.421,1.25422,,,
366,23/04/2019 23:33:22,14.390,1.25338,,,
367,23/04/2019 23:34:22,14.370,1.25467,,,
368,23/04/2019 23:35:22,14.339,1.25368,,,
369,23/04/2019 23:36:22,14.318,1.25425,,,
370,23/04/2019 23:37:22,14.291,1.25372,,,
371,23/04/2019 23:38:22,14.252,1.25475,,,
372,23/04/2019 23:39:22,14.203,1.25505,,,
373,23/04/2019 23:40:22,14.152,1.25544,,,
374,23/04/2019 23:41:22,14.149,1.25578,,,
375,23/04/2019 23:42:22,14.086,1.25498,,,
376,23/04/2019 23:43:22,14.063,1.25418,,,
377,23/04/2019 23:44:22,14.069,1.25574,,,
378,23/04/2019 23:45:22,14.021,1.25494,,,
379,23/04/2019 23:46:22,13.985,1.25467,,,
380,23/04/2019 23:47:22,13.946,1.25483,,,
381,23/04/2019 23:48:22,13.931,1.25471,,,
382,23/04/2019 23:49:22,13.885,1.25502,,,
383,23/04/2019 23:50:22,13.862,1.25551,,,
384,23/04/2019 23:51:22,13.844,1.25700,,,
385,23/04/2019 23:52:22,13.817,1.25467,,,
386,23/04/2019 23:53:22,13.769,1.25441,,,
387,23/04/2019 23:54:22,13.744,1.25444,,,
388,23/04/2019 23:55:22,13.712,1.25345,,,
389,23/04/2019 23:56:22,13.663,1.25441,,,
390,23/04/2019 23:57:22,13.657,1.25257,,,
391,23/04/2019 23:58:22,13.638,1.25254,,,
392,23/04/2019 23:59:22,13.580,1.25261,,,
393,24/04/2019 00:00:22,13.547,1.25219,,,
394,24/04/2019 00:01:22,13.524,1.25196,,,
395,24/04/2019 00:02:22,13.479,1.25204,,,
396,24/04/2019 00:03:22,13.442,1.25193,,,
397,24/04/2019 00:04:22,13.421,1.25181,,,
398,24/04/2019 00:05:22,13.421,1.25174,,,
399,24/04/2019 00:06:22,13.373,1.25135,,,
400,24/04/2019 00:07:22,13.341,1.25162,,,
401,24/04/2019 00:08:22,13.345,1.25105,,,
402,24/04/2019 00:09:22,13.270,1.25124,,,
403,24/04/2019 00:10:22,13.233,1.25219,,,
404,24/04/2019 00:11:22,13.225,1.27287,,,
405,24/04/2019 00:12:22,13.153,1.32837,,,
406,24/04/2019 00:13:22,13.126,1.25212,,,
407,24/04/2019 00:14:22,13.093,1.25143,,,
408,24/04/2019 00:15:22,13.076,1.25235,,,
409,24/04/2019 00:16:22,13.008,1.25216,,,
410,24/04/2019 00:17:22,12.996,1.25368,,,
411,24/04/2019 00:18:22,12.999,1.25196,,,
412,24/04/2019 00:19:22,12.947,1.25231,,,
413,24/04/2019 00:20:22,12.924,1.33883,,,
414,24/04/2019 00:21:22,12.924,1.25105,,,
415,24/04/2019 00:22:22,12.882,1.25063,,,
416,24/04/2019 00:23:22,12.823,1.25071,,,
417,24/04/2019 00:24:22,12.793,1.25101,,,
418,24/04/2019 00:25:22,12.790,1.25013,,,
419,24/04/2019 00:26:22,12.743,1.25116,,,
420,24/04/2019 00:27:22,12.722,1.25143,,,
421,24/04/2019 00:28:22,12.704,1.25105,,,
422,24/04/2019 00:29:22,12.628,1.25196,,,
423,24/04/2019 00:30:22,12.606,1.25124,,,
424,24/04/2019 00:31:22,12.592,1.24971,,,
425,24/04/2019 00:32:22,12.530,1.24990,,,
426,24/04/2019 00:33:22,12.502,1.25128,,,
427,24/04/2019 00:34:22,12.491,1.24971,,,
428,24/04/2019 00:35:22,12.461,1.24937,,,
429,24/04/2019 00:36:22,12.425,1.24899,,,
430,24/04/2019 00:37:22,12.391,1.24990,,,
431,24/04/2019 00:38:22,12.382,1.24937,,,
432,24/04/2019 00:39:22,12.337,1.24937,,,
433,24/04/2019 00:40:22,12.317,1.24884,,,
434,24/04/2019 00:41:22,12.313,1.24876,,,
435,24/04/2019 00:42:22,12.246,1.24865,,,
436,24/04/2019 00:43:22,12.199,1.24884,,,
437,24/04/2019 00:44:22,12.204,1.24861,,,
438,24/04/2019 00:45:22,12.155,1.24109,,,
439,24/04/2019 00:46:22,12.099,1.23960,,,
440,24/04/2019 00:47:22,12.084,1.23926,,,
441,24/04/2019 00:48:22,12.046,1.23922,,,
442,24/04/2019 00:49:22,12.007,1.23949,,,
443,24/04/2019 00:50:22,11.968,1.23869,,,
444,24/04/2019 00:51:22,11.987,1.23804,,,
445,24/04/2019 00:52:22,11.950,1.23846,,,
446,24/04/2019 00:53:22,11.901,1.23816,,,
447,24/04/2019 00:54:22,11.890,1.23816,,,
448,24/04/2019 00:55:22,11.837,1.23785,,,
449,24/04/2019 00:56:22,11.801,1.23732,,,
450,24/04/2019 00:57:22,11.792,1.23720,,,
451,24/04/2019 00:58:22,11.733,1.23835,,,
452,24/04/2019 00:59:22,11.696,1.23816,,,
453,24/04/2019 01:00:22,11.699,1.23842,,,
454,24/04/2019 01:01:22,11.692,1.23808,,,
455,24/04/2019 01:02:22,11.627,1.23796,,,
456,24/04/2019 01:03:22,11.564,1.23770,,,
457,24/04/2019 01:04:22,11.569,1.23743,,,
458,24/04/2019 01:05:22,11.510,1.23766,,,
459,24/04/2019 01:06:22,11.469,1.23777,,,
460,24/04/2019 01:07:22,11.476,1.23758,,,
461,24/04/2019 01:08:22,11.453,1.23655,,,
462,24/04/2019 01:09:22,11.370,1.23705,,,
463,24/04/2019 01:10:22,11.341,1.23869,,,
464,24/04/2019 01:11:22,11.347,1.23819,,,
465,24/04/2019 01:12:22,11.283,1.23762,,,
466,24/04/2019 01:13:22,11.256,1.23816,,,
467,24/04/2019 01:14:22,11.248,1.23774,,,
468,24/04/2019 01:15:22,11.219,1.23796,,,
469,24/04/2019 01:16:22,11.178,1.23781,,,
470,24/04/2019 01:17:22,11.186,1.23896,,,
471,24/04/2019 01:18:22,11.134,1.23877,,,
472,24/04/2019 01:19:22,11.090,1.23960,,,
473,24/04/2019 01:20:22,11.084,1.24449,,,
474,24/04/2019 01:21:22,11.033,1.24453,,,
475,24/04/2019 01:22:22,10.980,1.24384,,,
476,24/04/2019 01:23:22,10.956,1.24411,,,
477,24/04/2019 01:24:22,10.930,1.24346,,,
478,24/04/2019 01:25:22,10.866,1.24338,,,
479,24/04/2019 01:26:22,10.850,1.24338,,,
480,24/04/2019 01:27:22,10.867,1.24334,,,
481,24/04/2019 01:28:22,10.806,1.24323,,,
482,24/04/2019 01:29:22,10.742,1.24334,,,
483,24/04/2019 01:30:22,10.748,1.24418,,,
484,24/04/2019 01:31:22,10.725,1.24304,,,
485,24/04/2019 01:32:22,10.666,1.24319,,,
486,24/04/2019 01:33:22,10.646,1.24445,,,
487,24/04/2019 01:34:22,10.655,1.24681,,,
488,24/04/2019 01:35:22,10.579,1.24762,,,
489,24/04/2019 01:36:22,10.568,1.24739,,,
490,24/04/2019 01:37:22,10.551,1.24681,,,
491,24/04/2019 01:38:22,10.513,1.24693,,,
492,24/04/2019 01:39:22,10.453,1.24701,,,
493,24/04/2019 01:40:22,10.413,1.24704,,,
494,24/04/2019 01:41:22,10.394,1.24697,,,
495,24/04/2019 01:42:22,10.338,1.24701,,,
496,24/04/2019 01:43:22,10.320,1.24662,,,
497,24/04/2019 01:44:22,10.326,1.24636,,,
498,24/04/2019 01:45:22,10.273,1.24605,,,
499,24/04/2019 01:46:22,10.239,1.24586,,,
500,24/04/2019 01:47:22,10.219,1.24624,,,
501,24/04/2019 01:48:22,10.194,1.24632,,,
502,24/04/2019 01:49:22,10.145,1.24628,,,
503,24/04/2019 01:50:22,10.112,1.24575,,,
504,24/04/2019 01:51:22,10.095,1.24559,,,
505,24/04/2019 01:52:22,10.049,1.24594,,,
506,24/04/2019 01:53:22,10.013,1.24571,,,
507,24/04/2019 01:54:22,9.997,1.24525,,,
508,24/04/2019 01:55:22,9.938,1.24487,,,
509,24/04/2019 01:56:22,9.898,1.24449,,,
510,24/04/2019 01:57:22,9.891,1.24502,,,
511,24/04/2019 01:58:22,9.852,1.24483,,,
512,24/04/2019 01:59:22,9.794,1.24426,,,
513,24/04/2019 02:00:22,9.789,1.24472,,,
514,24/04/2019 02:01:22,9.771,1.24403,,,
515,24/04/2019 02:02:22,9.734,1.24460,,,
516,24/04/2019 02:03:22,9.729,1.24426,,,
517,24/04/2019 02:04:22,9.695,1.24414,,,
518,24/04/2019 02:05:22,9.621,1.24392,,,
519,24/04/2019 02:06:22,9.604,1.24327,,,
520,24/04/2019 02:07:22,9.614,1.24342,,,
521,24/04/2019 02:08:22,9.561,1.24319,,,
522,24/04/2019 02:09:22,9.494,1.24269,,,
523,24/04/2019 02:10:22,9.486,1.24289,,,
524,24/04/2019 02:11:22,9.463,1.24243,,,
525,24/04/2019 02:12:22,9.409,1.24243,,,
526,24/04/2019 02:13:22,9.390,1.24186,,,
527,24/04/2019 02:14:22,9.362,1.24170,,,
528,24/04/2019 02:15:22,9.305,1.24239,,,
529,24/04/2019 02:16:22,9.287,1.24269,,,
530,24/04/2019 02:17:22,9.262,1.24239,,,
531,24/04/2019 02:18:22,9.203,1.24151,,,
532,24/04/2019 02:19:22,9.172,1.24224,,,
533,24/04/2019 02:20:22,9.185,1.24208,,,
534,24/04/2019 02:21:22,9.126,1.24212,,,
535,24/04/2019 02:22:22,9.074,1.24231,,,
536,24/04/2019 02:23:22,9.060,1.24140,,,
537,24/04/2019 02:24:22,9.007,1.24140,,,
538,24/04/2019 02:25:22,8.976,1.24147,,,
539,24/04/2019 02:26:22,8.978,1.24136,,,
540,24/04/2019 02:27:22,8.970,1.24071,,,
541,24/04/2019 02:28:22,8.911,1.24113,,,
542,24/04/2019 02:29:22,8.906,1.24090,,,
543,24/04/2019 02:30:22,8.889,1.24079,,,
544,24/04/2019 02:31:22,8.857,1.24151,,,
545,24/04/2019 02:32:22,8.799,1.24147,,,
546,24/04/2019 02:33:22,8.762,1.24151,,,
547,24/04/2019 02:34:22,8.753,1.24170,,,
548,24/04/2019 02:35:22,8.703,1.24109,,,
549,24/04/2019 02:36:22,8.680,1.24147,,,
550,24/04/2019 02:37:22,8.638,1.24193,,,
551,24/04/2019 02:38:22,8.574,1.24105,,,
552,24/04/2019 02:39:22,8.549,1.24113,,,
553,24/04/2019 02:40:22,8.529,1.24063,,,
554,24/04/2019 02:41:22,8.500,1.24079,,,
555,24/04/2019 02:42:22,8.455,1.24063,,,
556,24/04/2019 02:43:22,8.467,1.24018,,,
557,24/04/2019 02:44:22,8.438,1.24025,,,
558,24/04/2019 02:45:22,8.413,1.24098,,,
559,24/04/2019 02:46:22,8.383,1.24041,,,
560,24/04/2019 02:47:22,8.316,1.23999,,,
561,24/04/2019 02:48:22,8.266,1.23999,,,
562,24/04/2019 02:49:22,8.268,1.23976,,,
563,24/04/2019 02:50:22,8.255,1.24022,,,
564,24/04/2019 02:51:22,8.195,1.23976,,,
565,24/04/2019 02:52:22,8.126,1.23964,,,
566,24/04/2019 02:53:22,8.140,1.23983,,,
567,24/04/2019 02:54:22,8.099,1.24052,,,
568,24/04/2019 02:55:22,8.043,1.24144,,,
569,24/04/2019 02:56:22,8.040,1.24121,,,
570,24/04/2019 02:57:22,8.028,1.24071,,,
571,24/04/2019 02:58:22,7.976,1.24090,,,
572,24/04/2019 02:59:22,7.939,1.24098,,,
573,24/04/2019 03:00:22,7.942,1.24067,,,
574,24/04/2019 03:01:22,7.885,1.24025,,,
575,24/04/2019 03:02:22,7.838,1.24083,,,
576,24/04/2019 03:03:22,7.837,1.23999,,,
577,24/04/2019 03:04:22,7.787,1.23930,,,
578,24/04/2019 03:05:22,7.760,1.24010,,,
579,24/04/2019 03:06:22,7.745,1.24018,,,
580,24/04/2019 03:07:22,7.685,1.23957,,,
581,24/04/2019 03:08:22,7.649,1.23888,,,
582,24/04/2019 03:09:22,7.608,1.24010,,,
583,24/04/2019 03:10:22,7.611,1.23960,,,
584,24/04/2019 03:11:22,7.545,1.23938,,,
585,24/04/2019 03:12:22,7.505,1.23861,,,
586,24/04/2019 03:13:22,7.508,1.23930,,,
587,24/04/2019 03:14:22,7.476,1.23934,,,
588,24/04/2019 03:15:22,7.436,1.24071,,,
589,24/04/2019 03:16:22,7.414,1.24037,,,
590,24/04/2019 03:17:22,7.390,1.23896,,,
591,24/04/2019 03:18:22,7.352,1.24044,,,
592,24/04/2019 03:19:22,7.310,1.24125,,,
593,24/04/2019 03:20:22,7.292,1.23983,,,
594,24/04/2019 03:21:22,7.283,1.24002,,,
595,24/04/2019 03:22:22,7.228,1.24014,,,
596,24/04/2019 03:23:22,7.207,1.24056,,,
597,24/04/2019 03:24:22,7.159,1.23976,,,
598,24/04/2019 03:25:22,7.116,1.23957,,,
599,24/04/2019 03:26:22,7.081,1.23983,,,
600,24/04/2019 03:27:22,7.058,1.23911,,,
601,24/04/2019 03:28:22,7.026,1.24006,,,
602,24/04/2019 03:29:22,6.980,1.23915,,,
603,24/04/2019 03:30:22,6.917,1.23846,,,
604,24/04/2019 03:31:22,6.900,1.23877,,,
605,24/04/2019 03:32:22,6.857,1.23865,,,
606,24/04/2019 03:33:22,6.818,1.23823,,,
607,24/04/2019 03:34:22,6.775,1.23857,,,
608,24/04/2019 03:35:22,6.772,1.23888,,,
609,24/04/2019 03:36:22,6.710,1.23770,,,
610,24/04/2019 03:37:22,6.661,1.23854,,,
611,24/04/2019 03:38:22,6.683,1.23781,,,
612,24/04/2019 03:39:22,6.631,1.23785,,,
613,24/04/2019 03:40:22,6.588,1.23777,,,
614,24/04/2019 03:41:22,6.558,1.23732,,,
615,24/04/2019 03:42:22,6.552,1.23762,,,
616,24/04/2019 03:43:22,6.511,1.23842,,,
617,24/04/2019 03:44:22,6.449,1.23762,,,
618,24/04/2019 03:45:22,6.426,1.23751,,,
619,24/04/2019 03:46:22,6.411,1.23758,,,
620,24/04/2019 03:47:22,6.379,1.23629,,,
621,24/04/2019 03:48:22,6.379,1.23671,,,
622,24/04/2019 03:49:22,6.328,1.23690,,,
623,24/04/2019 03:50:22,6.274,1.23594,,,
624,24/04/2019 03:51:22,6.269,1.23648,,,
625,24/04/2019 03:52:22,6.247,1.23590,,,
626,24/04/2019 03:53:22,6.193,1.23621,,,
627,24/04/2019 03:54:22,6.150,1.23537,,,
628,24/04/2019 03:55:22,6.137,1.23636,,,
629,24/04/2019 03:56:22,6.099,1.23579,,,
630,24/04/2019 03:57:22,6.056,1.23590,,,
631,24/04/2019 03:58:22,6.038,1.23655,,,
632,24/04/2019 03:59:22,6.000,1.23541,,,
633,24/04/2019 04:00:22,5.979,1.23598,,,
634,24/04/2019 04:01:22,5.971,1.23552,,,
635,24/04/2019 04:02:22,5.910,1.23571,,,
636,24/04/2019 04:03:22,5.839,1.23651,,,
637,24/04/2019 04:04:22,5.847,1.23613,,,
638,24/04/2019 04:05:22,5.863,1.23564,,,
639,24/04/2019 04:06:22,5.776,1.23560,,,
640,24/04/2019 04:07:22,5.733,1.23590,,,
641,24/04/2019 04:08:22,5.725,1.23484,,,
642,24/04/2019 04:09:22,5.656,1.23507,,,
643,24/04/2019 04:10:22,5.619,1.23510,,,
644,24/04/2019 04:11:22,5.621,1.23442,,,
645,24/04/2019 04:12:22,5.594,1.23461,,,
646,24/04/2019 04:13:22,5.547,1.23419,,,
647,24/04/2019 04:14:22,5.552,1.23354,,,
648,24/04/2019 04:15:22,5.529,1.23381,,,
649,24/04/2019 04:16:22,5.456,1.23339,,,
650,24/04/2019 04:17:22,5.430,1.23354,,,
651,24/04/2019 04:18:22,5.424,1.23350,,,
652,24/04/2019 04:19:22,5.367,1.23270,,,
653,24/04/2019 04:20:22,5.342,1.23236,,,
654,24/04/2019 04:21:22,5.334,1.23255,,,
655,24/04/2019 04:22:22,5.274,1.23266,,,
656,24/04/2019 04:23:22,5.200,1.23266,,,
657,24/04/2019 04:24:22,5.176,1.23384,,,
658,24/04/2019 04:25:22,5.205,1.23312,,,
659,24/04/2019 04:26:22,5.147,1.23297,,,
660,24/04/2019 04:27:22,5.111,1.23293,,,
661,24/04/2019 04:28:22,5.103,1.23251,,,
662,24/04/2019 04:29:22,5.014,1.23255,,,
663,24/04/2019 04:30:22,5.014,1.23247,,,
664,24/04/2019 04:31:22,5.016,1.23266,,,
665,24/04/2019 04:32:22,4.942,1.23190,,,
666,24/04/2019 04:33:22,4.922,1.23178,,,
667,24/04/2019 04:34:22,4.926,1.23171,,,
668,24/04/2019 04:35:22,4.903,1.23095,,,
669,24/04/2019 04:36:22,4.901,1.23125,,,
670,24/04/2019 04:37:22,4.918,1.23148,,,
671,24/04/2019 04:38:22,4.890,1.23167,,,
672,24/04/2019 04:39:22,4.913,1.23121,,,
673,24/04/2019 04:40:22,4.924,1.23091,,,
674,24/04/2019 04:41:22,4.913,1.23087,,,
675,24/04/2019 04:42:22,4.916,1.23167,,,
676,24/04/2019 04:43:22,4.927,1.23102,,,
677,24/04/2019 04:44:22,4.903,1.23030,,,
678,24/04/2019 04:45:22,4.924,1.23056,,,
679,24/04/2019 04:46:22,4.926,1.23060,,,
680,24/04/2019 04:47:22,4.918,1.23011,,,
681,24/04/2019 04:48:22,4.935,1.23079,,,
682,24/04/2019 04:49:22,4.932,1.23049,,,
683,24/04/2019 04:50:22,4.947,1.23033,,,
684,24/04/2019 04:51:22,4.943,1.23045,,,
685,24/04/2019 04:52:22,4.953,1.23007,,,
686,24/04/2019 04:53:22,4.952,1.23011,,,
687,24/04/2019 04:54:22,4.948,1.22972,,,
688,24/04/2019 04:55:22,4.963,1.23003,,,
689,24/04/2019 04:56:22,4.952,1.22980,,,
690,24/04/2019 04:57:22,4.945,1.22999,,,
691,24/04/2019 04:58:22,4.968,1.22999,,,
692,24/04/2019 04:59:22,4.942,1.22946,,,
693,24/04/2019 05:00:22,4.956,1.22980,,,
694,24/04/2019 05:01:22,4.950,1.22995,,,
695,24/04/2019 05:02:22,4.974,1.22999,,,
696,24/04/2019 05:03:22,4.960,1.22942,,,
697,24/04/2019 05:04:22,4.981,1.22934,,,
698,24/04/2019 05:05:22,4.985,1.23041,,,
699,24/04/2019 05:06:22,4.977,1.22938,,,
700,24/04/2019 05:07:22,4.964,1.22992,,,
701,24/04/2019 05:08:22,4.950,1.22995,,,
702,24/04/2019 05:09:22,4.966,1.22988,,,
703,24/04/2019 05:10:22,4.963,1.23026,,,
704,24/04/2019 05:11:22,4.963,1.23087,,,
705,24/04/2019 05:12:22,4.966,1.23049,,,
706,24/04/2019 05:13:22,4.969,1.23014,,,
707,24/04/2019 05:14:22,4.977,1.23064,,,
708,24/04/2019 05:15:22,4.982,1.23060,,,
709,24/04/2019 05:16:22,4.969,1.23152,,,
710,24/04/2019 05:17:22,4.974,1.23026,,,
711,24/04/2019 05:18:22,4.981,1.23041,,,
712,24/04/2019 05:19:22,4.969,1.23068,,,
713,24/04/2019 05:20:22,4.971,1.23083,,,
714,24/04/2019 05:21:22,4.982,1.23133,,,
715,24/04/2019 05:22:22,4.977,1.23068,,,
716,24/04/2019 05:23:22,4.982,1.23095,,,
717,24/04/2019 05:24:22,4.981,1.23095,,,
718,24/04/2019 05:25:22,4.953,1.23117,,,
719,24/04/2019 05:26:22,4.968,1.23114,,,
720,24/04/2019 05:27:22,4.995,1.23041,,,
721,24/04/2019 05:28:22,4.992,1.23102,,,
722,24/04/2019 05:29:22,4.989,1.23072,,,
723,24/04/2019 05:30:22,4.985,1.23072,,,
724,24/04/2019 05:31:22,4.976,1.23098,,,
725,24/04/2019 05:32:22,4.990,1.23087,,,
726,24/04/2019 05:33:22,4.976,1.23125,,,
727,24/04/2019 05:34:22,4.968,1.23072,,,
728,24/04/2019 05:35:22,5.023,1.23072,,,
729,24/04/2019 05:36:22,5.082,1.23095,,,
730,24/04/2019 05:37:22,5.094,1.23091,,,
731,24/04/2019 05:38:22,5.116,1.23133,,,
732,24/04/2019 05:39:22,5.158,1.23171,,,
733,24/04/2019 05:40:22,5.168,1.23030,,,
734,24/04/2019 05:41:22,5.152,1.23095,,,
735,24/04/2019 05:42:22,5.181,1.23102,,,
736,24/04/2019 05:43:22,5.203,1.23148,,,
737,24/04/2019 05:44:22,5.222,1.23182,,,
738,24/04/2019 05:45:22,5.264,1.23129,,,
739,24/04/2019 05:46:22,5.297,1.23095,,,
740,24/04/2019 05:47:22,5.317,1.23167,,,
741,24/04/2019 05:48:22,5.330,1.23106,,,
742,24/04/2019 05:49:22,5.404,1.23209,,,
743,24/04/2019 05:50:22,5.407,1.23198,,,
744,24/04/2019 05:51:22,5.417,1.23190,,,
745,24/04/2019 05:52:22,5.504,1.23213,,,
746,24/04/2019 05:53:22,5.536,1.23198,,,
747,24/04/2019 05:54:22,5.507,1.23220,,,
748,24/04/2019 05:55:22,5.587,1.23224,,,
749,24/04/2019 05:56:22,5.613,1.23182,,,
750,24/04/2019 05:57:22,5.645,1.23316,,,
751,24/04/2019 05:58:22,5.669,1.23262,,,
752,24/04/2019 05:59:22,5.715,1.23354,,,
753,24/04/2019 06:00:22,5.731,1.23320,,,
754,24/04/2019 06:01:22,5.728,1.23304,,,
755,24/04/2019 06:02:22,5.823,1.23312,,,
756,24/04/2019 06:03:22,5.835,1.23312,,,
757,24/04/2019 06:04:22,5.842,1.23304,,,
758,24/04/2019 06:05:22,5.885,1.23369,,,
759,24/04/2019 06:06:22,5.946,1.23419,,,
760,24/04/2019 06:07:22,5.938,1.23411,,,
761,24/04/2019 06:08:22,5.963,1.23400,,,
762,24/04/2019 06:09:22,6.035,1.23491,,,
763,24/04/2019 06:10:22,6.038,1.23484,,,
764,24/04/2019 06:11:22,6.062,1.23487,,,
765,24/04/2019 06:12:22,6.127,1.23575,,,
766,24/04/2019 06:13:22,6.145,1.23545,,,
767,24/04/2019 06:14:22,6.167,1.23514,,,
768,24/04/2019 06:15:22,6.193,1.23514,,,
769,24/04/2019 06:16:22,6.231,1.23541,,,
770,24/04/2019 06:17:22,6.225,1.23648,,,
771,24/04/2019 06:18:22,6.272,1.23625,,,
772,24/04/2019 06:19:22,6.325,1.23716,,,
773,24/04/2019 06:20:22,6.350,1.23320,,,
774,24/04/2019 06:21:22,6.379,1.23716,,,
775,24/04/2019 06:22:22,6.415,1.23739,,,
776,24/04/2019 06:23:22,6.469,1.23789,,,
777,24/04/2019 06:24:22,6.476,1.23724,,,
778,24/04/2019 06:25:22,6.530,1.23835,,,
779,24/04/2019 06:26:22,6.542,1.23819,,,
780,24/04/2019 06:27:22,6.569,1.23796,,,
781,24/04/2019 06:28:22,6.618,1.23835,,,
782,24/04/2019 06:29:22,6.672,1.23888,,,
783,24/04/2019 06:30:22,6.660,1.23899,,,
784,24/04/2019 06:31:22,6.680,1.23896,,,
785,24/04/2019 06:32:22,6.761,1.23926,,,
786,24/04/2019 06:33:22,6.794,1.23953,,,
787,24/04/2019 06:34:22,6.786,1.23957,,,
788,24/04/2019 06:35:22,6.843,1.23930,,,
789,24/04/2019 06:36:22,6.849,1.23968,,,
790,24/04/2019 06:37:22,6.835,1.23930,,,
791,24/04/2019 06:38:22,6.895,1.24006,,,
792,24/04/2019 06:39:22,6.968,1.23999,,,
793,24/04/2019 06:40:22,6.963,1.23739,,,
794,24/04/2019 06:41:22,6.985,1.24079,,,
795,24/04/2019 06:42:22,7.053,1.24094,,,
796,24/04/2019 06:43:22,7.072,1.24182,,,
797,24/04/2019 06:44:22,7.100,1.24186,,,
798,24/04/2019 06:45:22,7.162,1.24109,,,
799,24/04/2019 06:46:22,7.179,1.24224,,,
800,24/04/2019 06:47:22,7.181,1.24239,,,
801,24/04/2019 06:48:22,7.225,1.24193,,,
802,24/04/2019 06:49:22,7.286,1.24281,,,
803,24/04/2019 06:50:22,7.316,1.24224,,,
804,24/04/2019 06:51:22,7.296,1.24277,,,
805,24/04/2019 06:52:22,7.362,1.24296,,,
806,24/04/2019 06:53:22,7.368,1.24323,,,
807,24/04/2019 06:54:22,7.382,1.24327,,,
808,24/04/2019 06:55:22,7.447,1.24357,,,
809,24/04/2019 06:56:22,7.464,1.24388,,,
810,24/04/2019 06:57:22,7.489,1.24388,,,
811,24/04/2019 06:58:22,7.553,1.24411,,,
812,24/04/2019 06:59:22,7.594,1.24475,,,
813,24/04/2019 07:00:22,7.582,1.24472,,,
814,24/04/2019 07:01:22,7.621,1.24460,,,
815,24/04/2019 07:02:22,7.669,1.24552,,,
816,24/04/2019 07:03:22,7.682,1.24498,,,
817,24/04/2019 07:04:22,7.698,1.24491,,,
818,24/04/2019 07:05:22,7.770,1.24567,,,
819,24/04/2019 07:06:22,7.796,1.24605,,,
820,24/04/2019 07:07:22,7.817,1.24590,,,
821,24/04/2019 07:08:22,7.863,1.24685,,,
822,24/04/2019 07:09:22,7.898,1.24613,,,
823,24/04/2019 07:10:22,7.893,1.24704,,,
824,24/04/2019 07:11:22,7.918,1.24697,,,
825,24/04/2019 07:12:22,7.982,1.24723,,,
826,24/04/2019 07:13:22,7.996,1.24655,,,
827,24/04/2019 07:14:22,8.046,1.24750,,,
828,24/04/2019 07:15:22,8.098,1.24754,,,
829,24/04/2019 07:16:22,8.101,1.24762,,,
830,24/04/2019 07:17:22,8.095,1.24796,,,
831,24/04/2019 07:18:22,8.149,1.24834,,,
832,24/04/2019 07:19:22,8.195,1.24807,,,
833,24/04/2019 07:20:22,8.212,1.24819,,,
834,24/04/2019 07:21:22,8.243,1.24903,,,
835,24/04/2019 07:22:22,8.288,1.24994,,,
836,24/04/2019 07:23:22,8.315,1.24929,,,
837,24/04/2019 07:24:22,8.355,1.24960,,,
838,24/04/2019 07:25:22,8.388,1.24903,,,
839,24/04/2019 07:26:22,8.389,1.24929,,,
840,24/04/2019 07:27:22,8.417,1.24990,,,
841,24/04/2019 07:28:22,8.476,1.24968,,,
842,24/04/2019 07:29:22,8.514,1.24945,,,
843,24/04/2019 07:30:22,8.529,1.24994,,,
844,24/04/2019 07:31:22,8.563,1.25044,,,
845,24/04/2019 07:32:22,8.633,1.25086,,,
846,24/04/2019 07:33:22,8.641,1.25090,,,
847,24/04/2019 07:34:22,8.661,1.25132,,,
848,24/04/2019 07:35:22,8.700,1.25128,,,
849,24/04/2019 07:36:22,8.705,1.25128,,,
850,24/04/2019 07:37:22,8.708,1.25170,,,
851,24/04/2019 07:38:22,8.761,1.25170,,,
852,24/04/2019 07:39:22,8.816,1.25200,,,
853,24/04/2019 07:40:22,8.830,1.25189,,,
854,24/04/2019 07:41:22,8.878,1.25154,,,
855,24/04/2019 07:42:22,8.939,1.25227,,,
856,24/04/2019 07:43:22,8.953,1.25193,,,
857,24/04/2019 07:44:22,8.957,1.25273,,,
858,24/04/2019 07:45:22,8.978,1.25200,,,
859,24/04/2019 07:46:22,8.999,1.25360,,,
860,24/04/2019 07:47:22,9.033,1.25319,,,
861,24/04/2019 07:48:22,9.101,1.25299,,,
862,24/04/2019 07:49:22,9.123,1.25406,,,
863,24/04/2019 07:50:22,9.151,1.25357,,,
864,24/04/2019 07:51:22,9.191,1.25418,,,
865,24/04/2019 07:52:22,9.222,1.25425,,,
866,24/04/2019 07:53:22,9.230,1.25414,,,
867,24/04/2019 07:54:22,9.279,1.25418,,,
868,24/04/2019 07:55:22,9.342,1.25372,,,
869,24/04/2019 07:56:22,9.339,1.25441,,,
870,24/04/2019 07:57:22,9.370,1.25444,,,
871,24/04/2019 07:58:22,9.438,1.25521,,,
872,24/04/2019 07:59:22,9.450,1.25525,,,
873,24/04/2019 08:00:22,9.457,1.25467,,,
874,24/04/2019 08:01:22,9.486,1.25532,,,
875,24/04/2019 08:02:22,9.526,1.25551,,,
876,24/04/2019 08:03:22,9.561,1.25475,,,
877,24/04/2019 08:04:22,9.597,1.25513,,,
878,24/04/2019 08:05:22,9.629,1.25521,,,
879,24/04/2019 08:06:22,9.637,1.25612,,,
880,24/04/2019 08:07:22,9.672,1.25582,,,
881,24/04/2019 08:08:22,9.732,1.25601,,,
882,24/04/2019 08:09:22,9.760,1.25616,,,
883,24/04/2019 08:10:22,9.763,1.25669,,,
884,24/04/2019 08:11:22,9.828,1.25692,,,
885,24/04/2019 08:12:22,9.860,1.25673,,,
886,24/04/2019 08:13:22,9.854,1.25647,,,
887,24/04/2019 08:14:22,9.888,1.25734,,,
888,24/04/2019 08:15:22,9.950,1.25750,,,
889,24/04/2019 08:16:22,9.963,1.25792,,,
890,24/04/2019 08:17:22,9.975,1.25750,,,
891,24/04/2019 08:18:22,10.033,1.25807,,,
892,24/04/2019 08:19:22,10.050,1.25738,,,
893,24/04/2019 08:20:22,10.089,1.25799,,,
894,24/04/2019 08:21:22,10.130,1.25811,,,
895,24/04/2019 08:22:22,10.162,1.25784,,,
896,24/04/2019 08:23:22,10.184,1.25784,,,
897,24/04/2019 08:24:22,10.219,1.25769,,,
898,24/04/2019 08:25:22,10.248,1.25891,,,
899,24/04/2019 08:26:22,10.254,1.25849,,,
900,24/04/2019 08:27:22,10.280,1.25910,,,
901,24/04/2019 08:28:22,10.348,1.25788,,,
902,24/04/2019 08:29:22,10.360,1.25921,,,
903,24/04/2019 08:30:22,10.372,1.25834,,,
904,24/04/2019 08:31:22,10.429,1.25883,,,
905,24/04/2019 08:32:22,10.462,1.25971,,,
906,24/04/2019 08:33:22,10.484,1.25978,,,
907,24/04/2019 08:34:22,10.548,1.25933,,,
908,24/04/2019 08:35:22,10.568,1.26013,,,
909,24/04/2019 08:36:22,10.569,1.25944,,,
910,24/04/2019 08:37:22,10.591,1.26024,,,
911,24/04/2019 08:38:22,10.667,1.26024,,,
912,24/04/2019 08:39:22,10.678,1.25902,,,
913,24/04/2019 08:40:22,10.689,1.26005,,,
914,24/04/2019 08:41:22,10.731,1.26150,,,
915,24/04/2019 08:42:22,10.777,1.26047,,,
916,24/04/2019 08:43:22,10.805,1.26108,,,
917,24/04/2019 08:44:22,10.828,1.26162,,,
918,24/04/2019 08:45:22,10.849,1.26017,,,
919,24/04/2019 08:46:22,10.883,1.26062,,,
920,24/04/2019 08:47:22,10.912,1.26066,,,
921,24/04/2019 08:48:22,10.948,1.26127,,,
922,24/04/2019 08:49:22,10.959,1.26131,,,
923,24/04/2019 08:50:22,10.980,1.26150,,,
924,24/04/2019 08:51:22,11.076,1.26173,,,
925,24/04/2019 08:52:22,11.117,1.26280,,,
926,24/04/2019 08:53:22,11.099,1.26184,,,
927,24/04/2019 08:54:22,11.145,1.26184,,,
928,24/04/2019 08:55:22,11.212,1.26188,,,
929,24/04/2019 08:56:22,11.207,1.26211,,,
930,24/04/2019 08:57:22,11.230,1.26291,,,
931,24/04/2019 08:58:22,11.276,1.26173,,,
932,24/04/2019 08:59:22,11.272,1.26268,,,
933,24/04/2019 09:00:22,11.314,1.26192,,,
934,24/04/2019 09:01:22,11.367,1.26146,,,
935,24/04/2019 09:02:22,11.390,1.26280,,,
936,24/04/2019 09:03:22,11.377,1.26272,,,
937,24/04/2019 09:04:22,11.428,1.26261,,,
938,24/04/2019 09:05:22,11.463,1.26310,,,
939,24/04/2019 09:06:22,11.484,1.26349,,,
940,24/04/2019 09:07:22,11.549,1.26329,,,
941,24/04/2019 09:08:22,11.614,1.26246,,,
942,24/04/2019 09:09:22,11.627,1.26349,,,
943,24/04/2019 09:10:22,11.649,1.26318,,,
944,24/04/2019 09:11:22,11.677,1.26390,,,
945,24/04/2019 09:12:22,11.705,1.26356,,,
946,24/04/2019 09:13:22,11.718,1.26383,,,
947,24/04/2019 09:14:22,11.787,1.26368,,,
948,24/04/2019 09:15:22,11.801,1.26379,,,
949,24/04/2019 09:16:22,11.813,1.26406,,,
950,24/04/2019 09:17:22,11.862,1.26440,,,
951,24/04/2019 09:18:22,11.890,1.26413,,,
952,24/04/2019 09:19:22,11.886,1.26463,,,
953,24/04/2019 09:20:22,11.931,1.26406,,,
954,24/04/2019 09:21:22,11.998,1.26478,,,
955,24/04/2019 09:22:22,12.010,1.26482,,,
956,24/04/2019 09:23:22,12.030,1.26474,,,
957,24/04/2019 09:24:22,12.083,1.26524,,,
958,24/04/2019 09:25:22,12.107,1.26490,,,
959,24/04/2019 09:26:22,12.142,1.26555,,,
960,24/04/2019 09:27:22,12.211,1.26593,,,
961,24/04/2019 09:28:22,12.216,1.26589,,,
962,24/04/2019 09:29:22,12.228,1.26570,,,
963,24/04/2019 09:30:22,12.257,1.26467,,,
964,24/04/2019 09:31:22,12.314,1.26535,,,
965,24/04/2019 09:32:22,12.328,1.26535,,,
966,24/04/2019 09:33:22,12.316,1.26665,,,
967,24/04/2019 09:34:22,12.381,1.26646,,,
968,24/04/2019 09:35:22,12.437,1.26608,,,
969,24/04/2019 09:36:22,12.444,1.26604,,,
970,24/04/2019 09:37:22,12.480,1.26600,,,
971,24/04/2019 09:38:22,12.533,1.26650,,,
972,24/04/2019 09:39:22,12.536,1.26646,,,
973,24/04/2019 09:40:22,12.551,1.26635,,,
974,24/04/2019 09:41:22,12.613,1.26680,,,
975,24/04/2019 09:42:22,12.640,1.26635,,,
976,24/04/2019 09:43:22,12.659,1.26654,,,
977,24/04/2019 09:44:22,12.704,1.26658,,,
978,24/04/2019 09:45:22,12.739,1.26703,,,
979,24/04/2019 09:46:22,12.740,1.26738,,,
980,24/04/2019 09:47:22,12.796,1.26734,,,
981,24/04/2019 09:48:22,12.843,1.26753,,,
982,24/04/2019 09:49:22,12.855,1.26787,,,
983,24/04/2019 09:50:22,12.867,1.26768,,,
984,24/04/2019 09:51:22,12.919,1.26726,,,
985,24/04/2019 09:52:22,12.944,1.26684,,,
986,24/04/2019 09:53:22,12.944,1.26783,,,
987,24/04/2019 09:54:22,13.022,1.26703,,,
988,24/04/2019 09:55:22,13.040,1.26699,,,
989,24/04/2019 09:56:22,13.054,1.26722,,,
990,24/04/2019 09:57:22,13.153,1.26844,,,
991,24/04/2019 09:58:22,13.160,1.26806,,,
992,24/04/2019 09:59:22,13.151,1.26841,,,
993,24/04/2019 10:00:22,13.163,1.26833,,,
994,24/04/2019 10:01:22,13.227,1.26825,,,
995,24/04/2019 10:02:22,13.243,1.26852,,,
996,24/04/2019 10:03:22,13.263,1.26879,,,
997,24/04/2019 10:04:22,13.302,1.26875,,,
998,24/04/2019 10:05:22,13.341,1.26944,,,
999,24/04/2019 10:06:22,13.342,1.26890,,,
1000,24/04/2019 10:07:22,13.391,1.26879,,,
1001,24/04/2019 10:08:22,13.440,1.26963,,,
1002,24/04/2019 10:09:22,13.454,1.26959,,,
1003,24/04/2019 10:10:22,13.490,1.26921,,,
1004,24/04/2019 10:11:22,13.544,1.26913,,,
1005,24/04/2019 10:12:22,13.569,1.26997,,,
1006,24/04/2019 10:13:22,13.590,1.26947,,,
1007,24/04/2019 10:14:22,13.643,1.26963,,,
1008,24/04/2019 10:15:22,13.667,1.27008,,,
1009,24/04/2019 10:16:22,13.672,1.27008,,,
1010,24/04/2019 10:17:22,13.741,1.26982,,,
1011,24/04/2019 10:18:22,13.778,1.27028,,,
1012,24/04/2019 10:19:22,13.784,1.26959,,,
1013,24/04/2019 10:20:22,13.829,1.26993,,,
1014,24/04/2019 10:21:22,13.868,1.27108,,,
1015,24/04/2019 10:22:22,13.877,1.27066,,,
1016,24/04/2019 10:23:22,13.904,1.27024,,,
1017,24/04/2019 10:24:22,13.964,1.27237,,,
1018,24/04/2019 10:25:22,13.975,1.27081,,,
1019,24/04/2019 10:26:22,13.961,1.27073,,,
1020,24/04/2019 10:27:22,14.030,1.27108,,,
1021,24/04/2019 10:28:22,14.077,1.27085,,,
1022,24/04/2019 10:29:22,14.099,1.27161,,,
1023,24/04/2019 10:30:22,14.147,1.27092,,,
1024,24/04/2019 10:31:22,14.189,1.27081,,,
1025,24/04/2019 10:32:22,14.198,1.27081,,,
1026,24/04/2019 10:33:22,14.219,1.27188,,,
1027,24/04/2019 10:34:22,14.316,1.27146,,,
1028,24/04/2019 10:35:22,14.295,1.27176,,,
1029,24/04/2019 10:36:22,14.301,1.27153,,,
1030,24/04/2019 10:37:22,14.319,1.27173,,,
1031,24/04/2019 10:38:22,14.349,1.27188,,,
1032,24/04/2019 10:39:22,14.376,1.27180,,,
1033,24/04/2019 10:40:22,14.424,1.27253,,,
1034,24/04/2019 10:41:22,14.462,1.27241,,,
1035,24/04/2019 10:42:22,14.486,1.27226,,,
1036,24/04/2019 10:43:22,14.498,1.27180,,,
1037,24/04/2019 10:44:22,14.562,1.27249,,,
1038,24/04/2019 10:45:22,14.584,1.27260,,,
1039,24/04/2019 10:46:22,14.599,1.27253,,,
1040,24/04/2019 10:47:22,14.649,1.27256,,,
1041,24/04/2019 10:48:22,14.676,1.27356,,,
1042,24/04/2019 10:49:22,14.704,1.27283,,,
1043,24/04/2019 10:50:22,14.753,1.27310,,,
1044,24/04/2019 10:51:22,14.783,1.27260,,,
1045,24/04/2019 10:52:22,14.788,1.27367,,,
1046,24/04/2019 10:53:22,14.870,1.27317,,,
1047,24/04/2019 10:54:22,14.898,1.27367,,,
1048,24/04/2019 10:55:22,14.894,1.27329,,,
1049,24/04/2019 10:56:22,14.937,1.27344,,,
1050,24/04/2019 10:57:22,14.985,1.27329,,,
1051,24/04/2019 10:58:22,14.979,1.27413,,,
1052,24/04/2019 10:59:22,15.030,1.27379,,,
1053,24/04/2019 11:00:22,15.087,1.27321,,,
1054,24/04/2019 11:01:22,15.084,1.27440,,,
1055,24/04/2019 11:02:22,15.093,1.27394,,,
1056,24/04/2019 11:03:22,15.134,1.27386,,,
1057,24/04/2019 11:04:22,15.197,1.27455,,,
1058,24/04/2019 11:05:22,15.220,1.27386,,,
1059,24/04/2019 11:06:22,15.224,1.27413,,,
1060,24/04/2019 11:07:22,15.276,1.27405,,,
1061,24/04/2019 11:08:22,15.299,1.27401,,,
1062,24/04/2019 11:09:22,15.324,1.27413,,,
1063,24/04/2019 11:10:22,15.381,1.27432,,,
1064,24/04/2019 11:11:22,15.393,1.27401,,,
1065,24/04/2019 11:12:22,15.414,1.27466,,,
1066,24/04/2019 11:13:22,15.487,1.27462,,,
1067,24/04/2019 11:14:22,15.518,1.27436,,,
1068,24/04/2019 11:15:22,15.518,1.27432,,,
1069,24/04/2019 11:16:22,15.558,1.27497,,,
1070,24/04/2019 11:17:22,15.594,1.27478,,,
1071,24/04/2019 11:18:22,15.612,1.27447,,,
1072,24/04/2019 11:19:22,15.634,1.27516,,,
1073,24/04/2019 11:20:22,15.701,1.27501,,,
1074,24/04/2019 11:21:22,15.746,1.27504,,,
1075,24/04/2019 11:22:22,15.715,1.27520,,,
1076,24/04/2019 11:23:22,15.769,1.27447,,,
1077,24/04/2019 11:24:22,15.827,1.27550,,,
1078,24/04/2019 11:25:22,15.822,1.27539,,,
1079,24/04/2019 11:26:22,15.845,1.27539,,,
1080,24/04/2019 11:27:22,15.904,1.27531,,,
1081,24/04/2019 11:28:22,15.906,1.27581,,,
1082,24/04/2019 11:29:22,15.916,1.27565,,,
1083,24/04/2019 11:30:22,15.980,1.27550,,,
1084,24/04/2019 11:31:22,16.029,1.27592,,,
1085,24/04/2019 11:32:22,16.029,1.27649,,,
1086,24/04/2019 11:33:22,16.104,1.27607,,,
1087,24/04/2019 11:34:22,16.147,1.27642,,,
1088,24/04/2019 11:35:22,16.131,1.27626,,,
1089,24/04/2019 11:36:22,16.171,1.27562,,,
1090,24/04/2019 11:37:22,16.231,1.27604,,,
1091,24/04/2019 11:38:22,16.235,1.27630,,,
1092,24/04/2019 11:39:22,16.250,1.27619,,,
1093,24/04/2019 11:40:22,16.302,1.27729,,,
1094,24/04/2019 11:41:22,16.336,1.27710,,,
1095,24/04/2019 11:42:22,16.342,1.27691,,,
1096,24/04/2019 11:43:22,16.376,1.27668,,,
1097,24/04/2019 11:44:22,16.409,1.27649,,,
1098,24/04/2019 11:45:22,16.435,1.27699,,,
1099,24/04/2019 11:46:22,16.478,1.27718,,,
1100,24/04/2019 11:47:22,16.527,1.27668,,,
1101,24/04/2019 11:48:22,16.521,1.27733,,,
1102,24/04/2019 11:49:22,16.567,1.27687,,,
1103,24/04/2019 11:50:22,16.637,1.27752,,,
1104,24/04/2019 11:51:22,16.643,1.27714,,,
1105,24/04/2019 11:52:22,16.662,1.27699,,,
1106,24/04/2019 11:53:22,16.711,1.27764,,,
1107,24/04/2019 11:54:22,16.744,1.27752,,,
1108,24/04/2019 11:55:22,16.749,1.27817,,,
1109,24/04/2019 11:56:22,16.811,1.27787,,,
1110,24/04/2019 11:57:22,16.835,1.27840,,,
1111,24/04/2019 11:58:22,16.835,1.27745,,,
1112,24/04/2019 11:59:22,16.880,1.27756,,,
1113,24/04/2019 12:00:22,16.912,1.27802,,,
1114,24/04/2019 12:01:22,16.926,1.27741,,,
1115,24/04/2019 12:02:22,16.941,1.27852,,,
1116,24/04/2019 12:03:22,16.999,1.27867,,,
1117,24/04/2019 12:04:22,17.049,1.27798,,,
1118,24/04/2019 12:05:22,17.042,1.27893,,,
1119,24/04/2019 12:06:22,17.085,1.27802,,,
1120,24/04/2019 12:07:22,17.138,1.27863,,,
1121,24/04/2019 12:08:22,17.156,1.27829,,,
1122,24/04/2019 12:09:22,17.152,1.27848,,,
1123,24/04/2019 12:10:22,17.219,1.27829,,,
1124,24/04/2019 12:11:22,17.266,1.27905,,,
1125,24/04/2019 12:12:22,17.266,1.27836,,,
1126,24/04/2019 12:13:22,17.300,1.27886,,,
1127,24/04/2019 12:14:22,17.341,1.27825,,,
1128,24/04/2019 12:15:22,17.351,1.27878,,,
1129,24/04/2019 12:16:22,17.396,1.27878,,,
1130,24/04/2019 12:17:22,17.473,1.27874,,,
1131,24/04/2019 12:18:22,17.458,1.27852,,,
1132,24/04/2019 12:19:22,17.457,1.27840,,,
1133,24/04/2019 12:20:22,17.515,1.27935,,,
1134,24/04/2019 12:21:22,17.546,1.27897,,,
1135,24/04/2019 12:22:22,17.573,1.27901,,,
1136,24/04/2019 12:23:22,17.608,1.27924,,,
1137,24/04/2019 12:24:22,17.678,1.27928,,,
1138,24/04/2019 12:25:22,17.715,1.27874,,,
1139,24/04/2019 12:26:22,17.742,1.27920,,,
1140,24/04/2019 12:27:22,17.775,1.27939,,,
1141,24/04/2019 12:28:22,17.801,1.27935,,,
1142,24/04/2019 12:29:22,17.839,1.27970,,,
1143,24/04/2019 12:30:22,17.864,1.27974,,,
1144,24/04/2019 12:31:22,17.907,1.27989,,,
1145,24/04/2019 12:32:22,17.962,1.28008,,,
1146,24/04/2019 12:33:22,17.992,1.27939,,,
1147,24/04/2019 12:34:22,18.016,1.28035,,,
1148,24/04/2019 12:35:22,18.054,1.27985,,,
1149,24/04/2019 12:36:22,18.090,1.28069,,,
1150,24/04/2019 12:37:22,18.105,1.28035,,,
1151,24/04/2019 12:38:22,18.148,1.28042,,,
1152,24/04/2019 12:39:22,18.170,1.27993,,,
1153,24/04/2019 12:40:22,18.180,1.28122,,,
1154,24/04/2019 12:41:22,18.204,1.28058,,,
1155,24/04/2019 12:42:22,18.259,1.28046,,,
1156,24/04/2019 12:43:22,18.268,1.28004,,,
1157,24/04/2019 12:44:22,18.273,1.28035,,,
1158,24/04/2019 12:45:22,18.328,1.28069,,,
1159,24/04/2019 12:46:22,18.377,1.28088,,,
1160,24/04/2019 12:47:22,18.363,1.28073,,,
1161,24/04/2019 12:48:22,18.414,1.28046,,,
1162,24/04/2019 12:49:22,18.475,1.28023,,,
1163,24/04/2019 12:50:22,18.482,1.28016,,,
1164,24/04/2019 12:51:22,18.524,1.28038,,,
1165,24/04/2019 12:52:22,18.571,1.28138,,,
1166,24/04/2019 12:53:22,18.576,1.28115,,,
1167,24/04/2019 12:54:22,18.601,1.28084,,,
1168,24/04/2019 12:55:22,18.686,1.28111,,,
1169,24/04/2019 12:56:22,18.687,1.28103,,,
1170,24/04/2019 12:57:22,18.683,1.28054,,,
1171,24/04/2019 12:58:22,18.739,1.28145,,,
1172,24/04/2019 12:59:22,18.800,1.28164,,,
1173,24/04/2019 13:00:22,18.797,1.28126,,,
1174,24/04/2019 13:01:22,18.825,1.28195,,,
1175,24/04/2019 13:02:22,18.867,1.28214,,,
1176,24/04/2019 13:03:22,18.876,1.28164,,,
1177,24/04/2019 13:04:22,18.895,1.28225,,,
1178,24/04/2019 13:05:22,18.940,1.28176,,,
1179,24/04/2019 13:06:22,18.984,1.28290,,,
1180,24/04/2019 13:07:22,18.983,1.28264,,,
1181,24/04/2019 13:08:22,19.050,1.28241,,,
1182,24/04/2019 13:09:22,19.105,1.28199,,,
1183,24/04/2019 13:10:22,19.094,1.28256,,,
1184,24/04/2019 13:11:22,19.130,1.28244,,,
1185,24/04/2019 13:12:22,19.175,1.28241,,,
1186,24/04/2019 13:13:22,19.187,1.28180,,,
1187,24/04/2019 13:14:22,19.203,1.28454,,,
1188,24/04/2019 13:15:22,19.264,1.28218,,,
1189,24/04/2019 13:16:22,19.292,1.28202,,,
1190,24/04/2019 13:17:22,19.298,1.28248,,,
1191,24/04/2019 13:18:22,19.372,1.28305,,,
1192,24/04/2019 13:19:22,19.393,1.28298,,,
1193,24/04/2019 13:20:22,19.396,1.28218,,,
1194,24/04/2019 13:21:22,19.447,1.28130,,,
1195,24/04/2019 13:22:22,19.512,1.28267,,,
1196,24/04/2019 13:23:22,19.518,1.28275,,,
1197,24/04/2019 13:24:22,19.505,1.28260,,,
1198,24/04/2019 13:25:22,19.554,1.28321,,,
1199,24/04/2019 13:26:22,19.601,1.28355,,,
1200,24/04/2019 13:27:22,19.609,1.28294,,,
1201,24/04/2019 13:28:22,19.649,1.28504,,,
1202,24/04/2019 13:29:22,19.698,1.28389,,,
1203,24/04/2019 13:30:22,19.704,1.28321,,,
1204,24/04/2019 13:31:22,19.729,1.28344,,,
1205,24/04/2019 13:32:22,19.778,1.28305,,,
1206,24/04/2019 13:33:22,19.813,1.28347,,,
1207,24/04/2019 13:34:22,19.844,1.28336,,,
1208,24/04/2019 13:35:22,19.885,1.28363,,,
1209,24/04/2019 13:36:22,19.894,1.28374,,,
1210,24/04/2019 13:37:22,19.930,1.28359,,,
1211,24/04/2019 13:38:22,20.042,1.28359,,,
1212,24/04/2019 13:39:22,20.052,1.28389,,,
1213,24/04/2019 13:40:22,20.037,1.28374,,,
1214,24/04/2019 13:41:22,20.067,1.28378,,,
1215,24/04/2019 13:42:22,20.112,1.28420,,,
1216,24/04/2019 13:43:22,20.119,1.28435,,,
1217,24/04/2019 13:44:22,20.143,1.28340,,,
1218,24/04/2019 13:45:22,20.176,1.28355,,,
1219,24/04/2019 13:46:22,20.216,1.28328,,,
1220,24/04/2019 13:47:22,20.231,1.28397,,,
1221,24/04/2019 13:48:22,20.268,1.28450,,,
1222,24/04/2019 13:49:22,20.312,1.28443,,,
1223,24/04/2019 13:50:22,20.309,1.28412,,,
1224,24/04/2019 13:51:22,20.356,1.28378,,,
1225,24/04/2019 13:52:22,20.420,1.28454,,,
1226,24/04/2019 13:53:22,20.412,1.28424,,,
1227,24/04/2019 13:54:22,20.448,1.28489,,,
1228,24/04/2019 13:55:22,20.521,1.28481,,,
1229,24/04/2019 13:56:22,20.525,1.28485,,,
1230,24/04/2019 13:57:22,20.522,1.28508,,,
1231,24/04/2019 13:58:22,20.582,1.28500,,,
1232,24/04/2019 13:59:22,20.638,1.28523,,,
1233,24/04/2019 14:00:22,20.630,1.28500,,,
1234,24/04/2019 14:01:22,20.674,1.28485,,,
1235,24/04/2019 14:02:22,20.735,1.28542,,,
1236,24/04/2019 14:03:22,20.737,1.28447,,,
1237,24/04/2019 14:04:22,20.740,1.28489,,,
1238,24/04/2019 14:05:22,20.808,1.28542,,,
1239,24/04/2019 14:06:22,20.840,1.28569,,,
1240,24/04/2019 14:07:22,20.840,1.28523,,,
1241,24/04/2019 14:08:22,20.901,1.28534,,,
1242,24/04/2019 14:09:22,20.956,1.28573,,,
1243,24/04/2019 14:10:22,20.932,1.28553,,,
1244,24/04/2019 14:11:22,20.978,1.28622,,,
1245,24/04/2019 14:12:22,21.060,1.28580,,,
1246,24/04/2019 14:13:22,21.042,1.28592,,,
1247,24/04/2019 14:14:22,21.039,1.28573,,,
1248,24/04/2019 14:15:22,21.097,1.28634,,,
1249,24/04/2019 14:16:22,21.121,1.28626,,,
1250,24/04/2019 14:17:22,21.136,1.28653,,,
1251,24/04/2019 14:18:22,21.196,1.28668,,,
1252,24/04/2019 14:19:22,21.228,1.28294,,,
1253,24/04/2019 14:20:22,21.230,1.28573,,,
1254,24/04/2019 14:21:22,21.287,1.28630,,,
1255,24/04/2019 14:22:22,21.340,1.28618,,,
1256,24/04/2019 14:23:22,21.330,1.28649,,,
1257,24/04/2019 14:24:22,21.354,1.28599,,,
1258,24/04/2019 14:25:22,21.425,1.28702,,,
1259,24/04/2019 14:26:22,21.481,1.28843,,,
1260,24/04/2019 14:27:22,21.476,1.28664,,,
1261,24/04/2019 14:28:22,21.509,1.28691,,,
1262,24/04/2019 14:29:22,21.548,1.28656,,,
1263,24/04/2019 14:30:22,21.558,1.28664,,,
1264,24/04/2019 14:31:22,21.606,1.28676,,,
1265,24/04/2019 14:32:22,21.625,1.28710,,,
1266,24/04/2019 14:33:22,21.633,1.28695,,,
1267,24/04/2019 14:34:22,21.706,1.28634,,,
1268,24/04/2019 14:35:22,21.813,1.28698,,,
1269,24/04/2019 14:36:22,21.775,1.28672,,,
1270,24/04/2019 14:37:22,21.734,1.28664,,,
1271,24/04/2019 14:38:22,21.786,1.28691,,,
1272,24/04/2019 14:39:22,21.845,1.28763,,,
1273,24/04/2019 14:40:22,21.836,1.28641,,,
1274,24/04/2019 14:41:22,21.894,1.28626,,,
1275,24/04/2019 14:42:22,21.949,1.28733,,,
1276,24/04/2019 14:43:22,21.943,1.28729,,,
1277,24/04/2019 14:44:22,21.966,1.28775,,,
1278,24/04/2019 14:45:22,22.033,1.28302,,,
1279,24/04/2019 14:46:22,22.054,1.28729,,,
1280,24/04/2019 14:47:22,22.060,1.28771,,,
1281,24/04/2019 14:48:22,22.111,1.28706,,,
1282,24/04/2019 14:49:22,22.139,1.28756,,,
1283,24/04/2019 14:50:22,22.150,1.28771,,,
1284,24/04/2019 14:51:22,22.188,1.28763,,,
1285,24/04/2019 14:52:22,22.226,1.28729,,,
1286,24/04/2019 14:53:22,22.245,1.28756,,,
1287,24/04/2019 14:54:22,22.287,1.28763,,,
1288,24/04/2019 14:55:22,22.356,1.28733,,,
1289,24/04/2019 14:56:22,22.380,1.28744,,,
1290,24/04/2019 14:57:22,22.383,1.28752,,,
1291,24/04/2019 14:58:22,22.432,1.28801,,,
1292,24/04/2019 14:59:22,22.465,1.28809,,,
1293,24/04/2019 15:00:22,22.456,1.28824,,,
1294,24/04/2019 15:01:22,22.507,1.28794,,,
1295,24/04/2019 15:02:22,22.583,1.28893,,,
1296,24/04/2019 15:03:22,22.583,1.28859,,,
1297,24/04/2019 15:04:22,22.583,1.28916,,,
1298,24/04/2019 15:05:22,22.642,1.28889,,,
1299,24/04/2019 15:06:22,22.682,1.28855,,,
1300,24/04/2019 15:07:22,22.696,1.28870,,,
1301,24/04/2019 15:08:22,22.735,1.28843,,,
1302,24/04/2019 15:09:22,22.772,1.28862,,,
1303,24/04/2019 15:10:22,22.758,1.28855,,,
1304,24/04/2019 15:11:22,22.803,1.28847,,,
1305,24/04/2019 15:12:22,22.866,1.28817,,,
1306,24/04/2019 15:13:22,22.877,1.28901,,,
1307,24/04/2019 15:14:22,22.905,1.28908,,,
1308,24/04/2019 15:15:22,22.968,1.28897,,,
1309,24/04/2019 15:16:22,22.986,1.28912,,,
1310,24/04/2019 15:17:22,22.994,1.28973,,,
1311,24/04/2019 15:18:22,23.042,1.29004,,,
1312,24/04/2019 15:19:22,23.070,1.28992,,,
1313,24/04/2019 15:20:22,23.094,1.28954,,,
1314,24/04/2019 15:21:22,23.138,1.28939,,,
1315,24/04/2019 15:22:22,23.162,1.28988,,,
1316,24/04/2019 15:23:22,23.171,1.28981,,,
1317,24/04/2019 15:24:22,23.220,1.29004,,,
1318,24/04/2019 15:25:22,23.279,1.28920,,,
1319,24/04/2019 15:26:22,23.276,1.28943,,,
1320,24/04/2019 15:27:22,23.285,1.28977,,,
1321,24/04/2019 15:28:22,23.348,1.28923,,,
1322,24/04/2019 15:29:22,23.387,1.28901,,,
1323,24/04/2019 15:30:22,23.387,1.28878,,,
1324,24/04/2019 15:31:22,23.426,1.28904,,,
1325,24/04/2019 15:32:22,23.468,1.29088,,,
1326,24/04/2019 15:33:22,23.498,1.28962,,,
1327,24/04/2019 15:34:22,23.530,1.28973,,,
1328,24/04/2019 15:35:22,23.548,1.28958,,,
1329,24/04/2019 15:36:22,23.569,1.28958,,,
1330,24/04/2019 15:37:22,23.608,1.28950,,,
1331,24/04/2019 15:38:22,23.662,1.28939,,,
1332,24/04/2019 15:39:22,23.665,1.28988,,,
1333,24/04/2019 15:40:22,23.686,1.28946,,,
1334,24/04/2019 15:41:22,23.760,1.29019,,,
1335,24/04/2019 15:42:22,23.800,1.29042,,,
1336,24/04/2019 15:43:22,23.790,1.28965,,,
1337,24/04/2019 15:44:22,23.827,1.28992,,,
1338,24/04/2019 15:45:22,23.862,1.29023,,,
1339,24/04/2019 15:46:22,23.872,1.29004,,,
1340,24/04/2019 15:47:22,23.914,1.28931,,,
1341,24/04/2019 15:48:22,23.996,1.29065,,,
1342,24/04/2019 15:49:22,24.014,1.28992,,,
1343,24/04/2019 15:50:22,24.006,1.29034,,,
1344,24/04/2019 15:51:22,24.045,1.29072,,,
1345,24/04/2019 15:52:22,24.140,1.28958,,,
1346,24/04/2019 15:53:22,24.149,1.28946,,,
1347,24/04/2019 15:54:22,24.118,1.28988,,,
1348,24/04/2019 15:55:22,24.149,1.29057,,,
1349,24/04/2019 15:56:22,24.217,1.29038,,,
1350,24/04/2019 15:57:22,24.246,1.29202,,,
1351,24/04/2019 15:58:22,24.270,1.29023,,,
1352,24/04/2019 15:59:22,24.291,1.29019,,,
1353,24/04/2019 16:00:22,24.311,1.28954,,,
1354,24/04/2019 16:01:22,24.348,1.28962,,,
1355,24/04/2019 16:02:22,24.419,1.29175,,,
1356,24/04/2019 16:03:22,24.478,1.29038,,,
1357,24/04/2019 16:04:22,24.501,1.29046,,,
1358,24/04/2019 16:05:22,24.501,1.29065,,,
1359,24/04/2019 16:06:22,24.549,1.29015,,,
1360,24/04/2019 16:07:22,24.623,1.29118,,,
1361,24/04/2019 16:08:22,24.637,1.29057,,,
1362,24/04/2019 16:09:22,24.679,1.29049,,,
1363,24/04/2019 16:10:22,24.723,1.28985,,,
1364,24/04/2019 16:11:22,24.721,1.29038,,,
1365,24/04/2019 16:12:22,24.729,1.29107,,,
1366,24/04/2019 16:13:22,24.785,1.29175,,,
1367,24/04/2019 16:14:22,24.833,1.29152,,,
1368,24/04/2019 16:15:22,24.836,1.28687,,,
1369,24/04/2019 16:16:22,24.871,1.29133,,,
1370,24/04/2019 16:17:22,24.921,1.29225,,,
1371,24/04/2019 16:18:22,24.933,1.29145,,,
1372,24/04/2019 16:19:22,24.969,1.29133,,,
1373,24/04/2019 16:20:22,25.006,1.28614,,,
1374,24/04/2019 16:21:22,25.033,1.29145,,,
1375,24/04/2019 16:22:22,25.037,1.29137,,,
1376,24/04/2019 16:23:22,25.098,1.29145,,,
1377,24/04/2019 16:24:22,25.158,1.29191,,,
1378,24/04/2019 16:25:22,25.137,1.29126,,,
1379,24/04/2019 16:26:22,25.172,1.29202,,,
1380,24/04/2019 16:27:22,25.242,1.29191,,,
1381,24/04/2019 16:28:22,25.245,1.29164,,,
1382,24/04/2019 16:29:22,25.272,1.29187,,,
1383,24/04/2019 16:30:22,25.319,1.29206,,,
1384,24/04/2019 16:31:22,25.348,1.29225,,,
1385,24/04/2019 16:32:22,25.360,1.29210,,,
1386,24/04/2019 16:33:22,25.374,1.29187,,,
1387,24/04/2019 16:34:22,25.359,1.29175,,,
1388,24/04/2019 16:35:22,25.352,1.29179,,,
1389,24/04/2019 16:36:22,25.354,1.29194,,,
1390,24/04/2019 16:37:22,25.360,1.29179,,,
1391,24/04/2019 16:38:22,25.369,1.29183,,,
1392,24/04/2019 16:39:22,25.090,1.23011,,,
1393,24/04/2019 16:40:22,24.687,1.29175,,,
1394,24/04/2019 16:41:22,24.431,1.28981,,,
