"#","Date","Tension V ","temperature",,,
32,07/13/16 12:16:29 PM,1.67827,24.726,,,
33,07/13/16 12:17:29 PM,1.57509,24.702,,,
34,07/13/16 12:18:29 PM,1.53541,24.798,,,
35,07/13/16 12:19:29 PM,1.66178,24.653,,,
36,07/13/16 12:20:29 PM,1.51587,24.702,,,
37,07/13/16 12:21:29 PM,1.49634,24.653,,,
38,07/13/16 12:22:29 PM,1.53663,24.629,,,
39,07/13/16 12:23:29 PM,1.50672,24.557,,,
40,07/13/16 12:24:29 PM,1.59219,24.532,,,
41,07/13/16 12:25:29 PM,1.74359,24.557,,,
42,07/13/16 12:26:29 PM,1.54212,24.557,,,
43,07/13/16 12:27:29 PM,1.53541,24.460,,,
44,07/13/16 12:28:29 PM,1.67033,24.388,,,
45,07/13/16 12:29:29 PM,1.63919,24.436,,,
46,07/13/16 12:30:29 PM,1.54029,24.460,,,
47,07/13/16 12:31:29 PM,1.60073,24.388,,,
48,07/13/16 12:32:29 PM,1.51893,24.363,,,
49,07/13/16 12:33:29 PM,1.70085,24.388,,,
50,07/13/16 12:34:29 PM,1.76557,24.315,,,
51,07/13/16 12:35:29 PM,1.51221,24.243,,,
52,07/13/16 12:36:29 PM,1.63431,24.219,,,
53,07/13/16 12:37:29 PM,1.60379,24.195,,,
54,07/13/16 12:38:29 PM,1.68376,24.146,,,
55,07/13/16 12:39:29 PM,1.72589,24.122,,,
56,07/13/16 12:40:29 PM,1.52564,24.122,,,
57,07/13/16 12:41:29 PM,1.49695,24.098,,,
58,07/13/16 12:42:29 PM,1.66178,24.050,,,
59,07/13/16 12:43:29 PM,1.74969,23.978,,,
60,07/13/16 12:44:29 PM,1.51038,23.954,,,
61,07/13/16 12:45:29 PM,1.59463,23.930,,,
62,07/13/16 12:46:29 PM,1.52381,23.833,,,
63,07/13/16 12:47:29 PM,1.62454,23.833,,,
64,07/13/16 12:48:29 PM,1.73687,23.857,,,
65,07/13/16 12:49:29 PM,1.61600,23.785,,,
66,07/13/16 12:50:29 PM,1.60989,23.809,,,
67,07/13/16 12:51:29 PM,1.68864,23.809,,,
68,07/13/16 12:52:29 PM,1.56777,23.761,,,
69,07/13/16 12:53:29 PM,1.69963,23.737,,,
70,07/13/16 12:54:29 PM,1.53968,23.713,,,
71,07/13/16 12:55:29 PM,1.74237,23.737,,,
72,07/13/16 12:56:29 PM,1.76801,23.641,,,
73,07/13/16 12:57:29 PM,1.75885,23.641,,,
74,07/13/16 12:58:29 PM,1.61600,23.617,,,
75,07/13/16 12:59:29 PM,1.48779,23.545,,,
76,07/13/16 01:00:29 PM,1.65385,23.472,,,
77,07/13/16 01:01:29 PM,1.74725,23.472,,,
78,07/13/16 01:02:29 PM,1.51709,23.448,,,
79,07/13/16 01:03:29 PM,1.50122,23.448,,,
80,07/13/16 01:04:29 PM,1.57692,23.400,,,
81,07/13/16 01:05:29 PM,1.63431,23.400,,,
82,07/13/16 01:06:29 PM,1.74359,23.424,,,
83,07/13/16 01:07:29 PM,1.75092,23.400,,,
84,07/13/16 01:08:29 PM,1.75824,23.280,,,
85,07/13/16 01:09:29 PM,1.50183,23.256,,,
86,07/13/16 01:10:29 PM,1.64469,23.256,,,
87,07/13/16 01:11:29 PM,1.72711,23.232,,,
88,07/13/16 01:12:29 PM,1.48535,23.184,,,
89,07/13/16 01:13:29 PM,1.58913,23.184,,,
90,07/13/16 01:14:29 PM,1.57082,23.136,,,
91,07/13/16 01:15:29 PM,1.71795,23.088,,,
92,07/13/16 01:16:29 PM,1.52503,23.064,,,
93,07/13/16 01:17:29 PM,1.62393,23.064,,,
94,07/13/16 01:18:29 PM,1.47863,23.016,,,
95,07/13/16 01:19:29 PM,1.48413,22.944,,,
96,07/13/16 01:20:29 PM,1.75336,22.944,,,
97,07/13/16 01:21:29 PM,1.65507,22.944,,,
98,07/13/16 01:22:29 PM,1.61172,22.896,,,
99,07/13/16 01:23:29 PM,1.76801,22.896,,,
100,07/13/16 01:24:29 PM,1.65751,22.848,,,
101,07/13/16 01:25:29 PM,1.49451,22.824,,,
102,07/13/16 01:26:29 PM,1.60073,22.824,,,
103,07/13/16 01:27:29 PM,1.50794,22.848,,,
104,07/13/16 01:28:29 PM,1.53541,22.800,,,
105,07/13/16 01:29:29 PM,1.75580,22.681,,,
106,07/13/16 01:30:29 PM,1.53419,22.633,,,
107,07/13/16 01:31:29 PM,1.60379,22.681,,,
108,07/13/16 01:32:29 PM,1.63553,22.633,,,
109,07/13/16 01:33:29 PM,1.74725,22.657,,,
110,07/13/16 01:34:29 PM,1.55861,22.585,,,
111,07/13/16 01:35:29 PM,1.55250,22.609,,,
112,07/13/16 01:36:29 PM,1.76313,22.513,,,
113,07/13/16 01:37:29 PM,1.50733,22.489,,,
114,07/13/16 01:38:29 PM,1.62454,22.489,,,
115,07/13/16 01:39:29 PM,1.70818,22.465,,,
116,07/13/16 01:40:29 PM,1.75885,22.393,,,
117,07/13/16 01:41:29 PM,1.52930,22.369,,,
118,07/13/16 01:42:29 PM,1.49634,22.345,,,
119,07/13/16 01:43:29 PM,1.75153,22.369,,,
120,07/13/16 01:44:29 PM,1.70879,22.298,,,
121,07/13/16 01:45:29 PM,1.53053,22.274,,,
122,07/13/16 01:46:29 PM,1.74664,22.226,,,
123,07/13/16 01:47:29 PM,1.63736,22.202,,,
124,07/13/16 01:48:29 PM,1.71306,22.178,,,
125,07/13/16 01:49:29 PM,1.72222,22.154,,,
126,07/13/16 01:50:29 PM,1.78694,22.154,,,
127,07/13/16 01:51:29 PM,1.72344,22.106,,,
128,07/13/16 01:52:29 PM,1.76007,22.058,,,
129,07/13/16 01:53:29 PM,1.49573,22.034,,,
130,07/13/16 01:54:29 PM,1.49878,22.011,,,
131,07/13/16 01:55:29 PM,1.67399,22.011,,,
132,07/13/16 01:56:29 PM,1.56044,21.987,,,
133,07/13/16 01:57:29 PM,1.66484,21.987,,,
134,07/13/16 01:58:29 PM,1.75214,21.891,,,
135,07/13/16 01:59:29 PM,1.65507,21.843,,,
136,07/13/16 02:00:29 PM,1.59646,21.819,,,
137,07/13/16 02:01:29 PM,1.62454,21.843,,,
138,07/13/16 02:02:29 PM,1.73260,21.795,,,
139,07/13/16 02:03:29 PM,1.49328,21.772,,,
140,07/13/16 02:04:29 PM,1.77106,21.748,,,
141,07/13/16 02:05:29 PM,1.70757,21.724,,,
142,07/13/16 02:06:29 PM,1.53846,21.700,,,
143,07/13/16 02:07:29 PM,1.69353,21.724,,,
144,07/13/16 02:08:29 PM,1.70085,21.676,,,
145,07/13/16 02:09:29 PM,1.75702,21.628,,,
146,07/13/16 02:10:29 PM,1.78449,21.581,,,
147,07/13/16 02:11:29 PM,1.57143,21.557,,,
148,07/13/16 02:12:29 PM,1.63614,21.485,,,
149,07/13/16 02:13:29 PM,1.75885,21.485,,,
150,07/13/16 02:14:29 PM,1.46947,21.461,,,
151,07/13/16 02:15:29 PM,1.47924,21.437,,,
152,07/13/16 02:16:29 PM,1.76984,21.485,,,
153,07/13/16 02:17:29 PM,1.52930,21.413,,,
154,07/13/16 02:18:29 PM,1.70208,21.366,,,
155,07/13/16 02:19:29 PM,1.54701,21.366,,,
156,07/13/16 02:20:29 PM,1.45482,21.294,,,
157,07/13/16 02:21:29 PM,1.53724,21.246,,,
158,07/13/16 02:22:29 PM,1.70147,21.246,,,
159,07/13/16 02:23:29 PM,1.48596,21.246,,,
160,07/13/16 02:24:29 PM,1.70574,21.199,,,
161,07/13/16 02:25:29 PM,1.50488,21.175,,,
162,07/13/16 02:26:29 PM,1.45360,21.151,,,
163,07/13/16 02:27:29 PM,1.75824,21.079,,,
164,07/13/16 02:28:29 PM,1.60256,21.079,,,
165,07/13/16 02:29:29 PM,1.57448,21.056,,,
166,07/13/16 02:30:29 PM,1.67582,21.079,,,
167,07/13/16 02:31:29 PM,1.50061,21.056,,,
168,07/13/16 02:32:29 PM,1.68010,20.984,,,
169,07/13/16 02:33:29 PM,1.70391,20.984,,,
170,07/13/16 02:34:29 PM,1.46825,20.913,,,
171,07/13/16 02:35:29 PM,1.64774,20.865,,,
172,07/13/16 02:36:29 PM,1.66789,20.913,,,
173,07/13/16 02:37:29 PM,1.61722,20.889,,,
174,07/13/16 02:38:29 PM,1.66545,20.817,,,
175,07/13/16 02:39:29 PM,1.51038,20.793,,,
176,07/13/16 02:40:29 PM,1.56777,20.793,,,
177,07/13/16 02:41:29 PM,1.48046,20.770,,,
178,07/13/16 02:42:29 PM,1.56838,20.698,,,
179,07/13/16 02:43:29 PM,1.70208,20.698,,,
180,07/13/16 02:44:29 PM,1.56838,20.674,,,
181,07/13/16 02:45:29 PM,1.74481,20.627,,,
182,07/13/16 02:46:29 PM,1.58242,20.627,,,
183,07/13/16 02:47:29 PM,1.47314,20.579,,,
184,07/13/16 02:48:29 PM,1.76740,20.555,,,
185,07/13/16 02:49:29 PM,1.66789,20.507,,,
186,07/13/16 02:50:29 PM,1.62088,20.460,,,
187,07/13/16 02:51:29 PM,1.50000,20.507,,,
188,07/13/16 02:52:29 PM,1.73016,20.531,,,
189,07/13/16 02:53:29 PM,1.52503,20.460,,,
190,07/13/16 02:54:29 PM,1.68315,20.388,,,
191,07/13/16 02:55:29 PM,1.70513,20.388,,,
192,07/13/16 02:56:29 PM,1.54090,20.341,,,
193,07/13/16 02:57:29 PM,1.74481,20.269,,,
194,07/13/16 02:58:29 PM,1.71429,20.269,,,
195,07/13/16 02:59:29 PM,1.65873,20.246,,,
196,07/13/16 03:00:29 PM,1.47375,20.222,,,
197,07/13/16 03:01:29 PM,1.66667,20.198,,,
198,07/13/16 03:02:29 PM,1.51160,20.174,,,
199,07/13/16 03:03:29 PM,1.77778,20.126,,,
200,07/13/16 03:04:29 PM,1.50183,20.103,,,
201,07/13/16 03:05:29 PM,1.64652,20.103,,,
202,07/13/16 03:06:29 PM,1.73932,20.079,,,
203,07/13/16 03:07:29 PM,1.56960,20.055,,,
204,07/13/16 03:08:29 PM,1.69597,20.055,,,
205,07/13/16 03:09:29 PM,1.45788,20.007,,,
206,07/13/16 03:10:29 PM,1.75031,19.960,,,
207,07/13/16 03:11:29 PM,1.50916,19.912,,,
208,07/13/16 03:12:29 PM,1.77778,19.888,,,
209,07/13/16 03:13:29 PM,1.76190,19.841,,,
210,07/13/16 03:14:29 PM,1.65018,19.770,,,
211,07/13/16 03:15:29 PM,1.48413,19.793,,,
212,07/13/16 03:16:29 PM,1.73687,19.770,,,
213,07/13/16 03:17:29 PM,1.55983,19.698,,,
214,07/13/16 03:18:29 PM,1.44994,19.698,,,
215,07/13/16 03:19:29 PM,1.68193,19.651,,,
216,07/13/16 03:20:29 PM,1.50061,19.651,,,
217,07/13/16 03:21:29 PM,1.72955,19.627,,,
218,07/13/16 03:22:29 PM,1.75336,19.579,,,
219,07/13/16 03:23:29 PM,1.74420,19.555,,,
220,07/13/16 03:24:29 PM,1.71368,19.532,,,
221,07/13/16 03:25:29 PM,1.74115,19.508,,,
222,07/13/16 03:26:29 PM,1.58791,19.484,,,
223,07/13/16 03:27:29 PM,1.74237,19.484,,,
224,07/13/16 03:28:29 PM,1.57570,19.436,,,
225,07/13/16 03:29:29 PM,1.50366,19.389,,,
226,07/13/16 03:30:29 PM,1.68498,19.341,,,
227,07/13/16 03:31:29 PM,1.74725,19.341,,,
228,07/13/16 03:32:29 PM,1.62149,19.341,,,
229,07/13/16 03:33:29 PM,1.66911,19.294,,,
230,07/13/16 03:34:29 PM,1.47192,19.294,,,
231,07/13/16 03:35:29 PM,1.63980,19.270,,,
232,07/13/16 03:36:29 PM,1.57265,19.199,,,
233,07/13/16 03:37:29 PM,1.62943,19.175,,,
234,07/13/16 03:38:29 PM,1.60256,19.175,,,
235,07/13/16 03:39:29 PM,1.54335,19.127,,,
236,07/13/16 03:40:29 PM,1.57082,19.103,,,
237,07/13/16 03:41:29 PM,1.61477,19.127,,,
238,07/13/16 03:42:29 PM,1.47680,19.056,,,
239,07/13/16 03:43:29 PM,1.62698,19.032,,,
240,07/13/16 03:44:29 PM,1.69170,19.008,,,
241,07/13/16 03:45:29 PM,1.56532,18.961,,,
242,07/13/16 03:46:29 PM,1.69597,18.937,,,
243,07/13/16 03:47:29 PM,1.46825,18.913,,,
244,07/13/16 03:48:29 PM,1.65995,18.866,,,
245,07/13/16 03:49:29 PM,1.58486,18.842,,,
246,07/13/16 03:50:29 PM,1.60928,18.866,,,
247,07/13/16 03:51:29 PM,1.72222,18.842,,,
248,07/13/16 03:52:29 PM,1.50672,18.771,,,
249,07/13/16 03:53:29 PM,1.45849,18.794,,,
250,07/13/16 03:54:29 PM,1.74725,18.699,,,
251,07/13/16 03:55:29 PM,1.47863,18.652,,,
252,07/13/16 03:56:29 PM,1.44139,18.580,,,
253,07/13/16 03:57:29 PM,1.65629,18.580,,,
254,07/13/16 03:58:29 PM,1.62088,18.557,,,
255,07/13/16 03:59:29 PM,1.66728,18.509,,,
256,07/13/16 04:00:29 PM,1.73199,18.461,,,
257,07/13/16 04:01:29 PM,1.72772,18.461,,,
258,07/13/16 04:02:29 PM,1.68620,18.438,,,
259,07/13/16 04:03:29 PM,1.49756,18.414,,,
260,07/13/16 04:04:29 PM,1.44322,18.366,,,
261,07/13/16 04:05:29 PM,1.65873,18.343,,,
262,07/13/16 04:06:29 PM,1.53846,18.343,,,
263,07/13/16 04:07:29 PM,1.74847,18.271,,,
264,07/13/16 04:08:29 PM,1.45177,18.224,,,
265,07/13/16 04:09:29 PM,1.71734,18.247,,,
266,07/13/16 04:10:29 PM,1.51770,18.295,,,
267,07/13/16 04:11:29 PM,1.70208,18.200,,,
268,07/13/16 04:12:29 PM,1.53541,18.152,,,
269,07/13/16 04:13:29 PM,1.62943,18.105,,,
270,07/13/16 04:14:29 PM,1.58425,18.057,,,
271,07/13/16 04:15:29 PM,1.72772,18.033,,,
272,07/13/16 04:16:29 PM,1.50000,18.010,,,
273,07/13/16 04:17:29 PM,1.48474,18.010,,,
274,07/13/16 04:18:29 PM,1.45665,17.962,,,
275,07/13/16 04:19:29 PM,1.72527,17.986,,,
276,07/13/16 04:20:29 PM,1.64896,18.010,,,
277,07/13/16 04:21:29 PM,1.56899,17.986,,,
278,07/13/16 04:22:29 PM,1.71001,17.867,,,
279,07/13/16 04:23:29 PM,1.72344,17.819,,,
280,07/13/16 04:24:29 PM,1.48962,17.843,,,
281,07/13/16 04:25:29 PM,1.46886,17.772,,,
282,07/13/16 04:26:29 PM,1.74847,17.748,,,
283,07/13/16 04:27:29 PM,1.53907,17.701,,,
284,07/13/16 04:28:29 PM,1.52625,17.677,,,
285,07/13/16 04:29:29 PM,1.58913,17.653,,,
286,07/13/16 04:30:29 PM,1.47009,17.605,,,
287,07/13/16 04:31:29 PM,1.44872,17.582,,,
288,07/13/16 04:32:29 PM,1.69658,17.582,,,
289,07/13/16 04:33:29 PM,1.61600,17.534,,,
290,07/13/16 04:34:29 PM,1.52198,17.510,,,
291,07/13/16 04:35:29 PM,1.60379,17.486,,,
292,07/13/16 04:36:29 PM,1.49084,17.439,,,
293,07/13/16 04:37:29 PM,1.56227,17.415,,,
294,07/13/16 04:38:29 PM,1.45116,17.368,,,
295,07/13/16 04:39:29 PM,1.44872,17.391,,,
296,07/13/16 04:40:29 PM,1.52503,17.320,,,
297,07/13/16 04:41:29 PM,1.45299,17.296,,,
298,07/13/16 04:42:29 PM,1.74725,17.272,,,
299,07/13/16 04:43:29 PM,1.44811,17.249,,,
300,07/13/16 04:44:29 PM,1.73687,17.201,,,
301,07/13/16 04:45:29 PM,1.62821,17.153,,,
302,07/13/16 04:46:29 PM,1.57753,17.153,,,
303,07/13/16 04:47:29 PM,1.73016,17.106,,,
304,07/13/16 04:48:29 PM,1.69414,17.082,,,
305,07/13/16 04:49:29 PM,1.54457,17.058,,,
306,07/13/16 04:50:29 PM,1.61050,17.058,,,
307,07/13/16 04:51:29 PM,1.69170,16.987,,,
308,07/13/16 04:52:29 PM,1.47497,16.987,,,
309,07/13/16 04:53:29 PM,1.71978,16.987,,,
310,07/13/16 04:54:29 PM,1.66178,16.939,,,
311,07/13/16 04:55:29 PM,1.56349,16.915,,,
312,07/13/16 04:56:29 PM,1.51832,16.915,,,
313,07/13/16 04:57:29 PM,1.73748,16.892,,,
314,07/13/16 04:58:29 PM,1.69902,16.844,,,
315,07/13/16 04:59:29 PM,1.67033,16.796,,,
316,07/13/16 05:00:29 PM,1.71856,16.796,,,
317,07/13/16 05:01:29 PM,1.60379,16.749,,,
318,07/13/16 05:02:29 PM,1.70940,16.725,,,
319,07/13/16 05:03:29 PM,1.45971,16.701,,,
320,07/13/16 05:04:29 PM,1.55678,16.701,,,
321,07/13/16 05:05:29 PM,1.54762,16.654,,,
322,07/13/16 05:06:29 PM,1.63736,16.606,,,
323,07/13/16 05:07:29 PM,1.44872,16.582,,,
324,07/13/16 05:08:29 PM,1.45543,16.558,,,
325,07/13/16 05:09:29 PM,1.47741,16.511,,,
326,07/13/16 05:10:29 PM,1.70208,16.487,,,
327,07/13/16 05:11:29 PM,1.59158,16.487,,,
328,07/13/16 05:12:29 PM,1.57998,16.439,,,
329,07/13/16 05:13:29 PM,1.65934,16.415,,,
330,07/13/16 05:14:29 PM,1.56471,16.392,,,
331,07/13/16 05:15:29 PM,1.70452,16.392,,,
332,07/13/16 05:16:29 PM,1.72589,16.344,,,
333,07/13/16 05:17:29 PM,1.66789,16.320,,,
334,07/13/16 05:18:29 PM,1.70940,16.296,,,
335,07/13/16 05:19:29 PM,1.47497,16.272,,,
336,07/13/16 05:20:29 PM,1.62027,16.225,,,
337,07/13/16 05:21:29 PM,1.69475,16.201,,,
338,07/13/16 05:22:29 PM,1.46764,16.201,,,
339,07/13/16 05:23:29 PM,1.66361,16.153,,,
340,07/13/16 05:24:29 PM,1.48413,16.106,,,
341,07/13/16 05:25:29 PM,1.67949,16.082,,,
342,07/13/16 05:26:29 PM,1.68864,16.058,,,
343,07/13/16 05:27:29 PM,1.64164,16.034,,,
344,07/13/16 05:28:29 PM,1.46764,16.010,,,
345,07/13/16 05:29:29 PM,1.54579,15.986,,,
346,07/13/16 05:30:29 PM,1.45604,15.963,,,
347,07/13/16 05:31:29 PM,1.48107,15.915,,,
348,07/13/16 05:32:29 PM,1.48535,15.891,,,
349,07/13/16 05:33:29 PM,1.69475,15.891,,,
350,07/13/16 05:34:29 PM,1.62576,15.819,,,
351,07/13/16 05:35:29 PM,1.72344,15.819,,,
352,07/13/16 05:36:29 PM,1.48779,15.772,,,
353,07/13/16 05:37:29 PM,1.62271,15.772,,,
354,07/13/16 05:38:29 PM,1.54274,15.724,,,
355,07/13/16 05:39:29 PM,1.58303,15.700,,,
356,07/13/16 05:40:29 PM,1.54029,15.676,,,
357,07/13/16 05:41:29 PM,1.65263,15.629,,,
358,07/13/16 05:42:29 PM,1.60684,15.581,,,
359,07/13/16 05:43:29 PM,1.53663,15.581,,,
360,07/13/16 05:44:29 PM,1.54518,15.557,,,
361,07/13/16 05:45:29 PM,1.67521,15.509,,,
362,07/13/16 05:46:29 PM,1.63980,15.533,,,
363,07/13/16 05:47:29 PM,1.57631,15.485,,,
364,07/13/16 05:48:29 PM,1.69414,15.461,,,
365,07/13/16 05:49:29 PM,1.70208,15.438,,,
366,07/13/16 05:50:29 PM,1.58425,15.438,,,
367,07/13/16 05:51:29 PM,1.51099,15.414,,,
368,07/13/16 05:52:29 PM,1.64408,15.366,,,
369,07/13/16 05:53:29 PM,1.48596,15.318,,,
370,07/13/16 05:54:29 PM,1.67216,15.270,,,
371,07/13/16 05:55:29 PM,1.47192,15.247,,,
372,07/13/16 05:56:29 PM,1.54518,15.223,,,
373,07/13/16 05:57:29 PM,1.52503,15.175,,,
374,07/13/16 05:58:29 PM,1.50427,15.175,,,
375,07/13/16 05:59:29 PM,1.50977,15.127,,,
376,07/13/16 06:00:29 PM,1.69414,15.127,,,
377,07/13/16 06:01:29 PM,1.56532,15.103,,,
378,07/13/16 06:02:29 PM,1.49267,15.079,,,
379,07/13/16 06:03:29 PM,1.66545,15.055,,,
380,07/13/16 06:04:29 PM,1.55800,15.008,,,
381,07/13/16 06:05:29 PM,1.65873,15.008,,,
382,07/13/16 06:06:29 PM,1.64103,14.960,,,
383,07/13/16 06:07:29 PM,1.54212,14.912,,,
384,07/13/16 06:08:29 PM,1.59646,14.864,,,
385,07/13/16 06:09:29 PM,1.62759,14.864,,,
386,07/13/16 06:10:29 PM,1.62821,14.816,,,
387,07/13/16 06:11:29 PM,1.66972,14.768,,,
388,07/13/16 06:12:29 PM,1.59219,14.792,,,
389,07/13/16 06:13:29 PM,1.58242,14.792,,,
390,07/13/16 06:14:29 PM,1.69048,14.745,,,
391,07/13/16 06:15:29 PM,1.52015,14.721,,,
392,07/13/16 06:16:29 PM,1.59646,14.697,,,
393,07/13/16 06:17:29 PM,1.55128,14.649,,,
394,07/13/16 06:18:29 PM,1.57570,14.601,,,
395,07/13/16 06:19:29 PM,1.58852,14.601,,,
396,07/13/16 06:20:29 PM,1.59646,14.577,,,
397,07/13/16 06:21:29 PM,1.56410,14.529,,,
398,07/13/16 06:22:29 PM,1.49573,14.505,,,
399,07/13/16 06:23:29 PM,1.65751,14.529,,,
400,07/13/16 06:24:29 PM,1.48657,14.505,,,
401,07/13/16 06:25:29 PM,1.63614,14.433,,,
402,07/13/16 06:26:29 PM,1.50549,14.409,,,
403,07/13/16 06:27:29 PM,1.50122,14.385,,,
404,07/13/16 06:28:29 PM,1.69109,14.337,,,
405,07/13/16 06:29:29 PM,1.64957,14.314,,,
406,07/13/16 06:30:29 PM,1.50366,14.290,,,
407,07/13/16 06:31:29 PM,1.51099,14.266,,,
408,07/13/16 06:32:29 PM,1.67827,14.218,,,
409,07/13/16 06:33:29 PM,1.63431,14.218,,,
410,07/13/16 06:34:29 PM,1.59402,14.170,,,
411,07/13/16 06:35:29 PM,1.59463,14.146,,,
412,07/13/16 06:36:29 PM,1.60012,14.098,,,
413,07/13/16 06:37:29 PM,1.50672,14.074,,,
414,07/13/16 06:38:29 PM,1.50916,14.074,,,
415,07/13/16 06:39:29 PM,1.49267,14.026,,,
416,07/13/16 06:40:29 PM,1.48840,14.002,,,
417,07/13/16 06:41:29 PM,1.53053,14.002,,,
418,07/13/16 06:42:29 PM,1.50244,13.978,,,
419,07/13/16 06:43:29 PM,1.51709,13.906,,,
420,07/13/16 06:44:29 PM,1.65324,13.906,,,
421,07/13/16 06:45:29 PM,1.67766,13.882,,,
422,07/13/16 06:46:29 PM,1.48962,13.834,,,
423,07/13/16 06:47:29 PM,1.64042,13.834,,,
424,07/13/16 06:48:29 PM,1.61477,13.834,,,
425,07/13/16 06:49:29 PM,1.58242,13.786,,,
426,07/13/16 06:50:29 PM,1.51099,13.738,,,
427,07/13/16 06:51:29 PM,1.50000,13.690,,,
428,07/13/16 06:52:29 PM,1.62454,13.690,,,
429,07/13/16 06:53:29 PM,1.65568,13.642,,,
430,07/13/16 06:54:29 PM,1.55556,13.642,,,
431,07/13/16 06:55:29 PM,1.66972,13.618,,,
432,07/13/16 06:56:29 PM,1.52869,13.570,,,
433,07/13/16 06:57:29 PM,1.60745,13.546,,,
434,07/13/16 06:58:29 PM,1.59585,13.522,,,
435,07/13/16 06:59:29 PM,1.51709,13.473,,,
436,07/13/16 07:00:29 PM,1.51404,13.449,,,
437,07/13/16 07:01:29 PM,1.49878,13.401,,,
438,07/13/16 07:02:29 PM,1.64591,13.377,,,
439,07/13/16 07:03:29 PM,1.61600,13.377,,,
440,07/13/16 07:04:29 PM,1.51404,13.329,,,
441,07/13/16 07:05:29 PM,1.56410,13.305,,,
442,07/13/16 07:06:29 PM,1.66484,13.281,,,
443,07/13/16 07:07:29 PM,1.50488,13.257,,,
444,07/13/16 07:08:29 PM,1.63248,13.233,,,
445,07/13/16 07:09:29 PM,1.63675,13.209,,,
446,07/13/16 07:10:29 PM,1.63553,13.209,,,
447,07/13/16 07:11:29 PM,1.58547,13.161,,,
448,07/13/16 07:12:29 PM,1.62759,13.137,,,
449,07/13/16 07:13:29 PM,1.64103,13.112,,,
450,07/13/16 07:14:29 PM,1.57998,13.112,,,
451,07/13/16 07:15:29 PM,1.60867,13.064,,,
452,07/13/16 07:16:29 PM,1.51709,12.992,,,
453,07/13/16 07:17:29 PM,1.49939,12.968,,,
454,07/13/16 07:18:29 PM,1.60440,12.944,,,
455,07/13/16 07:19:29 PM,1.54823,12.896,,,
456,07/13/16 07:20:29 PM,1.64286,12.871,,,
457,07/13/16 07:21:29 PM,1.58669,12.847,,,
458,07/13/16 07:22:29 PM,1.50061,12.823,,,
459,07/13/16 07:23:29 PM,1.65507,12.823,,,
460,07/13/16 07:24:29 PM,1.54274,12.775,,,
461,07/13/16 07:25:29 PM,1.58669,12.799,,,
462,07/13/16 07:26:29 PM,1.53114,12.775,,,
463,07/13/16 07:27:29 PM,1.52686,12.751,,,
464,07/13/16 07:28:29 PM,1.63553,12.751,,,
465,07/13/16 07:29:29 PM,1.51709,12.727,,,
466,07/13/16 07:30:29 PM,1.54762,12.654,,,
467,07/13/16 07:31:29 PM,1.60195,12.606,,,
468,07/13/16 07:32:29 PM,1.54579,12.606,,,
469,07/13/16 07:33:29 PM,1.52625,12.558,,,
470,07/13/16 07:34:29 PM,1.50549,12.534,,,
471,07/13/16 07:35:29 PM,1.56532,12.509,,,
472,07/13/16 07:36:29 PM,1.49695,12.485,,,
473,07/13/16 07:37:29 PM,1.65201,12.461,,,
474,07/13/16 07:38:29 PM,1.55250,12.413,,,
475,07/13/16 07:39:29 PM,1.64530,12.413,,,
476,07/13/16 07:40:29 PM,1.54090,12.364,,,
477,07/13/16 07:41:29 PM,1.58974,12.340,,,
478,07/13/16 07:42:29 PM,1.49573,12.340,,,
479,07/13/16 07:43:29 PM,1.54945,12.292,,,
480,07/13/16 07:44:29 PM,1.61477,12.243,,,
481,07/13/16 07:45:29 PM,1.52320,12.243,,,
482,07/13/16 07:46:29 PM,1.61722,12.243,,,
483,07/13/16 07:47:29 PM,1.51404,12.195,,,
484,07/13/16 07:48:29 PM,1.66422,12.147,,,
485,07/13/16 07:49:29 PM,1.65140,12.122,,,
486,07/13/16 07:50:29 PM,1.53236,12.147,,,
487,07/13/16 07:51:29 PM,1.50244,12.098,,,
488,07/13/16 07:52:29 PM,1.59280,12.050,,,
489,07/13/16 07:53:29 PM,1.61172,12.001,,,
490,07/13/16 07:54:29 PM,1.64530,12.025,,,
491,07/13/16 07:55:29 PM,1.57692,12.025,,,
492,07/13/16 07:56:29 PM,1.50427,11.977,,,
493,07/13/16 07:57:29 PM,1.53602,11.904,,,
494,07/13/16 07:58:29 PM,1.52015,11.880,,,
495,07/13/16 07:59:29 PM,1.55800,11.832,,,
496,07/13/16 08:00:29 PM,1.56471,11.807,,,
497,07/13/16 08:01:29 PM,1.54274,11.807,,,
498,07/13/16 08:02:29 PM,1.51160,11.783,,,
499,07/13/16 08:03:29 PM,1.61661,11.686,,,
500,07/13/16 08:04:29 PM,1.62088,11.662,,,
501,07/13/16 08:05:29 PM,1.56166,11.662,,,
502,07/13/16 08:06:29 PM,1.60256,11.613,,,
503,07/13/16 08:07:29 PM,1.57998,11.613,,,
504,07/13/16 08:08:29 PM,1.53907,11.565,,,
505,07/13/16 08:09:29 PM,1.59035,11.589,,,
506,07/13/16 08:10:29 PM,1.63553,11.565,,,
507,07/13/16 08:11:29 PM,1.64896,11.589,,,
508,07/13/16 08:12:29 PM,1.51282,11.540,,,
509,07/13/16 08:13:29 PM,1.58730,11.516,,,
510,07/13/16 08:14:29 PM,1.55495,11.443,,,
511,07/13/16 08:15:29 PM,1.62698,11.419,,,
512,07/13/16 08:16:29 PM,1.55678,11.370,,,
513,07/13/16 08:17:29 PM,1.53236,11.346,,,
514,07/13/16 08:18:29 PM,1.60928,11.346,,,
515,07/13/16 08:19:29 PM,1.62637,11.321,,,
516,07/13/16 08:20:29 PM,1.53358,11.273,,,
517,07/13/16 08:21:29 PM,1.59646,11.200,,,
518,07/13/16 08:22:29 PM,1.65079,11.175,,,
519,07/13/16 08:23:29 PM,1.64652,11.200,,,
520,07/13/16 08:24:29 PM,1.50794,11.175,,,
521,07/13/16 08:25:29 PM,1.56288,11.102,,,
522,07/13/16 08:26:29 PM,1.63187,11.078,,,
523,07/13/16 08:27:29 PM,1.53419,11.053,,,
524,07/13/16 08:28:29 PM,1.64774,11.053,,,
525,07/13/16 08:29:29 PM,1.64164,10.980,,,
526,07/13/16 08:30:29 PM,1.58791,11.005,,,
527,07/13/16 08:31:29 PM,1.62759,10.980,,,
528,07/13/16 08:32:29 PM,1.64591,10.956,,,
529,07/13/16 08:33:29 PM,1.54884,10.907,,,
530,07/13/16 08:34:29 PM,1.51221,10.907,,,
531,07/13/16 08:35:29 PM,1.64347,10.834,,,
532,07/13/16 08:36:29 PM,1.57021,10.834,,,
533,07/13/16 08:37:29 PM,1.52137,10.834,,,
534,07/13/16 08:38:29 PM,1.61783,10.810,,,
535,07/13/16 08:39:29 PM,1.60440,10.761,,,
536,07/13/16 08:40:29 PM,1.50916,10.736,,,
537,07/13/16 08:41:29 PM,1.55495,10.712,,,
538,07/13/16 08:42:29 PM,1.50549,10.712,,,
539,07/13/16 08:43:29 PM,1.57814,10.663,,,
540,07/13/16 08:44:29 PM,1.59768,10.614,,,
541,07/13/16 08:45:29 PM,1.62821,10.565,,,
542,07/13/16 08:46:29 PM,1.52625,10.492,,,
543,07/13/16 08:47:29 PM,1.56960,10.492,,,
544,07/13/16 08:48:29 PM,1.59463,10.516,,,
545,07/13/16 08:49:29 PM,1.51526,10.467,,,
546,07/13/16 08:50:29 PM,1.61844,10.467,,,
547,07/13/16 08:51:29 PM,1.51099,10.467,,,
548,07/13/16 08:52:29 PM,1.51038,10.443,,,
549,07/13/16 08:53:29 PM,1.57937,10.394,,,
550,07/13/16 08:54:29 PM,1.52137,10.369,,,
551,07/13/16 08:55:29 PM,1.51404,10.369,,,
552,07/13/16 08:56:29 PM,1.54090,10.320,,,
553,07/13/16 08:57:29 PM,1.63919,10.271,,,
554,07/13/16 08:58:29 PM,1.55983,10.271,,,
555,07/13/16 08:59:29 PM,1.51648,10.222,,,
556,07/13/16 09:00:29 PM,1.53297,10.173,,,
557,07/13/16 09:01:29 PM,1.51587,10.149,,,
558,07/13/16 09:02:29 PM,1.64408,10.173,,,
559,07/13/16 09:03:29 PM,1.52259,10.124,,,
560,07/13/16 09:04:29 PM,1.56899,10.051,,,
561,07/13/16 09:05:29 PM,1.60684,10.026,,,
562,07/13/16 09:06:29 PM,1.63126,9.977,,,
563,07/13/16 09:07:29 PM,1.52930,9.928,,,
564,07/13/16 09:08:29 PM,1.56410,9.952,,,
565,07/13/16 09:09:29 PM,1.56654,9.903,,,
566,07/13/16 09:10:29 PM,1.60867,9.903,,,
567,07/13/16 09:11:29 PM,1.55739,9.854,,,
568,07/13/16 09:12:29 PM,1.52137,9.854,,,
569,07/13/16 09:13:29 PM,1.57998,9.854,,,
570,07/13/16 09:14:29 PM,1.55495,9.780,,,
571,07/13/16 09:15:29 PM,1.56654,9.731,,,
572,07/13/16 09:16:29 PM,1.52625,9.706,,,
573,07/13/16 09:17:29 PM,1.56410,9.706,,,
574,07/13/16 09:18:29 PM,1.59463,9.632,,,
575,07/13/16 09:19:29 PM,1.63492,9.583,,,
576,07/13/16 09:20:29 PM,1.50916,9.534,,,
577,07/13/16 09:21:29 PM,1.53419,9.558,,,
578,07/13/16 09:22:29 PM,1.60379,9.509,,,
579,07/13/16 09:23:29 PM,1.61050,9.485,,,
580,07/13/16 09:24:29 PM,1.50916,9.460,,,
581,07/13/16 09:25:29 PM,1.63248,9.460,,,
582,07/13/16 09:26:29 PM,1.53785,9.460,,,
583,07/13/16 09:27:29 PM,1.52930,9.460,,,
584,07/13/16 09:28:29 PM,1.52686,9.435,,,
585,07/13/16 09:29:29 PM,1.62698,9.410,,,
586,07/13/16 09:30:29 PM,1.61233,9.410,,,
587,07/13/16 09:31:29 PM,1.59524,9.361,,,
588,07/13/16 09:32:29 PM,1.63553,9.312,,,
589,07/13/16 09:33:29 PM,1.63736,9.262,,,
590,07/13/16 09:34:29 PM,1.63980,9.262,,,
591,07/13/16 09:35:29 PM,1.51709,9.188,,,
592,07/13/16 09:36:29 PM,1.62821,9.089,,,
593,07/13/16 09:37:29 PM,1.63614,9.040,,,
594,07/13/16 09:38:29 PM,1.63370,9.040,,,
595,07/13/16 09:39:29 PM,1.55495,9.064,,,
596,07/13/16 09:40:29 PM,1.55189,9.015,,,
597,07/13/16 09:41:29 PM,1.58791,9.040,,,
598,07/13/16 09:42:29 PM,1.55556,9.040,,,
599,07/13/16 09:43:29 PM,1.63736,9.015,,,
600,07/13/16 09:44:29 PM,1.63858,8.965,,,
601,07/13/16 09:45:29 PM,1.58913,8.965,,,
602,07/13/16 09:46:29 PM,1.61661,8.941,,,
603,07/13/16 09:47:29 PM,1.56716,8.941,,,
604,07/13/16 09:48:29 PM,1.54701,8.891,,,
605,07/13/16 09:49:29 PM,1.62393,8.866,,,
606,07/13/16 09:50:29 PM,1.62149,8.841,,,
607,07/13/16 09:51:29 PM,1.60745,8.767,,,
608,07/13/16 09:52:29 PM,1.59829,8.742,,,
609,07/13/16 09:53:29 PM,1.62698,8.717,,,
610,07/13/16 09:54:29 PM,1.59158,8.693,,,
611,07/13/16 09:55:29 PM,1.63004,8.643,,,
612,07/13/16 09:56:29 PM,1.58059,8.568,,,
613,07/13/16 09:57:29 PM,1.63187,8.568,,,
614,07/13/16 09:58:29 PM,1.62821,8.519,,,
615,07/13/16 09:59:29 PM,1.51038,8.494,,,
616,07/13/16 10:00:29 PM,1.53175,8.469,,,
617,07/13/16 10:01:29 PM,1.61172,8.444,,,
618,07/13/16 10:02:29 PM,1.62821,8.394,,,
619,07/13/16 10:03:29 PM,1.62698,8.419,,,
620,07/13/16 10:04:29 PM,1.55372,8.369,,,
621,07/13/16 10:05:29 PM,1.52015,8.369,,,
622,07/13/16 10:06:29 PM,1.63004,8.344,,,
623,07/13/16 10:07:29 PM,1.55433,8.245,,,
624,07/13/16 10:08:29 PM,1.52137,8.245,,,
625,07/13/16 10:09:29 PM,1.51832,8.245,,,
626,07/13/16 10:10:29 PM,1.52991,8.195,,,
627,07/13/16 10:11:29 PM,1.54640,8.145,,,
628,07/13/16 10:12:29 PM,1.54457,8.145,,,
629,07/13/16 10:13:29 PM,1.57998,8.120,,,
630,07/13/16 10:14:29 PM,1.61600,8.070,,,
631,07/13/16 10:15:29 PM,1.57143,8.020,,,
632,07/13/16 10:16:29 PM,1.62332,7.995,,,
633,07/13/16 10:17:29 PM,1.54151,7.945,,,
634,07/13/16 10:18:29 PM,1.56227,7.895,,,
635,07/13/16 10:19:29 PM,1.52869,7.845,,,
636,07/13/16 10:20:29 PM,1.52076,7.845,,,
637,07/13/16 10:21:29 PM,1.53114,7.845,,,
638,07/13/16 10:22:29 PM,1.62698,7.820,,,
639,07/13/16 10:23:29 PM,1.53724,7.795,,,
640,07/13/16 10:24:29 PM,1.58425,7.795,,,
641,07/13/16 10:25:29 PM,1.52442,7.770,,,
642,07/13/16 10:26:29 PM,1.62149,7.745,,,
643,07/13/16 10:27:29 PM,1.59219,7.720,,,
644,07/13/16 10:28:29 PM,1.58852,7.695,,,
645,07/13/16 10:29:29 PM,1.53419,7.645,,,
646,07/13/16 10:30:29 PM,1.55556,7.645,,,
647,07/13/16 10:31:29 PM,1.53053,7.594,,,
648,07/13/16 10:32:29 PM,1.61416,7.544,,,
649,07/13/16 10:33:29 PM,1.62149,7.469,,,
650,07/13/16 10:34:29 PM,1.53114,7.393,,,
651,07/13/16 10:35:29 PM,1.54457,7.393,,,
652,07/13/16 10:36:29 PM,1.56716,7.343,,,
653,07/13/16 10:37:29 PM,1.62332,7.343,,,
654,07/13/16 10:38:29 PM,1.60989,7.318,,,
655,07/13/16 10:39:29 PM,1.53724,7.293,,,
656,07/13/16 10:40:29 PM,1.55922,7.318,,,
657,07/13/16 10:41:29 PM,1.61966,7.268,,,
658,07/13/16 10:42:29 PM,1.59890,7.242,,,
659,07/13/16 10:43:29 PM,1.54823,7.242,,,
660,07/13/16 10:44:29 PM,1.59768,7.242,,,
661,07/13/16 10:45:29 PM,1.51099,7.242,,,
662,07/13/16 10:46:29 PM,1.61905,7.217,,,
663,07/13/16 10:47:29 PM,1.59951,7.116,,,
664,07/13/16 10:48:29 PM,1.51343,7.116,,,
665,07/13/16 10:49:29 PM,1.62759,7.091,,,
666,07/13/16 10:50:29 PM,1.61294,7.041,,,
667,07/13/16 10:51:29 PM,1.57937,7.015,,,
668,07/13/16 10:52:29 PM,1.61661,6.990,,,
669,07/13/16 10:53:29 PM,1.52991,6.965,,,
670,07/13/16 10:54:29 PM,1.60256,6.940,,,
671,07/13/16 10:55:29 PM,1.55250,6.889,,,
672,07/13/16 10:56:29 PM,1.59035,6.839,,,
673,07/13/16 10:57:29 PM,1.51893,6.788,,,
674,07/13/16 10:58:29 PM,1.61538,6.763,,,
675,07/13/16 10:59:29 PM,1.61416,6.788,,,
676,07/13/16 11:00:29 PM,1.61050,6.763,,,
677,07/13/16 11:01:29 PM,1.52015,6.763,,,
678,07/13/16 11:02:29 PM,1.52076,6.737,,,
679,07/13/16 11:03:29 PM,1.51832,6.712,,,
680,07/13/16 11:04:29 PM,1.58913,6.687,,,
681,07/13/16 11:05:29 PM,1.62332,6.636,,,
682,07/13/16 11:06:29 PM,1.54640,6.636,,,
683,07/13/16 11:07:29 PM,1.52747,6.611,,,
684,07/13/16 11:08:29 PM,1.61905,6.560,,,
685,07/13/16 11:09:29 PM,1.61294,6.509,,,
686,07/13/16 11:10:29 PM,1.60379,6.509,,,
687,07/13/16 11:11:29 PM,1.62393,6.484,,,
688,07/13/16 11:12:29 PM,1.51587,6.357,,,
689,07/13/16 11:13:29 PM,1.55372,6.306,,,
690,07/13/16 11:14:29 PM,1.60684,6.331,,,
691,07/13/16 11:15:29 PM,1.60317,6.306,,,
692,07/13/16 11:16:29 PM,1.61966,6.255,,,
693,07/13/16 11:17:29 PM,1.61661,6.281,,,
694,07/13/16 11:18:29 PM,1.60012,6.230,,,
695,07/13/16 11:19:29 PM,1.51954,6.204,,,
696,07/13/16 11:20:29 PM,1.54151,6.204,,,
697,07/13/16 11:21:29 PM,1.54945,6.204,,,
698,07/13/16 11:22:29 PM,1.51709,6.153,,,
699,07/13/16 11:23:29 PM,1.62698,6.102,,,
700,07/13/16 11:24:29 PM,1.55861,6.102,,,
701,07/13/16 11:25:29 PM,1.60806,6.051,,,
702,07/13/16 11:26:29 PM,1.55861,6.051,,,
703,07/13/16 11:27:29 PM,1.59768,6.000,,,
704,07/13/16 11:28:29 PM,1.59890,5.924,,,
705,07/13/16 11:29:29 PM,1.53236,5.872,,,
706,07/13/16 11:30:29 PM,1.59646,5.821,,,
707,07/13/16 11:31:29 PM,1.62698,5.770,,,
708,07/13/16 11:32:29 PM,1.51709,5.745,,,
709,07/13/16 11:33:29 PM,1.59158,5.719,,,
710,07/13/16 11:34:29 PM,1.61294,5.693,,,
711,07/13/16 11:35:29 PM,1.61477,5.719,,,
712,07/13/16 11:36:29 PM,1.52076,5.745,,,
713,07/13/16 11:37:29 PM,1.61783,5.745,,,
714,07/13/16 11:38:29 PM,1.62332,5.693,,,
715,07/13/16 11:39:29 PM,1.62454,5.668,,,
716,07/13/16 11:40:29 PM,1.61355,5.693,,,
717,07/13/16 11:41:29 PM,1.58852,5.642,,,
718,07/13/16 11:42:29 PM,1.51160,5.591,,,
719,07/13/16 11:43:29 PM,1.58608,5.539,,,
720,07/13/16 11:44:29 PM,1.55739,5.514,,,
721,07/13/16 11:45:29 PM,1.57326,5.462,,,
722,07/13/16 11:46:29 PM,1.53663,5.462,,,
723,07/13/16 11:47:29 PM,1.53053,5.411,,,
724,07/13/16 11:48:29 PM,1.51770,5.334,,,
725,07/13/16 11:49:29 PM,1.52625,5.282,,,
726,07/13/16 11:50:29 PM,1.61905,5.257,,,
727,07/13/16 11:51:29 PM,1.62271,5.231,,,
728,07/13/16 11:52:29 PM,1.60623,5.154,,,
729,07/13/16 11:53:29 PM,1.59585,5.154,,,
730,07/13/16 11:54:29 PM,1.52564,5.154,,,
731,07/13/16 11:55:29 PM,1.53114,5.128,,,
732,07/13/16 11:56:29 PM,1.62210,5.102,,,
733,07/13/16 11:57:29 PM,1.52625,5.128,,,
734,07/13/16 11:58:29 PM,1.58608,5.128,,,
735,07/13/16 11:59:29 PM,1.52381,5.128,,,
736,07/14/16 12:00:29 AM,1.50916,5.154,,,
737,07/14/16 12:01:29 AM,1.53541,5.154,,,
738,07/14/16 12:02:29 AM,1.56471,5.154,,,
739,07/14/16 12:03:29 AM,1.55189,5.154,,,
740,07/14/16 12:04:29 AM,1.51893,5.154,,,
741,07/14/16 12:05:29 AM,1.61172,5.128,,,
742,07/14/16 12:06:29 AM,1.63492,5.076,,,
743,07/14/16 12:07:29 AM,1.51099,5.050,,,
744,07/14/16 12:08:29 AM,1.62943,5.024,,,
745,07/14/16 12:09:29 AM,1.54274,5.024,,,
746,07/14/16 12:10:29 AM,1.51648,4.999,,,
747,07/14/16 12:11:29 AM,1.57021,4.999,,,
748,07/14/16 12:12:29 AM,1.62332,5.050,,,
749,07/14/16 12:13:29 AM,1.50672,5.102,,,
750,07/14/16 12:14:29 AM,1.53663,5.102,,,
751,07/14/16 12:15:29 AM,1.58364,5.128,,,
752,07/14/16 12:16:29 AM,1.52015,5.154,,,
753,07/14/16 12:17:29 AM,1.52625,5.128,,,
754,07/14/16 12:18:29 AM,1.53358,5.154,,,
755,07/14/16 12:19:29 AM,1.62637,5.128,,,
756,07/14/16 12:20:29 AM,1.63004,5.128,,,
757,07/14/16 12:21:29 AM,1.56899,5.102,,,
758,07/14/16 12:22:29 AM,1.56777,5.024,,,
759,07/14/16 12:23:29 AM,1.63492,5.024,,,
760,07/14/16 12:24:29 AM,1.53968,5.050,,,
761,07/14/16 12:25:29 AM,1.52381,5.024,,,
762,07/14/16 12:26:29 AM,1.54701,5.050,,,
763,07/14/16 12:27:29 AM,1.60317,5.102,,,
764,07/14/16 12:28:29 AM,1.60806,5.128,,,
765,07/14/16 12:29:29 AM,1.56654,5.102,,,
766,07/14/16 12:30:29 AM,1.60806,5.128,,,
767,07/14/16 12:31:29 AM,1.63187,5.128,,,
768,07/14/16 12:32:29 AM,1.51587,5.128,,,
769,07/14/16 12:33:29 AM,1.57021,5.050,,,
770,07/14/16 12:34:29 AM,1.60806,5.024,,,
771,07/14/16 12:35:29 AM,1.63614,5.024,,,
772,07/14/16 12:36:29 AM,1.63492,5.076,,,
773,07/14/16 12:37:29 AM,1.63797,5.076,,,
774,07/14/16 12:38:29 AM,1.62515,5.076,,,
775,07/14/16 12:39:29 AM,1.62515,5.102,,,
776,07/14/16 12:40:29 AM,1.59402,5.102,,,
777,07/14/16 12:41:29 AM,1.62515,5.102,,,
778,07/14/16 12:42:29 AM,1.60562,5.128,,,
779,07/14/16 12:43:29 AM,1.54029,5.102,,,
780,07/14/16 12:44:29 AM,1.52503,5.102,,,
781,07/14/16 12:45:29 AM,1.63187,5.102,,,
782,07/14/16 12:46:29 AM,1.56593,5.102,,,
783,07/14/16 12:47:29 AM,1.52320,5.050,,,
784,07/14/16 12:48:29 AM,1.61600,4.999,,,
785,07/14/16 12:49:29 AM,1.52259,4.947,,,
786,07/14/16 12:50:29 AM,1.61477,4.973,,,
787,07/14/16 12:51:29 AM,1.53175,5.024,,,
788,07/14/16 12:52:29 AM,1.53358,5.050,,,
789,07/14/16 12:53:29 AM,1.55189,5.076,,,
790,07/14/16 12:54:29 AM,1.59280,5.102,,,
791,07/14/16 12:55:29 AM,1.56044,5.102,,,
792,07/14/16 12:56:29 AM,1.53663,5.128,,,
793,07/14/16 12:57:29 AM,1.52503,5.102,,,
794,07/14/16 12:58:29 AM,1.51648,5.128,,,
795,07/14/16 12:59:29 AM,1.62821,5.102,,,
796,07/14/16 01:00:29 AM,1.53053,5.076,,,
797,07/14/16 01:01:29 AM,1.56410,5.024,,,
798,07/14/16 01:02:29 AM,1.63431,4.999,,,
799,07/14/16 01:03:29 AM,1.57937,4.973,,,
800,07/14/16 01:04:29 AM,1.57937,4.973,,,
801,07/14/16 01:05:29 AM,1.55495,4.999,,,
802,07/14/16 01:06:29 AM,1.54823,5.050,,,
803,07/14/16 01:07:29 AM,1.63004,5.128,,,
804,07/14/16 01:08:29 AM,1.53907,5.128,,,
805,07/14/16 01:09:29 AM,1.59219,5.128,,,
806,07/14/16 01:10:29 AM,1.53846,5.128,,,
807,07/14/16 01:11:29 AM,1.59707,5.076,,,
808,07/14/16 01:12:29 AM,1.60684,5.050,,,
809,07/14/16 01:13:29 AM,1.51832,4.999,,,
810,07/14/16 01:14:29 AM,1.62698,4.973,,,
811,07/14/16 01:15:29 AM,1.61477,4.973,,,
812,07/14/16 01:16:29 AM,1.51648,5.024,,,
813,07/14/16 01:17:29 AM,1.62698,5.102,,,
814,07/14/16 01:18:29 AM,1.60073,5.128,,,
815,07/14/16 01:19:29 AM,1.61844,5.128,,,
816,07/14/16 01:20:29 AM,1.51465,5.128,,,
817,07/14/16 01:21:29 AM,1.63248,5.128,,,
818,07/14/16 01:22:29 AM,1.63858,5.102,,,
819,07/14/16 01:23:29 AM,1.59158,5.024,,,
820,07/14/16 01:24:29 AM,1.63126,4.973,,,
821,07/14/16 01:25:29 AM,1.55067,4.999,,,
822,07/14/16 01:26:29 AM,1.56838,4.999,,,
823,07/14/16 01:27:29 AM,1.56593,5.076,,,
824,07/14/16 01:28:29 AM,1.53297,5.128,,,
825,07/14/16 01:29:29 AM,1.62393,5.128,,,
826,07/14/16 01:30:29 AM,1.60379,5.154,,,
827,07/14/16 01:31:29 AM,1.57387,5.154,,,
828,07/14/16 01:32:29 AM,1.57204,5.154,,,
829,07/14/16 01:33:29 AM,1.63553,5.128,,,
830,07/14/16 01:34:29 AM,1.64347,5.128,,,
831,07/14/16 01:35:29 AM,1.63858,5.128,,,
832,07/14/16 01:36:29 AM,1.53846,5.076,,,
833,07/14/16 01:37:29 AM,1.56410,5.024,,,
834,07/14/16 01:38:29 AM,1.59890,4.973,,,
835,07/14/16 01:39:29 AM,1.53602,4.973,,,
836,07/14/16 01:40:29 AM,1.61905,5.024,,,
837,07/14/16 01:41:29 AM,1.54762,5.024,,,
838,07/14/16 01:42:29 AM,1.61416,5.076,,,
839,07/14/16 01:43:29 AM,1.60623,5.128,,,
840,07/14/16 01:44:29 AM,1.62454,5.102,,,
841,07/14/16 01:45:29 AM,1.63553,5.102,,,
842,07/14/16 01:46:29 AM,1.52625,5.128,,,
843,07/14/16 01:47:29 AM,1.62332,5.128,,,
844,07/14/16 01:48:29 AM,1.60745,5.102,,,
845,07/14/16 01:49:29 AM,1.57631,5.050,,,
846,07/14/16 01:50:29 AM,1.50916,4.947,,,
847,07/14/16 01:51:29 AM,1.58730,4.947,,,
848,07/14/16 01:52:29 AM,1.52991,4.999,,,
849,07/14/16 01:53:29 AM,1.60806,5.024,,,
850,07/14/16 01:54:29 AM,1.54701,5.076,,,
851,07/14/16 01:55:29 AM,1.55800,5.102,,,
852,07/14/16 01:56:29 AM,1.58974,5.128,,,
853,07/14/16 01:57:29 AM,1.51954,5.128,,,
854,07/14/16 01:58:29 AM,1.63126,5.102,,,
855,07/14/16 01:59:29 AM,1.52747,5.050,,,
856,07/14/16 02:00:29 AM,1.54762,5.024,,,
857,07/14/16 02:01:29 AM,1.56410,4.999,,,
858,07/14/16 02:02:29 AM,1.58608,4.999,,,
859,07/14/16 02:03:29 AM,1.56593,4.999,,,
860,07/14/16 02:04:29 AM,1.58730,4.999,,,
861,07/14/16 02:05:29 AM,1.59035,5.024,,,
862,07/14/16 02:06:29 AM,1.52747,5.024,,,
863,07/14/16 02:07:29 AM,1.60379,5.024,,,
864,07/14/16 02:08:29 AM,1.56471,5.050,,,
865,07/14/16 02:09:29 AM,1.62759,5.050,,,
866,07/14/16 02:10:29 AM,1.60684,5.050,,,
867,07/14/16 02:11:29 AM,1.55311,5.076,,,
868,07/14/16 02:12:29 AM,1.63065,5.076,,,
869,07/14/16 02:13:29 AM,1.56471,5.050,,,
870,07/14/16 02:14:29 AM,1.54701,5.102,,,
871,07/14/16 02:15:29 AM,1.63980,5.128,,,
872,07/14/16 02:16:29 AM,1.58547,5.154,,,
873,07/14/16 02:17:29 AM,1.51465,5.205,,,
874,07/14/16 02:18:29 AM,1.56349,5.205,,,
875,07/14/16 02:19:29 AM,1.63980,5.205,,,
876,07/14/16 02:20:29 AM,1.61111,5.154,,,
877,07/14/16 02:21:29 AM,1.51770,5.154,,,
878,07/14/16 02:22:29 AM,1.53602,5.128,,,
879,07/14/16 02:23:29 AM,1.55739,5.102,,,
880,07/14/16 02:24:29 AM,1.54701,5.024,,,
881,07/14/16 02:25:29 AM,1.52198,4.973,,,
882,07/14/16 02:26:29 AM,1.57448,4.999,,,
883,07/14/16 02:27:29 AM,1.57021,5.024,,,
884,07/14/16 02:28:29 AM,1.63492,5.050,,,
885,07/14/16 02:29:29 AM,1.51893,5.076,,,
886,07/14/16 02:30:29 AM,1.52198,5.102,,,
887,07/14/16 02:31:29 AM,1.53114,5.102,,,
888,07/14/16 02:32:29 AM,1.56593,5.102,,,
889,07/14/16 02:33:29 AM,1.55189,5.128,,,
890,07/14/16 02:34:29 AM,1.60562,5.128,,,
891,07/14/16 02:35:29 AM,1.52015,5.154,,,
892,07/14/16 02:36:29 AM,1.54579,5.154,,,
893,07/14/16 02:37:29 AM,1.63980,5.128,,,
894,07/14/16 02:38:29 AM,1.59158,5.024,,,
895,07/14/16 02:39:29 AM,1.61722,4.973,,,
896,07/14/16 02:40:29 AM,1.62943,4.973,,,
897,07/14/16 02:41:29 AM,1.54945,5.024,,,
898,07/14/16 02:42:29 AM,1.55250,5.050,,,
899,07/14/16 02:43:29 AM,1.57937,5.076,,,
900,07/14/16 02:44:29 AM,1.52808,5.128,,,
901,07/14/16 02:45:29 AM,1.58608,5.128,,,
902,07/14/16 02:46:29 AM,1.55983,5.128,,,
903,07/14/16 02:47:29 AM,1.63858,5.128,,,
904,07/14/16 02:48:29 AM,1.61050,5.102,,,
905,07/14/16 02:49:29 AM,1.58974,5.076,,,
906,07/14/16 02:50:29 AM,1.62637,4.999,,,
907,07/14/16 02:51:29 AM,1.63370,4.999,,,
908,07/14/16 02:52:29 AM,1.52381,4.947,,,
909,07/14/16 02:53:29 AM,1.64286,4.973,,,
910,07/14/16 02:54:29 AM,1.55433,4.973,,,
911,07/14/16 02:55:29 AM,1.52747,4.999,,,
912,07/14/16 02:56:29 AM,1.63553,5.024,,,
913,07/14/16 02:57:29 AM,1.54029,5.024,,,
914,07/14/16 02:58:29 AM,1.53175,5.024,,,
915,07/14/16 02:59:29 AM,1.62576,5.024,,,
916,07/14/16 03:00:29 AM,1.51709,5.076,,,
917,07/14/16 03:01:29 AM,1.51832,5.128,,,
918,07/14/16 03:02:29 AM,1.63126,5.154,,,
919,07/14/16 03:03:29 AM,1.51526,5.179,,,
920,07/14/16 03:04:29 AM,1.52442,5.179,,,
921,07/14/16 03:05:29 AM,1.54212,5.128,,,
922,07/14/16 03:06:29 AM,1.51709,5.154,,,
923,07/14/16 03:07:29 AM,1.51709,5.128,,,
924,07/14/16 03:08:29 AM,1.52747,5.128,,,
925,07/14/16 03:09:29 AM,1.56471,5.128,,,
926,07/14/16 03:10:29 AM,1.59341,5.102,,,
927,07/14/16 03:11:29 AM,1.53358,5.050,,,
928,07/14/16 03:12:29 AM,1.57448,5.024,,,
929,07/14/16 03:13:29 AM,1.56471,4.973,,,
930,07/14/16 03:14:29 AM,1.62393,4.973,,,
931,07/14/16 03:15:29 AM,1.61783,4.973,,,
932,07/14/16 03:16:29 AM,1.60317,4.973,,,
933,07/14/16 03:17:29 AM,1.57875,4.999,,,
934,07/14/16 03:18:29 AM,1.58608,5.050,,,
935,07/14/16 03:19:29 AM,1.59463,5.050,,,
936,07/14/16 03:20:29 AM,1.54212,5.076,,,
937,07/14/16 03:21:29 AM,1.56777,5.154,,,
938,07/14/16 03:22:29 AM,1.58425,5.128,,,
939,07/14/16 03:23:29 AM,1.52930,5.154,,,
940,07/14/16 03:24:29 AM,1.57265,5.154,,,
941,07/14/16 03:25:29 AM,1.56288,5.128,,,
942,07/14/16 03:26:29 AM,1.65324,5.128,,,
943,07/14/16 03:27:29 AM,1.52015,5.154,,,
944,07/14/16 03:28:29 AM,1.59768,5.154,,,
945,07/14/16 03:29:29 AM,1.52076,5.050,,,
946,07/14/16 03:30:29 AM,1.64774,4.999,,,
947,07/14/16 03:31:29 AM,1.62698,4.973,,,
948,07/14/16 03:32:29 AM,1.59524,4.921,,,
949,07/14/16 03:33:29 AM,1.52686,4.921,,,
950,07/14/16 03:34:29 AM,1.61294,4.973,,,
951,07/14/16 03:35:29 AM,1.55067,5.050,,,
952,07/14/16 03:36:29 AM,1.59890,5.076,,,
953,07/14/16 03:37:29 AM,1.64591,5.128,,,
954,07/14/16 03:38:29 AM,1.52564,5.128,,,
955,07/14/16 03:39:29 AM,1.57143,5.128,,,
956,07/14/16 03:40:29 AM,1.51343,5.102,,,
957,07/14/16 03:41:29 AM,1.60745,5.102,,,
958,07/14/16 03:42:29 AM,1.53724,5.128,,,
959,07/14/16 03:43:29 AM,1.58852,5.050,,,
960,07/14/16 03:44:29 AM,1.63614,4.999,,,
961,07/14/16 03:45:29 AM,1.52808,4.973,,,
962,07/14/16 03:46:29 AM,1.54029,4.973,,,
963,07/14/16 03:47:29 AM,1.63004,4.947,,,
964,07/14/16 03:48:29 AM,1.62271,4.973,,,
965,07/14/16 03:49:29 AM,1.63065,4.973,,,
966,07/14/16 03:50:29 AM,1.60440,4.999,,,
967,07/14/16 03:51:29 AM,1.54823,4.999,,,
968,07/14/16 03:52:29 AM,1.61050,4.999,,,
969,07/14/16 03:53:29 AM,1.60379,5.050,,,
970,07/14/16 03:54:29 AM,1.60134,5.024,,,
971,07/14/16 03:55:29 AM,1.62027,5.024,,,
972,07/14/16 03:56:29 AM,1.53419,5.050,,,
973,07/14/16 03:57:29 AM,1.56838,5.102,,,
974,07/14/16 03:58:29 AM,1.57082,5.076,,,
975,07/14/16 03:59:29 AM,1.56410,5.050,,,
976,07/14/16 04:00:29 AM,1.54212,5.102,,,
977,07/14/16 04:01:29 AM,1.52320,5.102,,,
978,07/14/16 04:02:29 AM,1.52259,5.102,,,
979,07/14/16 04:03:29 AM,1.53358,5.076,,,
980,07/14/16 04:04:29 AM,1.52991,5.024,,,
981,07/14/16 04:05:29 AM,1.60440,5.024,,,
982,07/14/16 04:06:29 AM,1.56960,4.999,,,
983,07/14/16 04:07:29 AM,1.57265,5.024,,,
984,07/14/16 04:08:29 AM,1.62759,5.076,,,
985,07/14/16 04:09:29 AM,1.63004,5.154,,,
986,07/14/16 04:10:29 AM,1.63553,5.102,,,
987,07/14/16 04:11:29 AM,1.64347,5.076,,,
988,07/14/16 04:12:29 AM,1.64103,5.024,,,
989,07/14/16 04:13:29 AM,1.54640,5.024,,,
990,07/14/16 04:14:29 AM,1.59402,4.999,,,
991,07/14/16 04:15:29 AM,1.56777,4.999,,,
992,07/14/16 04:16:29 AM,1.64347,5.024,,,
993,07/14/16 04:17:29 AM,1.63065,5.024,,,
994,07/14/16 04:18:29 AM,1.64225,5.050,,,
995,07/14/16 04:19:29 AM,1.60195,5.050,,,
996,07/14/16 04:20:29 AM,1.59524,5.102,,,
997,07/14/16 04:21:29 AM,1.61661,5.102,,,
998,07/14/16 04:22:29 AM,1.53785,5.154,,,
999,07/14/16 04:23:29 AM,1.51221,5.128,,,
1000,07/14/16 04:24:29 AM,1.56166,5.102,,,
1001,07/14/16 04:25:29 AM,1.54579,5.128,,,
1002,07/14/16 04:26:29 AM,1.51709,5.128,,,
1003,07/14/16 04:27:29 AM,1.57326,5.128,,,
1004,07/14/16 04:28:29 AM,1.51099,5.050,,,
1005,07/14/16 04:29:29 AM,1.60073,4.999,,,
1006,07/14/16 04:30:29 AM,1.62882,4.947,,,
1007,07/14/16 04:31:29 AM,1.63431,4.947,,,
1008,07/14/16 04:32:29 AM,1.60684,4.947,,,
1009,07/14/16 04:33:29 AM,1.52442,4.947,,,
1010,07/14/16 04:34:29 AM,1.60867,4.999,,,
1011,07/14/16 04:35:29 AM,1.56227,5.024,,,
1012,07/14/16 04:36:29 AM,1.51832,5.024,,,
1013,07/14/16 04:37:29 AM,1.56349,4.999,,,
1014,07/14/16 04:38:29 AM,1.59768,4.999,,,
1015,07/14/16 04:39:29 AM,1.63553,5.076,,,
1016,07/14/16 04:40:29 AM,1.51832,5.050,,,
1017,07/14/16 04:41:29 AM,1.65140,5.024,,,
1018,07/14/16 04:42:29 AM,1.51648,5.024,,,
1019,07/14/16 04:43:29 AM,1.65018,5.024,,,
1020,07/14/16 04:44:29 AM,1.62149,5.050,,,
1021,07/14/16 04:45:29 AM,1.64469,5.050,,,
1022,07/14/16 04:46:29 AM,1.57204,5.024,,,
1023,07/14/16 04:47:29 AM,1.64042,5.024,,,
1024,07/14/16 04:48:29 AM,1.53602,5.050,,,
1025,07/14/16 04:49:29 AM,1.56777,5.024,,,
1026,07/14/16 04:50:29 AM,1.53236,5.050,,,
1027,07/14/16 04:51:29 AM,1.62821,5.050,,,
1028,07/14/16 04:52:29 AM,1.61844,5.050,,,
1029,07/14/16 04:53:29 AM,1.65629,5.024,,,
1030,07/14/16 04:54:29 AM,1.60195,5.050,,,
1031,07/14/16 04:55:29 AM,1.57570,5.024,,,
1032,07/14/16 04:56:29 AM,1.54762,5.024,,,
1033,07/14/16 04:57:29 AM,1.63797,5.024,,,
1034,07/14/16 04:58:29 AM,1.58059,5.024,,,
1035,07/14/16 04:59:29 AM,1.61722,5.050,,,
1036,07/14/16 05:00:29 AM,1.55433,5.076,,,
1037,07/14/16 05:01:29 AM,1.55495,5.050,,,
1038,07/14/16 05:02:29 AM,1.60195,5.050,,,
1039,07/14/16 05:03:29 AM,1.60195,5.076,,,
1040,07/14/16 05:04:29 AM,1.55800,5.128,,,
1041,07/14/16 05:05:29 AM,1.55495,5.179,,,
1042,07/14/16 05:06:29 AM,1.55189,5.179,,,
1043,07/14/16 05:07:29 AM,1.57998,5.154,,,
1044,07/14/16 05:08:29 AM,1.52564,5.179,,,
1045,07/14/16 05:09:29 AM,1.55861,5.128,,,
1046,07/14/16 05:10:29 AM,1.56410,5.102,,,
1047,07/14/16 05:11:29 AM,1.54701,5.102,,,
1048,07/14/16 05:12:29 AM,1.62393,5.128,,,
1049,07/14/16 05:13:29 AM,1.54823,5.102,,,
1050,07/14/16 05:14:29 AM,1.62515,5.024,,,
1051,07/14/16 05:15:29 AM,1.64591,4.973,,,
1052,07/14/16 05:16:29 AM,1.63248,4.973,,,
1053,07/14/16 05:17:29 AM,1.54945,4.999,,,
1054,07/14/16 05:18:29 AM,1.61538,4.999,,,
1055,07/14/16 05:19:29 AM,1.53358,4.999,,,
1056,07/14/16 05:20:29 AM,1.57204,4.999,,,
1057,07/14/16 05:21:29 AM,1.52259,5.128,,,
1058,07/14/16 05:22:29 AM,1.55983,5.128,,,
1059,07/14/16 05:23:29 AM,1.64469,5.128,,,
1060,07/14/16 05:24:29 AM,1.55800,5.102,,,
1061,07/14/16 05:25:29 AM,1.62576,5.128,,,
1062,07/14/16 05:26:29 AM,1.59829,5.128,,,
1063,07/14/16 05:27:29 AM,1.62027,5.102,,,
1064,07/14/16 05:28:29 AM,1.62759,5.024,,,
1065,07/14/16 05:29:29 AM,1.57570,4.999,,,
1066,07/14/16 05:30:29 AM,1.54762,4.999,,,
1067,07/14/16 05:31:29 AM,1.58547,5.024,,,
1068,07/14/16 05:32:29 AM,1.51221,4.999,,,
1069,07/14/16 05:33:29 AM,1.65568,5.050,,,
1070,07/14/16 05:34:29 AM,1.53053,5.102,,,
1071,07/14/16 05:35:29 AM,1.62637,5.102,,,
1072,07/14/16 05:36:29 AM,1.51526,5.050,,,
1073,07/14/16 05:37:29 AM,1.51099,5.102,,,
1074,07/14/16 05:38:29 AM,1.63492,5.076,,,
1075,07/14/16 05:39:29 AM,1.53175,5.076,,,
1076,07/14/16 05:40:29 AM,1.53785,5.076,,,
1077,07/14/16 05:41:29 AM,1.65629,5.050,,,
1078,07/14/16 05:42:29 AM,1.58730,5.076,,,
1079,07/14/16 05:43:29 AM,1.64469,5.102,,,
1080,07/14/16 05:44:29 AM,1.51709,5.076,,,
1081,07/14/16 05:45:29 AM,1.65018,5.128,,,
1082,07/14/16 05:46:29 AM,1.58486,5.076,,,
1083,07/14/16 05:47:29 AM,1.54579,5.024,,,
1084,07/14/16 05:48:29 AM,1.64103,4.973,,,
1085,07/14/16 05:49:29 AM,1.57875,4.921,,,
1086,07/14/16 05:50:29 AM,1.54274,4.921,,,
1087,07/14/16 05:51:29 AM,1.64469,4.999,,,
1088,07/14/16 05:52:29 AM,1.65446,5.050,,,
1089,07/14/16 05:53:29 AM,1.63736,5.050,,,
1090,07/14/16 05:54:29 AM,1.63797,5.102,,,
1091,07/14/16 05:55:29 AM,1.60440,5.102,,,
1092,07/14/16 05:56:29 AM,1.54151,5.076,,,
1093,07/14/16 05:57:29 AM,1.52198,5.076,,,
1094,07/14/16 05:58:29 AM,1.50977,5.076,,,
1095,07/14/16 05:59:29 AM,1.58364,5.076,,,
1096,07/14/16 06:00:29 AM,1.62637,5.050,,,
1097,07/14/16 06:01:29 AM,1.66484,5.050,,,
1098,07/14/16 06:02:29 AM,1.53968,5.076,,,
1099,07/14/16 06:03:29 AM,1.50977,5.076,,,
1100,07/14/16 06:04:29 AM,1.59707,5.024,,,
1101,07/14/16 06:05:29 AM,1.51282,5.050,,,
1102,07/14/16 06:06:29 AM,1.65385,5.024,,,
1103,07/14/16 06:07:29 AM,1.53236,5.076,,,
1104,07/14/16 06:08:29 AM,1.55617,5.050,,,
1105,07/14/16 06:09:29 AM,1.64286,5.024,,,
1106,07/14/16 06:10:29 AM,1.51832,4.973,,,
1107,07/14/16 06:11:29 AM,1.51282,4.947,,,
1108,07/14/16 06:12:29 AM,1.53785,4.973,,,
1109,07/14/16 06:13:29 AM,1.63980,5.024,,,
1110,07/14/16 06:14:29 AM,1.51648,4.999,,,
1111,07/14/16 06:15:29 AM,1.52076,4.999,,,
1112,07/14/16 06:16:29 AM,1.55189,4.999,,,
1113,07/14/16 06:17:29 AM,1.60928,4.999,,,
1114,07/14/16 06:18:29 AM,1.54457,4.999,,,
1115,07/14/16 06:19:29 AM,1.62149,5.102,,,
1116,07/14/16 06:20:29 AM,1.65751,5.154,,,
1117,07/14/16 06:21:29 AM,1.66300,5.154,,,
1118,07/14/16 06:22:29 AM,1.65934,5.154,,,
1119,07/14/16 06:23:29 AM,1.61294,5.205,,,
1120,07/14/16 06:24:29 AM,1.65629,5.205,,,
1121,07/14/16 06:25:29 AM,1.60195,5.128,,,
1122,07/14/16 06:26:29 AM,1.55372,5.102,,,
1123,07/14/16 06:27:29 AM,1.62882,5.128,,,
1124,07/14/16 06:28:29 AM,1.49512,5.154,,,
1125,07/14/16 06:29:29 AM,1.57875,5.102,,,
1126,07/14/16 06:30:29 AM,1.62210,5.128,,,
1127,07/14/16 06:31:29 AM,1.65079,5.102,,,
1128,07/14/16 06:32:29 AM,1.50611,5.076,,,
1129,07/14/16 06:33:29 AM,1.50916,5.050,,,
1130,07/14/16 06:34:29 AM,1.61355,5.024,,,
1131,07/14/16 06:35:29 AM,1.54212,5.024,,,
1132,07/14/16 06:36:29 AM,1.67033,5.024,,,
1133,07/14/16 06:37:29 AM,1.66728,5.076,,,
1134,07/14/16 06:38:29 AM,1.53724,5.050,,,
1135,07/14/16 06:39:29 AM,1.53419,4.973,,,
1136,07/14/16 06:40:29 AM,1.58486,4.973,,,
1137,07/14/16 06:41:29 AM,1.56654,4.973,,,
1138,07/14/16 06:42:29 AM,1.60501,4.999,,,
1139,07/14/16 06:43:29 AM,1.61600,5.050,,,
1140,07/14/16 06:44:29 AM,1.51587,5.024,,,
1141,07/14/16 06:45:29 AM,1.54579,5.050,,,
1142,07/14/16 06:46:29 AM,1.64164,5.024,,,
1143,07/14/16 06:47:29 AM,1.63187,4.999,,,
1144,07/14/16 06:48:29 AM,1.64652,5.050,,,
1145,07/14/16 06:49:29 AM,1.61722,5.076,,,
1146,07/14/16 06:50:29 AM,1.52564,5.076,,,
1147,07/14/16 06:51:29 AM,1.59219,5.076,,,
1148,07/14/16 06:52:29 AM,1.63553,5.102,,,
1149,07/14/16 06:53:29 AM,1.63126,5.102,,,
1150,07/14/16 06:54:29 AM,1.68193,5.102,,,
1151,07/14/16 06:55:29 AM,1.62759,5.102,,,
1152,07/14/16 06:56:29 AM,1.49939,5.024,,,
1153,07/14/16 06:57:29 AM,1.58425,5.024,,,
1154,07/14/16 06:58:29 AM,1.58303,5.050,,,
1155,07/14/16 06:59:29 AM,1.52808,5.024,,,
1156,07/14/16 07:00:29 AM,1.61294,5.050,,,
1157,07/14/16 07:01:29 AM,1.61477,5.076,,,
1158,07/14/16 07:02:29 AM,1.65873,5.050,,,
1159,07/14/16 07:03:29 AM,1.66056,5.050,,,
1160,07/14/16 07:04:29 AM,1.53114,5.050,,,
1161,07/14/16 07:05:29 AM,1.58730,5.050,,,
1162,07/14/16 07:06:29 AM,1.66911,5.050,,,
1163,07/14/16 07:07:29 AM,1.67399,5.050,,,
1164,07/14/16 07:08:29 AM,1.49145,5.076,,,
1165,07/14/16 07:09:29 AM,1.53785,5.076,,,
1166,07/14/16 07:10:29 AM,1.65812,5.076,,,
1167,07/14/16 07:11:29 AM,1.67338,5.050,,,
1168,07/14/16 07:12:29 AM,1.53907,5.024,,,
1169,07/14/16 07:13:29 AM,1.58059,5.050,,,
1170,07/14/16 07:14:29 AM,1.64896,5.050,,,
1171,07/14/16 07:15:29 AM,1.67888,5.076,,,
1172,07/14/16 07:16:29 AM,1.60989,5.076,,,
1173,07/14/16 07:17:29 AM,1.59280,5.050,,,
1174,07/14/16 07:18:29 AM,1.50183,5.050,,,
1175,07/14/16 07:19:29 AM,1.60806,5.050,,,
1176,07/14/16 07:20:29 AM,1.50183,5.050,,,
1177,07/14/16 07:21:29 AM,1.58364,5.076,,,
1178,07/14/16 07:22:29 AM,1.66606,5.050,,,
1179,07/14/16 07:23:29 AM,1.49145,5.050,,,
1180,07/14/16 07:24:29 AM,1.65446,5.050,,,
1181,07/14/16 07:25:29 AM,1.66422,5.050,,,
1182,07/14/16 07:26:29 AM,1.67460,5.050,,,
1183,07/14/16 07:27:29 AM,1.57204,5.024,,,
1184,07/14/16 07:28:29 AM,1.58730,5.024,,,
1185,07/14/16 07:29:29 AM,1.51770,5.024,,,
1186,07/14/16 07:30:29 AM,1.57082,5.076,,,
1187,07/14/16 07:31:29 AM,1.50611,5.102,,,
1188,07/14/16 07:32:29 AM,1.49023,5.154,,,
1189,07/14/16 07:33:29 AM,1.66178,5.076,,,
1190,07/14/16 07:34:29 AM,1.51770,5.076,,,
1191,07/14/16 07:35:29 AM,1.50977,5.050,,,
1192,07/14/16 07:36:29 AM,1.49451,5.024,,,
1193,07/14/16 07:37:29 AM,1.52503,4.999,,,
1194,07/14/16 07:38:29 AM,1.49634,5.024,,,
1195,07/14/16 07:39:29 AM,1.50000,5.024,,,
1196,07/14/16 07:40:29 AM,1.66056,5.050,,,
1197,07/14/16 07:41:29 AM,1.60745,5.050,,,
1198,07/14/16 07:42:29 AM,1.60928,5.050,,,
1199,07/14/16 07:43:29 AM,1.49634,5.024,,,
1200,07/14/16 07:44:29 AM,1.49634,4.999,,,
1201,07/14/16 07:45:29 AM,1.68315,5.024,,,
1202,07/14/16 07:46:29 AM,1.68620,5.050,,,
1203,07/14/16 07:47:29 AM,1.67338,5.024,,,
1204,07/14/16 07:48:29 AM,1.54396,5.024,,,
1205,07/14/16 07:49:29 AM,1.66117,5.050,,,
1206,07/14/16 07:50:29 AM,1.49145,5.076,,,
1207,07/14/16 07:51:29 AM,1.63187,5.076,,,
1208,07/14/16 07:52:29 AM,1.49328,5.102,,,
1209,07/14/16 07:53:29 AM,1.68742,5.050,,,
1210,07/14/16 07:54:29 AM,1.49023,5.076,,,
1211,07/14/16 07:55:29 AM,1.68010,5.050,,,
1212,07/14/16 07:56:29 AM,1.64164,5.102,,,
1213,07/14/16 07:57:29 AM,1.49084,5.076,,,
1214,07/14/16 07:58:29 AM,1.60623,5.076,,,
1215,07/14/16 07:59:29 AM,1.65507,5.076,,,
1216,07/14/16 08:00:29 AM,1.67766,5.050,,,
1217,07/14/16 08:01:29 AM,1.67277,5.050,,,
1218,07/14/16 08:02:29 AM,1.67888,5.050,,,
1219,07/14/16 08:03:29 AM,1.64957,5.024,,,
1220,07/14/16 08:04:29 AM,1.57875,5.024,,,
1221,07/14/16 08:05:29 AM,1.53846,5.024,,,
1222,07/14/16 08:06:29 AM,1.49573,5.050,,,
1223,07/14/16 08:07:29 AM,1.56105,5.050,,,
1224,07/14/16 08:08:29 AM,1.58242,5.050,,,
1225,07/14/16 08:09:29 AM,1.67399,5.024,,,
1226,07/14/16 08:10:29 AM,1.51893,5.050,,,
1227,07/14/16 08:11:29 AM,1.65507,5.050,,,
1228,07/14/16 08:12:29 AM,1.49756,5.076,,,
1229,07/14/16 08:13:29 AM,1.48779,5.050,,,
1230,07/14/16 08:14:29 AM,1.59646,5.076,,,
1231,07/14/16 08:15:29 AM,1.68803,5.076,,,
1232,07/14/16 08:16:29 AM,1.67460,5.050,,,
1233,07/14/16 08:17:29 AM,1.68376,5.024,,,
1234,07/14/16 08:18:29 AM,1.58059,5.024,,,
1235,07/14/16 08:19:29 AM,1.60562,5.024,,,
1236,07/14/16 08:20:29 AM,1.67766,5.024,,,
1237,07/14/16 08:21:29 AM,1.59096,5.024,,,
1238,07/14/16 08:22:29 AM,1.62393,5.024,,,
1239,07/14/16 08:23:29 AM,1.50427,5.050,,,
1240,07/14/16 08:24:29 AM,1.63919,5.050,,,
1241,07/14/16 08:25:29 AM,1.48901,5.050,,,
1242,07/14/16 08:26:29 AM,1.63553,5.050,,,
1243,07/14/16 08:27:29 AM,1.48168,5.024,,,
1244,07/14/16 08:28:29 AM,1.69658,5.024,,,
1245,07/14/16 08:29:29 AM,1.65995,5.024,,,
1246,07/14/16 08:30:29 AM,1.51221,5.024,,,
1247,07/14/16 08:31:29 AM,1.65934,5.024,,,
1248,07/14/16 08:32:29 AM,1.48230,4.999,,,
1249,07/14/16 08:33:29 AM,1.64469,5.050,,,
1250,07/14/16 08:34:29 AM,1.48291,5.024,,,
1251,07/14/16 08:35:29 AM,1.63370,5.050,,,
1252,07/14/16 08:36:29 AM,1.57204,5.050,,,
1253,07/14/16 08:37:29 AM,1.48291,5.024,,,
1254,07/14/16 08:38:29 AM,1.48352,5.024,,,
1255,07/14/16 08:39:29 AM,1.57937,5.050,,,
1256,07/14/16 08:40:29 AM,1.49756,5.024,,,
1257,07/14/16 08:41:29 AM,1.68376,5.024,,,
1258,07/14/16 08:42:29 AM,1.68559,5.024,,,
1259,07/14/16 08:43:29 AM,1.63065,5.024,,,
1260,07/14/16 08:44:29 AM,1.49817,5.024,,,
1261,07/14/16 08:45:29 AM,1.55800,5.024,,,
1262,07/14/16 08:46:29 AM,1.53663,5.024,,,
1263,07/14/16 08:47:29 AM,1.61111,5.050,,,
1264,07/14/16 08:48:29 AM,1.60806,5.050,,,
1265,07/14/16 08:49:29 AM,1.48901,5.076,,,
1266,07/14/16 08:50:29 AM,1.68620,5.024,,,
1267,07/14/16 08:51:29 AM,1.69292,5.050,,,
1268,07/14/16 08:52:29 AM,1.69414,5.050,,,
1269,07/14/16 08:53:29 AM,1.50366,5.076,,,
1270,07/14/16 08:54:29 AM,1.64713,5.076,,,
1271,07/14/16 08:55:29 AM,1.50366,5.102,,,
1272,07/14/16 08:56:29 AM,1.47802,5.076,,,
1273,07/14/16 08:57:29 AM,1.62637,5.102,,,
1274,07/14/16 08:58:29 AM,1.55983,5.076,,,
1275,07/14/16 08:59:29 AM,1.57082,5.076,,,
1276,07/14/16 09:00:29 AM,1.68742,5.076,,,
1277,07/14/16 09:01:29 AM,1.68742,5.076,,,
1278,07/14/16 09:02:29 AM,1.68132,5.050,,,
1279,07/14/16 09:03:29 AM,1.60562,5.050,,,
1280,07/14/16 09:04:29 AM,1.48230,5.050,,,
1281,07/14/16 09:05:29 AM,1.70269,5.050,,,
1282,07/14/16 09:06:29 AM,1.51221,5.076,,,
1283,07/14/16 09:07:29 AM,1.60623,5.076,,,
1284,07/14/16 09:08:29 AM,1.66117,5.076,,,
1285,07/14/16 09:09:29 AM,1.52320,5.102,,,
1286,07/14/16 09:10:29 AM,1.58242,5.076,,,
1287,07/14/16 09:11:29 AM,1.49145,5.076,,,
1288,07/14/16 09:12:29 AM,1.67582,5.076,,,
1289,07/14/16 09:13:29 AM,1.59768,5.102,,,
1290,07/14/16 09:14:29 AM,1.68498,5.102,,,
1291,07/14/16 09:15:29 AM,1.48901,5.076,,,
1292,07/14/16 09:16:29 AM,1.53907,5.050,,,
1293,07/14/16 09:17:29 AM,1.67705,5.050,,,
1294,07/14/16 09:18:29 AM,1.67766,5.102,,,
1295,07/14/16 09:19:29 AM,1.51099,5.102,,,
1296,07/14/16 09:20:29 AM,1.66911,5.050,,,
1297,07/14/16 09:21:29 AM,1.53724,5.024,,,
1298,07/14/16 09:22:29 AM,1.67949,5.050,,,
1299,07/14/16 09:23:29 AM,1.51709,5.128,,,
1300,07/14/16 09:24:29 AM,1.49206,5.102,,,
1301,07/14/16 09:25:29 AM,1.68498,5.102,,,
1302,07/14/16 09:26:29 AM,1.68559,5.076,,,
1303,07/14/16 09:27:29 AM,1.54396,5.076,,,
1304,07/14/16 09:28:29 AM,1.60317,5.102,,,
1305,07/14/16 09:29:29 AM,1.50916,5.076,,,
1306,07/14/16 09:30:29 AM,1.47375,5.076,,,
1307,07/14/16 09:31:29 AM,1.62393,5.076,,,
1308,07/14/16 09:32:29 AM,1.63431,5.050,,,
1309,07/14/16 09:33:29 AM,1.55983,5.024,,,
1310,07/14/16 09:34:29 AM,1.62943,4.999,,,
1311,07/14/16 09:35:29 AM,1.57082,4.999,,,
1312,07/14/16 09:36:29 AM,1.64896,5.050,,,
1313,07/14/16 09:37:29 AM,1.53968,5.076,,,
1314,07/14/16 09:38:29 AM,1.65324,5.128,,,
1315,07/14/16 09:39:29 AM,1.67277,5.128,,,
1316,07/14/16 09:40:29 AM,1.50916,5.128,,,
1317,07/14/16 09:41:29 AM,1.61783,5.179,,,
1318,07/14/16 09:42:29 AM,1.59585,5.179,,,
1319,07/14/16 09:43:29 AM,1.52686,5.205,,,
1320,07/14/16 09:44:29 AM,1.62637,5.179,,,
1321,07/14/16 09:45:29 AM,1.60989,5.102,,,
1322,07/14/16 09:46:29 AM,1.51343,5.050,,,
1323,07/14/16 09:47:29 AM,1.52137,5.050,,,
1324,07/14/16 09:48:29 AM,1.50183,5.076,,,
1325,07/14/16 09:49:29 AM,1.53358,5.102,,,
1326,07/14/16 09:50:29 AM,1.67643,5.102,,,
1327,07/14/16 09:51:29 AM,1.63004,5.102,,,
1328,07/14/16 09:52:29 AM,1.50122,5.102,,,
1329,07/14/16 09:53:29 AM,1.51587,5.102,,,
1330,07/14/16 09:54:29 AM,1.51770,5.102,,,
1331,07/14/16 09:55:29 AM,1.65812,5.076,,,
1332,07/14/16 09:56:29 AM,1.62515,5.102,,,
1333,07/14/16 09:57:29 AM,1.66484,5.102,,,
1334,07/14/16 09:58:29 AM,1.68193,5.076,,,
1335,07/14/16 09:59:29 AM,1.50916,5.102,,,
1336,07/14/16 10:00:29 AM,1.68254,5.076,,,
1337,07/14/16 10:01:29 AM,1.63004,5.076,,,
1338,07/14/16 10:02:29 AM,1.50366,5.076,,,
1339,07/14/16 10:03:29 AM,1.64225,5.076,,,
1340,07/14/16 10:04:29 AM,1.61783,5.050,,,
1341,07/14/16 10:05:29 AM,1.62393,5.050,,,
1342,07/14/16 10:06:29 AM,1.63919,5.076,,,
1343,07/14/16 10:07:29 AM,1.59707,5.102,,,
1344,07/14/16 10:08:29 AM,1.50611,5.102,,,
1345,07/14/16 10:09:29 AM,1.64103,5.076,,,
1346,07/14/16 10:10:29 AM,1.47253,5.050,,,
1347,07/14/16 10:11:29 AM,1.48962,5.076,,,
1348,07/14/16 10:12:29 AM,1.70330,5.076,,,
1349,07/14/16 10:13:29 AM,1.68193,5.076,,,
1350,07/14/16 10:14:29 AM,1.57814,5.102,,,
1351,07/14/16 10:15:29 AM,1.63736,5.128,,,
1352,07/14/16 10:16:29 AM,1.53297,5.102,,,
1353,07/14/16 10:17:29 AM,1.55800,5.076,,,
1354,07/14/16 10:18:29 AM,1.63980,4.999,,,
1355,07/14/16 10:19:29 AM,1.58181,4.999,,,
1356,07/14/16 10:20:29 AM,1.56532,4.999,,,
1357,07/14/16 10:21:29 AM,1.53419,5.024,,,
1358,07/14/16 10:22:29 AM,1.66850,5.024,,,
1359,07/14/16 10:23:29 AM,1.52076,5.102,,,
1360,07/14/16 10:24:29 AM,1.59280,5.154,,,
1361,07/14/16 10:25:29 AM,1.52808,5.128,,,
1362,07/14/16 10:26:29 AM,1.52808,5.102,,,
1363,07/14/16 10:27:29 AM,1.51954,5.076,,,
1364,07/14/16 10:28:29 AM,1.53968,5.076,,,
1365,07/14/16 10:29:29 AM,1.52503,5.179,,,
1366,07/14/16 10:30:29 AM,1.62821,5.205,,,
1367,07/14/16 10:31:29 AM,1.60501,5.231,,,
1368,07/14/16 10:32:29 AM,1.53785,5.231,,,
1369,07/14/16 10:33:29 AM,1.51954,5.205,,,
1370,07/14/16 10:34:29 AM,1.68254,5.179,,,
1371,07/14/16 10:35:29 AM,1.58242,5.205,,,
1372,07/14/16 10:36:29 AM,1.61233,5.205,,,
1373,07/14/16 10:37:29 AM,1.54090,5.179,,,
1374,07/14/16 10:38:29 AM,1.60745,5.128,,,
1375,07/14/16 10:39:29 AM,1.51221,5.128,,,
1376,07/14/16 10:40:29 AM,1.64347,5.102,,,
1377,07/14/16 10:41:29 AM,1.63675,5.128,,,
1378,07/14/16 10:42:29 AM,1.61600,5.154,,,
1379,07/14/16 10:43:29 AM,1.65201,5.179,,,
1380,07/14/16 10:44:29 AM,1.60867,5.102,,,
1381,07/14/16 10:45:29 AM,1.59829,5.076,,,
1382,07/14/16 10:46:29 AM,1.50305,5.076,,,
1383,07/14/16 10:47:29 AM,1.50672,5.076,,,
1384,07/14/16 10:48:29 AM,1.55250,5.076,,,
1385,07/14/16 10:49:29 AM,1.54457,5.076,,,
1386,07/14/16 10:50:29 AM,1.62943,5.076,,,
1387,07/14/16 10:51:29 AM,1.52015,5.076,,,
1388,07/14/16 10:52:29 AM,1.51770,5.154,,,
1389,07/14/16 10:53:29 AM,1.54579,5.076,,,
1390,07/14/16 10:54:29 AM,1.63004,5.076,,,
1391,07/14/16 10:55:29 AM,1.63858,5.128,,,
1392,07/14/16 10:56:29 AM,1.64225,5.050,,,
1393,07/14/16 10:57:29 AM,1.62821,4.999,,,
1394,07/14/16 10:58:29 AM,1.54823,4.999,,,
1395,07/14/16 10:59:29 AM,1.49756,5.076,,,
1396,07/14/16 11:00:29 AM,1.64591,5.154,,,
1397,07/14/16 11:01:29 AM,1.58608,5.179,,,
1398,07/14/16 11:02:29 AM,1.64835,5.179,,,
1399,07/14/16 11:03:29 AM,1.51099,5.128,,,
1400,07/14/16 11:04:29 AM,1.49512,5.102,,,
1401,07/14/16 11:05:29 AM,1.65629,5.205,,,
1402,07/14/16 11:06:29 AM,1.55800,5.231,,,
1403,07/14/16 11:07:29 AM,1.66056,5.179,,,
1404,07/14/16 11:08:29 AM,1.51770,5.128,,,
1405,07/14/16 11:09:29 AM,1.62515,5.050,,,
1406,07/14/16 11:10:29 AM,1.65446,5.128,,,
1407,07/14/16 11:11:29 AM,1.56654,5.154,,,
1408,07/14/16 11:12:29 AM,1.64225,5.128,,,
1409,07/14/16 11:13:29 AM,1.65507,5.154,,,
1410,07/14/16 11:14:29 AM,1.62027,5.205,,,
1411,07/14/16 11:15:29 AM,1.66117,5.205,,,
1412,07/14/16 11:16:29 AM,1.64103,5.179,,,
1413,07/14/16 11:17:29 AM,1.65751,5.154,,,
1414,07/14/16 11:18:29 AM,1.64469,5.128,,,
1415,07/14/16 11:19:29 AM,1.57509,5.128,,,
1416,07/14/16 11:20:29 AM,1.56532,5.128,,,
1417,07/14/16 11:21:29 AM,1.54579,5.024,,,
1418,07/14/16 11:22:29 AM,1.52198,5.024,,,
1419,07/14/16 11:23:29 AM,1.54396,5.050,,,
1420,07/14/16 11:24:29 AM,1.63187,5.128,,,
1421,07/14/16 11:25:29 AM,1.60623,5.102,,,
1422,07/14/16 11:26:29 AM,1.63065,5.076,,,
1423,07/14/16 11:27:29 AM,1.55006,4.999,,,
1424,07/14/16 11:28:29 AM,1.57937,5.024,,,
1425,07/14/16 11:29:29 AM,1.65507,5.102,,,
1426,07/14/16 11:30:29 AM,1.58730,5.179,,,
1427,07/14/16 11:31:29 AM,1.53419,5.231,,,
1428,07/14/16 11:32:29 AM,1.52991,5.205,,,
1429,07/14/16 11:33:29 AM,1.54640,5.154,,,
1430,07/14/16 11:34:29 AM,1.61233,5.179,,,
1431,07/14/16 11:35:29 AM,1.58120,5.102,,,
1432,07/14/16 11:36:29 AM,1.63858,5.050,,,
1433,07/14/16 11:37:29 AM,1.54335,5.128,,,
1434,07/14/16 11:38:29 AM,1.66850,5.205,,,
1435,07/14/16 11:39:29 AM,1.69170,5.154,,,
1436,07/14/16 11:40:29 AM,1.52869,5.128,,,
1437,07/14/16 11:41:29 AM,1.63736,5.076,,,
1438,07/14/16 11:42:29 AM,1.54090,5.024,,,
1439,07/14/16 11:43:29 AM,1.57204,5.024,,,
1440,07/14/16 11:44:29 AM,1.64164,5.076,,,
1441,07/14/16 11:45:29 AM,1.64225,5.076,,,
1442,07/14/16 11:46:29 AM,1.64530,5.050,,,
1443,07/14/16 11:47:29 AM,1.58120,5.050,,,
1444,07/14/16 11:48:29 AM,1.53907,5.050,,,
1445,07/14/16 11:49:29 AM,1.51893,5.102,,,
1446,07/14/16 11:50:29 AM,1.60440,5.154,,,
1447,07/14/16 11:51:29 AM,1.59463,5.128,,,
1448,07/14/16 11:52:29 AM,1.52625,5.179,,,
1449,07/14/16 11:53:29 AM,1.61355,5.102,,,
1450,07/14/16 11:54:29 AM,1.63614,5.076,,,
1451,07/14/16 11:55:29 AM,1.53358,5.154,,,
1452,07/14/16 11:56:29 AM,1.57631,5.102,,,
1453,07/14/16 11:57:29 AM,1.53114,5.076,,,
1454,07/14/16 11:58:29 AM,1.63980,5.128,,,
1455,07/14/16 11:59:29 AM,1.51893,5.205,,,
1456,07/14/16 12:00:29 PM,1.49451,5.205,,,
1457,07/14/16 12:01:29 PM,1.58242,5.231,,,
1458,07/14/16 12:02:29 PM,1.53236,5.205,,,
1459,07/14/16 12:03:29 PM,1.55189,5.231,,,
1460,07/14/16 12:04:29 PM,1.60867,5.334,,,
1461,07/14/16 12:05:29 PM,1.51709,5.257,,,
1462,07/14/16 12:06:29 PM,1.62882,5.360,,,
1463,07/14/16 12:07:29 PM,1.62576,5.334,,,
1464,07/14/16 12:08:29 PM,1.63553,5.308,,,
1465,07/14/16 12:09:29 PM,1.60989,5.411,,,
1466,07/14/16 12:10:29 PM,1.50611,5.437,,,
1467,07/14/16 12:11:29 PM,1.66361,5.488,,,
1468,07/14/16 12:12:29 PM,1.63126,5.539,,,
1469,07/14/16 12:13:29 PM,1.53297,5.539,,,
1470,07/14/16 12:14:29 PM,1.64835,5.488,,,
1471,07/14/16 12:15:29 PM,1.65507,5.514,,,
1472,07/14/16 12:16:29 PM,1.58547,5.616,,,
1473,07/14/16 12:17:29 PM,1.62943,5.668,,,
1474,07/14/16 12:18:29 PM,1.58181,5.668,,,
1475,07/14/16 12:19:29 PM,1.52076,5.693,,,
1476,07/14/16 12:20:29 PM,1.57265,5.796,,,
1477,07/14/16 12:21:29 PM,1.67460,5.796,,,
1478,07/14/16 12:22:29 PM,1.64225,5.847,,,
1479,07/14/16 12:23:29 PM,1.62088,5.898,,,
1480,07/14/16 12:24:29 PM,1.56349,5.924,,,
1481,07/14/16 12:25:29 PM,1.65201,5.821,,,
1482,07/14/16 12:26:29 PM,1.53480,5.898,,,
1483,07/14/16 12:27:29 PM,1.60440,5.975,,,
1484,07/14/16 12:28:29 PM,1.63065,5.949,,,
1485,07/14/16 12:29:29 PM,1.52198,5.924,,,
1486,07/14/16 12:30:29 PM,1.63309,5.924,,,
1487,07/14/16 12:31:29 PM,1.49817,5.949,,,
1488,07/14/16 12:32:29 PM,1.52503,6.077,,,
1489,07/14/16 12:33:29 PM,1.61294,6.153,,,
1490,07/14/16 12:34:29 PM,1.52198,6.128,,,
1491,07/14/16 12:35:29 PM,1.56593,6.102,,,
1492,07/14/16 12:36:29 PM,1.67338,6.077,,,
1493,07/14/16 12:37:29 PM,1.52869,6.179,,,
1494,07/14/16 12:38:29 PM,1.60928,6.230,,,
1495,07/14/16 12:39:29 PM,1.54457,6.204,,,
1496,07/14/16 12:40:29 PM,1.67643,6.281,,,
1497,07/14/16 12:41:29 PM,1.63797,6.331,,,
1498,07/14/16 12:42:29 PM,1.63553,6.382,,,
1499,07/14/16 12:43:29 PM,1.62027,6.357,,,
1500,07/14/16 12:44:29 PM,1.64957,6.281,,,
1501,07/14/16 12:45:29 PM,1.68376,6.331,,,
1502,07/14/16 12:46:29 PM,1.51648,6.484,,,
1503,07/14/16 12:47:29 PM,1.60256,6.535,,,
1504,07/14/16 12:48:29 PM,1.52869,6.484,,,
1505,07/14/16 12:49:29 PM,1.63126,6.560,,,
1506,07/14/16 12:50:29 PM,1.66056,6.585,,,
1507,07/14/16 12:51:29 PM,1.57143,6.585,,,
1508,07/14/16 12:52:29 PM,1.65446,6.535,,,
1509,07/14/16 12:53:29 PM,1.52686,6.636,,,
1510,07/14/16 12:54:29 PM,1.49573,6.661,,,
1511,07/14/16 12:55:29 PM,1.52442,6.712,,,
1512,07/14/16 12:56:29 PM,1.59890,6.737,,,
1513,07/14/16 12:57:29 PM,1.61783,6.712,,,
1514,07/14/16 12:58:29 PM,1.52015,6.737,,,
1515,07/14/16 12:59:29 PM,1.51526,6.839,,,
1516,07/14/16 01:00:29 PM,1.62027,6.813,,,
1517,07/14/16 01:01:29 PM,1.57631,6.813,,,
1518,07/14/16 01:02:29 PM,1.61172,6.889,,,
1519,07/14/16 01:03:29 PM,1.51893,6.940,,,
1520,07/14/16 01:04:29 PM,1.53297,6.965,,,
1521,07/14/16 01:05:29 PM,1.55311,6.914,,,
1522,07/14/16 01:06:29 PM,1.60501,6.889,,,
1523,07/14/16 01:07:29 PM,1.64042,6.990,,,
1524,07/14/16 01:08:29 PM,1.57082,7.015,,,
1525,07/14/16 01:09:29 PM,1.50427,7.041,,,
1526,07/14/16 01:10:29 PM,1.57631,7.091,,,
1527,07/14/16 01:11:29 PM,1.51954,7.066,,,
1528,07/14/16 01:12:29 PM,1.63431,7.091,,,
1529,07/14/16 01:13:29 PM,1.51648,7.192,,,
1530,07/14/16 01:14:29 PM,1.51587,7.217,,,
1531,07/14/16 01:15:29 PM,1.53785,7.318,,,
1532,07/14/16 01:16:29 PM,1.57509,7.393,,,
1533,07/14/16 01:17:29 PM,1.54396,7.419,,,
1534,07/14/16 01:18:29 PM,1.61600,7.393,,,
1535,07/14/16 01:19:29 PM,1.52503,7.419,,,
1536,07/14/16 01:20:29 PM,1.64286,7.419,,,
1537,07/14/16 01:21:29 PM,1.50549,7.494,,,
1538,07/14/16 01:22:29 PM,1.58364,7.670,,,
1539,07/14/16 01:23:29 PM,1.66972,7.695,,,
1540,07/14/16 01:24:29 PM,1.55556,7.670,,,
1541,07/14/16 01:25:29 PM,1.68437,7.619,,,
1542,07/14/16 01:26:29 PM,1.56288,7.695,,,
1543,07/14/16 01:27:29 PM,1.60134,7.619,,,
1544,07/14/16 01:28:29 PM,1.55678,7.695,,,
1545,07/14/16 01:29:29 PM,1.55983,7.745,,,
1546,07/14/16 01:30:29 PM,1.66972,7.770,,,
1547,07/14/16 01:31:29 PM,1.49817,7.795,,,
1548,07/14/16 01:32:29 PM,1.54335,7.845,,,
1549,07/14/16 01:33:29 PM,1.56777,7.820,,,
1550,07/14/16 01:34:29 PM,1.61844,7.795,,,
1551,07/14/16 01:35:29 PM,1.54518,7.945,,,
1552,07/14/16 01:36:29 PM,1.50977,8.020,,,
1553,07/14/16 01:37:29 PM,1.54151,8.045,,,
1554,07/14/16 01:38:29 PM,1.57937,8.070,,,
1555,07/14/16 01:39:29 PM,1.52503,8.045,,,
1556,07/14/16 01:40:29 PM,1.59524,8.045,,,
1557,07/14/16 01:41:29 PM,1.57937,8.045,,,
1558,07/14/16 01:42:29 PM,1.65385,8.070,,,
1559,07/14/16 01:43:29 PM,1.53419,8.095,,,
1560,07/14/16 01:44:29 PM,1.62393,8.045,,,
1561,07/14/16 01:45:29 PM,1.51832,8.095,,,
1562,07/14/16 01:46:29 PM,1.63370,8.145,,,
1563,07/14/16 01:47:29 PM,1.65934,8.170,,,
1564,07/14/16 01:48:29 PM,1.66117,8.170,,,
1565,07/14/16 01:49:29 PM,1.50305,8.220,,,
1566,07/14/16 01:50:29 PM,1.67766,8.270,,,
1567,07/14/16 01:51:29 PM,1.58181,8.319,,,
1568,07/14/16 01:52:29 PM,1.66422,8.344,,,
1569,07/14/16 01:53:29 PM,1.60440,8.270,,,
1570,07/14/16 01:54:29 PM,1.66361,8.344,,,
1571,07/14/16 01:55:29 PM,1.62271,8.419,,,
1572,07/14/16 01:56:29 PM,1.52930,8.444,,,
1573,07/14/16 01:57:29 PM,1.62882,8.444,,,
1574,07/14/16 01:58:29 PM,1.56410,8.543,,,
1575,07/14/16 01:59:29 PM,1.66117,8.543,,,
1576,07/14/16 02:00:29 PM,1.61905,8.494,,,
1577,07/14/16 02:01:29 PM,1.53053,8.469,,,
1578,07/14/16 02:02:29 PM,1.52381,8.593,,,
1579,07/14/16 02:03:29 PM,1.55861,8.543,,,
1580,07/14/16 02:04:29 PM,1.65995,8.568,,,
1581,07/14/16 02:05:29 PM,1.54518,8.643,,,
1582,07/14/16 02:06:29 PM,1.65873,8.693,,,
1583,07/14/16 02:07:29 PM,1.51587,8.693,,,
1584,07/14/16 02:08:29 PM,1.68620,8.668,,,
1585,07/14/16 02:09:29 PM,1.61111,8.717,,,
1586,07/14/16 02:10:29 PM,1.65995,8.643,,,
1587,07/14/16 02:11:29 PM,1.58913,8.792,,,
1588,07/14/16 02:12:29 PM,1.58364,8.792,,,
1589,07/14/16 02:13:29 PM,1.65507,8.817,,,
1590,07/14/16 02:14:29 PM,1.65263,8.817,,,
1591,07/14/16 02:15:29 PM,1.65934,8.767,,,
1592,07/14/16 02:16:29 PM,1.63858,8.916,,,
1593,07/14/16 02:17:29 PM,1.69414,8.965,,,
1594,07/14/16 02:18:29 PM,1.58120,8.941,,,
1595,07/14/16 02:19:29 PM,1.65018,8.941,,,
1596,07/14/16 02:20:29 PM,1.60684,9.040,,,
1597,07/14/16 02:21:29 PM,1.66484,9.089,,,
1598,07/14/16 02:22:29 PM,1.62088,9.089,,,
1599,07/14/16 02:23:29 PM,1.64530,9.188,,,
1600,07/14/16 02:24:29 PM,1.53663,9.238,,,
1601,07/14/16 02:25:29 PM,1.56288,9.213,,,
1602,07/14/16 02:26:29 PM,1.58059,9.287,,,
1603,07/14/16 02:27:29 PM,1.65629,9.238,,,
1604,07/14/16 02:28:29 PM,1.57570,9.262,,,
1605,07/14/16 02:29:29 PM,1.58364,9.386,,,
1606,07/14/16 02:30:29 PM,1.58913,9.410,,,
1607,07/14/16 02:31:29 PM,1.51526,9.386,,,
1608,07/14/16 02:32:29 PM,1.63126,9.361,,,
1609,07/14/16 02:33:29 PM,1.56777,9.460,,,
1610,07/14/16 02:34:29 PM,1.69597,9.509,,,
1611,07/14/16 02:35:29 PM,1.60623,9.534,,,
1612,07/14/16 02:36:29 PM,1.58181,9.534,,,
1613,07/14/16 02:37:29 PM,1.54823,9.509,,,
1614,07/14/16 02:38:29 PM,1.68254,9.608,,,
1615,07/14/16 02:39:29 PM,1.62149,9.682,,,
1616,07/14/16 02:40:29 PM,1.66117,9.682,,,
1617,07/14/16 02:41:29 PM,1.64652,9.583,,,
1618,07/14/16 02:42:29 PM,1.68376,9.632,,,
1619,07/14/16 02:43:29 PM,1.49145,9.780,,,
1620,07/14/16 02:44:29 PM,1.57448,9.805,,,
1621,07/14/16 02:45:29 PM,1.52076,9.805,,,
1622,07/14/16 02:46:29 PM,1.58425,9.805,,,
1623,07/14/16 02:47:29 PM,1.63065,9.805,,,
1624,07/14/16 02:48:29 PM,1.64225,9.854,,,
1625,07/14/16 02:49:29 PM,1.63004,9.854,,,
1626,07/14/16 02:50:29 PM,1.64957,9.854,,,
1627,07/14/16 02:51:29 PM,1.67827,9.903,,,
1628,07/14/16 02:52:29 PM,1.62576,9.928,,,
1629,07/14/16 02:53:29 PM,1.66850,9.879,,,
1630,07/14/16 02:54:29 PM,1.67460,9.928,,,
1631,07/14/16 02:55:29 PM,1.51404,9.977,,,
1632,07/14/16 02:56:29 PM,1.54335,10.051,,,
1633,07/14/16 02:57:29 PM,1.56716,10.051,,,
1634,07/14/16 02:58:29 PM,1.54762,10.100,,,
1635,07/14/16 02:59:29 PM,1.53053,10.173,,,
1636,07/14/16 03:00:29 PM,1.59463,10.271,,,
1637,07/14/16 03:01:29 PM,1.50916,10.247,,,
1638,07/14/16 03:02:29 PM,1.67582,10.271,,,
1639,07/14/16 03:03:29 PM,1.64286,10.296,,,
1640,07/14/16 03:04:29 PM,1.56410,10.296,,,
1641,07/14/16 03:05:29 PM,1.55800,10.247,,,
1642,07/14/16 03:06:29 PM,1.67033,10.296,,,
1643,07/14/16 03:07:29 PM,1.65629,10.369,,,
1644,07/14/16 03:08:29 PM,1.58791,10.394,,,
1645,07/14/16 03:09:29 PM,1.50611,10.394,,,
1646,07/14/16 03:10:29 PM,1.67277,10.418,,,
1647,07/14/16 03:11:29 PM,1.50244,10.467,,,
1648,07/14/16 03:12:29 PM,1.62027,10.443,,,
1649,07/14/16 03:13:29 PM,1.66667,10.467,,,
1650,07/14/16 03:14:29 PM,1.62210,10.492,,,
1651,07/14/16 03:15:29 PM,1.66545,10.516,,,
1652,07/14/16 03:16:29 PM,1.66606,10.541,,,
1653,07/14/16 03:17:29 PM,1.50611,10.565,,,
1654,07/14/16 03:18:29 PM,1.50488,10.590,,,
1655,07/14/16 03:19:29 PM,1.57937,10.638,,,
1656,07/14/16 03:20:29 PM,1.66117,10.663,,,
1657,07/14/16 03:21:29 PM,1.54945,10.638,,,
1658,07/14/16 03:22:29 PM,1.64652,10.614,,,
1659,07/14/16 03:23:29 PM,1.61966,10.712,,,
1660,07/14/16 03:24:29 PM,1.55983,10.834,,,
1661,07/14/16 03:25:29 PM,1.68864,10.810,,,
1662,07/14/16 03:26:29 PM,1.55067,10.834,,,
1663,07/14/16 03:27:29 PM,1.66117,10.834,,,
1664,07/14/16 03:28:29 PM,1.66239,10.834,,,
1665,07/14/16 03:29:29 PM,1.67643,10.907,,,
1666,07/14/16 03:30:29 PM,1.65385,10.932,,,
1667,07/14/16 03:31:29 PM,1.60562,10.932,,,
1668,07/14/16 03:32:29 PM,1.61111,11.005,,,
1669,07/14/16 03:33:29 PM,1.56227,11.078,,,
1670,07/14/16 03:34:29 PM,1.54396,11.078,,,
1671,07/14/16 03:35:29 PM,1.68071,11.053,,,
1672,07/14/16 03:36:29 PM,1.53846,11.053,,,
1673,07/14/16 03:37:29 PM,1.57814,11.078,,,
1674,07/14/16 03:38:29 PM,1.64713,11.151,,,
1675,07/14/16 03:39:29 PM,1.61111,11.224,,,
1676,07/14/16 03:40:29 PM,1.68010,11.394,,,
1677,07/14/16 03:41:29 PM,1.52503,11.419,,,
1678,07/14/16 03:42:29 PM,1.63797,11.419,,,
1679,07/14/16 03:43:29 PM,1.65018,11.419,,,
1680,07/14/16 03:44:29 PM,1.58608,11.467,,,
1681,07/14/16 03:45:29 PM,1.62210,11.467,,,
1682,07/14/16 03:46:29 PM,1.53785,11.443,,,
1683,07/14/16 03:47:29 PM,1.54701,11.467,,,
1684,07/14/16 03:48:29 PM,1.60562,11.565,,,
1685,07/14/16 03:49:29 PM,1.59280,11.540,,,
1686,07/14/16 03:50:29 PM,1.65629,11.637,,,
1687,07/14/16 03:51:29 PM,1.69048,11.662,,,
1688,07/14/16 03:52:29 PM,1.55189,11.662,,,
1689,07/14/16 03:53:29 PM,1.56838,11.710,,,
1690,07/14/16 03:54:29 PM,1.55922,11.662,,,
1691,07/14/16 03:55:29 PM,1.59951,11.734,,,
1692,07/14/16 03:56:29 PM,1.55433,11.759,,,
1693,07/14/16 03:57:29 PM,1.54274,11.807,,,
1694,07/14/16 03:58:29 PM,1.56838,11.783,,,
1695,07/14/16 03:59:29 PM,1.63309,11.856,,,
1696,07/14/16 04:00:29 PM,1.54823,11.977,,,
1697,07/14/16 04:01:29 PM,1.53968,11.929,,,
1698,07/14/16 04:02:29 PM,1.51160,11.953,,,
1699,07/14/16 04:03:29 PM,1.68559,12.001,,,
1700,07/14/16 04:04:29 PM,1.65995,12.025,,,
1701,07/14/16 04:05:29 PM,1.55067,12.074,,,
1702,07/14/16 04:06:29 PM,1.53480,12.001,,,
1703,07/14/16 04:07:29 PM,1.63614,12.050,,,
1704,07/14/16 04:08:29 PM,1.65324,12.074,,,
1705,07/14/16 04:09:29 PM,1.52747,12.025,,,
1706,07/14/16 04:10:29 PM,1.67827,12.098,,,
1707,07/14/16 04:11:29 PM,1.56716,12.171,,,
1708,07/14/16 04:12:29 PM,1.64164,12.219,,,
1709,07/14/16 04:13:29 PM,1.52686,12.268,,,
1710,07/14/16 04:14:29 PM,1.59035,12.268,,,
1711,07/14/16 04:15:29 PM,1.52808,12.316,,,
1712,07/14/16 04:16:29 PM,1.52198,12.268,,,
1713,07/14/16 04:17:29 PM,1.50794,12.292,,,
1714,07/14/16 04:18:29 PM,1.66789,12.364,,,
1715,07/14/16 04:19:29 PM,1.68681,12.364,,,
1716,07/14/16 04:20:29 PM,1.67033,12.389,,,
1717,07/14/16 04:21:29 PM,1.53724,12.485,,,
1718,07/14/16 04:22:29 PM,1.64164,12.509,,,
1719,07/14/16 04:23:29 PM,1.57082,12.534,,,
1720,07/14/16 04:24:29 PM,1.59341,12.461,,,
1721,07/14/16 04:25:29 PM,1.53785,12.534,,,
1722,07/14/16 04:26:29 PM,1.53297,12.582,,,
1723,07/14/16 04:27:29 PM,1.51832,12.534,,,
1724,07/14/16 04:28:29 PM,1.52564,12.582,,,
1725,07/14/16 04:29:29 PM,1.52747,12.727,,,
1726,07/14/16 04:30:29 PM,1.51832,12.727,,,
1727,07/14/16 04:31:29 PM,1.70757,12.703,,,
1728,07/14/16 04:32:29 PM,1.56105,12.678,,,
1729,07/14/16 04:33:29 PM,1.52381,12.751,,,
1730,07/14/16 04:34:29 PM,1.56288,12.823,,,
1731,07/14/16 04:35:29 PM,1.51709,12.799,,,
1732,07/14/16 04:36:29 PM,1.59890,12.751,,,
1733,07/14/16 04:37:29 PM,1.68254,12.775,,,
1734,07/14/16 04:38:29 PM,1.61844,12.896,,,
1735,07/14/16 04:39:29 PM,1.66178,12.871,,,
1736,07/14/16 04:40:29 PM,1.67338,12.896,,,
1737,07/14/16 04:41:29 PM,1.62088,12.896,,,
1738,07/14/16 04:42:29 PM,1.57326,12.896,,,
1739,07/14/16 04:43:29 PM,1.65446,12.968,,,
1740,07/14/16 04:44:29 PM,1.66789,12.992,,,
1741,07/14/16 04:45:29 PM,1.66239,13.064,,,
1742,07/14/16 04:46:29 PM,1.55861,13.088,,,
1743,07/14/16 04:47:29 PM,1.52625,13.016,,,
1744,07/14/16 04:48:29 PM,1.56288,13.040,,,
1745,07/14/16 04:49:29 PM,1.60989,13.185,,,
1746,07/14/16 04:50:29 PM,1.53053,13.137,,,
1747,07/14/16 04:51:29 PM,1.50366,13.257,,,
1748,07/14/16 04:52:29 PM,1.54823,13.305,,,
1749,07/14/16 04:53:29 PM,1.64042,13.305,,,
1750,07/14/16 04:54:29 PM,1.59158,13.281,,,
1751,07/14/16 04:55:29 PM,1.66484,13.329,,,
1752,07/14/16 04:56:29 PM,1.61538,13.353,,,
1753,07/14/16 04:57:29 PM,1.55983,13.377,,,
1754,07/14/16 04:58:29 PM,1.66606,13.353,,,
1755,07/14/16 04:59:29 PM,1.54090,13.497,,,
1756,07/14/16 05:00:29 PM,1.67949,13.546,,,
1757,07/14/16 05:01:29 PM,1.55189,13.522,,,
1758,07/14/16 05:02:29 PM,1.57998,13.546,,,
1759,07/14/16 05:03:29 PM,1.68498,13.546,,,
1760,07/14/16 05:04:29 PM,1.50427,13.522,,,
1761,07/14/16 05:05:29 PM,1.59096,13.546,,,
1762,07/14/16 05:06:29 PM,1.62393,13.666,,,
1763,07/14/16 05:07:29 PM,1.58974,13.666,,,
1764,07/14/16 05:08:29 PM,1.65812,13.690,,,
1765,07/14/16 05:09:29 PM,1.65751,13.738,,,
1766,07/14/16 05:10:29 PM,1.57082,13.762,,,
1767,07/14/16 05:11:29 PM,1.50000,13.810,,,
1768,07/14/16 05:12:29 PM,1.52747,13.810,,,
1769,07/14/16 05:13:29 PM,1.55067,13.858,,,
1770,07/14/16 05:14:29 PM,1.51770,13.858,,,
1771,07/14/16 05:15:29 PM,1.53541,13.858,,,
1772,07/14/16 05:16:29 PM,1.66361,13.882,,,
1773,07/14/16 05:17:29 PM,1.69475,13.930,,,
1774,07/14/16 05:18:29 PM,1.56960,13.906,,,
1775,07/14/16 05:19:29 PM,1.66361,13.930,,,
1776,07/14/16 05:20:29 PM,1.66178,14.002,,,
1777,07/14/16 05:21:29 PM,1.53358,14.026,,,
1778,07/14/16 05:22:29 PM,1.59890,14.050,,,
1779,07/14/16 05:23:29 PM,1.68926,14.050,,,
1780,07/14/16 05:24:29 PM,1.69414,14.170,,,
1781,07/14/16 05:25:29 PM,1.69048,14.242,,,
1782,07/14/16 05:26:29 PM,1.63431,14.242,,,
1783,07/14/16 05:27:29 PM,1.53846,14.242,,,
1784,07/14/16 05:28:29 PM,1.49756,14.314,,,
1785,07/14/16 05:29:29 PM,1.56716,14.337,,,
1786,07/14/16 05:30:29 PM,1.60867,14.314,,,
1787,07/14/16 05:31:29 PM,1.54029,14.337,,,
1788,07/14/16 05:32:29 PM,1.56410,14.409,,,
1789,07/14/16 05:33:29 PM,1.70208,14.433,,,
1790,07/14/16 05:34:29 PM,1.70085,14.409,,,
1791,07/14/16 05:35:29 PM,1.64103,14.505,,,
1792,07/14/16 05:36:29 PM,1.52747,14.529,,,
1793,07/14/16 05:37:29 PM,1.61294,14.457,,,
1794,07/14/16 05:38:29 PM,1.59890,14.553,,,
1795,07/14/16 05:39:29 PM,1.66911,14.601,,,
1796,07/14/16 05:40:29 PM,1.51404,14.649,,,
1797,07/14/16 05:41:29 PM,1.62637,14.625,,,
1798,07/14/16 05:42:29 PM,1.67216,14.625,,,
1799,07/14/16 05:43:29 PM,1.54396,14.625,,,
1800,07/14/16 05:44:29 PM,1.66178,14.721,,,
1801,07/14/16 05:45:29 PM,1.54518,14.768,,,
1802,07/14/16 05:46:29 PM,1.61355,14.768,,,
1803,07/14/16 05:47:29 PM,1.53297,14.792,,,
1804,07/14/16 05:48:29 PM,1.52198,14.840,,,
1805,07/14/16 05:49:29 PM,1.68620,14.864,,,
1806,07/14/16 05:50:29 PM,1.52137,14.936,,,
1807,07/14/16 05:51:29 PM,1.57448,14.960,,,
1808,07/14/16 05:52:29 PM,1.60440,14.936,,,
1809,07/14/16 05:53:29 PM,1.70818,14.960,,,
1810,07/14/16 05:54:29 PM,1.51465,15.008,,,
1811,07/14/16 05:55:29 PM,1.67949,14.960,,,
1812,07/14/16 05:56:29 PM,1.69231,15.031,,,
1813,07/14/16 05:57:29 PM,1.57204,15.175,,,
1814,07/14/16 05:58:29 PM,1.62027,15.151,,,
1815,07/14/16 05:59:29 PM,1.53297,15.151,,,
1816,07/14/16 06:00:29 PM,1.50977,15.270,,,
1817,07/14/16 06:01:29 PM,1.68132,15.270,,,
1818,07/14/16 06:02:29 PM,1.60562,15.199,,,
1819,07/14/16 06:03:29 PM,1.54274,15.199,,,
1820,07/14/16 06:04:29 PM,1.61416,15.247,,,
1821,07/14/16 06:05:29 PM,1.51282,15.223,,,
1822,07/14/16 06:06:29 PM,1.58303,15.223,,,
1823,07/14/16 06:07:29 PM,1.64713,15.294,,,
1824,07/14/16 06:08:29 PM,1.58608,15.438,,,
1825,07/14/16 06:09:29 PM,1.70574,15.342,,,
1826,07/14/16 06:10:29 PM,1.56532,15.414,,,
1827,07/14/16 06:11:29 PM,1.53724,15.509,,,
1828,07/14/16 06:12:29 PM,1.56410,15.509,,,
1829,07/14/16 06:13:29 PM,1.69048,15.533,,,
1830,07/14/16 06:14:29 PM,1.53663,15.581,,,
1831,07/14/16 06:15:29 PM,1.54274,15.605,,,
1832,07/14/16 06:16:29 PM,1.51160,15.652,,,
1833,07/14/16 06:17:29 PM,1.65507,15.581,,,
1834,07/14/16 06:18:29 PM,1.69902,15.676,,,
1835,07/14/16 06:19:29 PM,1.72222,15.748,,,
1836,07/14/16 06:20:29 PM,1.55861,15.700,,,
1837,07/14/16 06:21:29 PM,1.57753,15.700,,,
1838,07/14/16 06:22:29 PM,1.62454,15.748,,,
1839,07/14/16 06:23:29 PM,1.68376,15.772,,,
1840,07/14/16 06:24:29 PM,1.67399,15.843,,,
1841,07/14/16 06:25:29 PM,1.51893,15.843,,,
1842,07/14/16 06:26:29 PM,1.52503,15.891,,,
1843,07/14/16 06:27:29 PM,1.64164,15.915,,,
1844,07/14/16 06:28:29 PM,1.61050,15.891,,,
1845,07/14/16 06:29:29 PM,1.56532,15.963,,,
1846,07/14/16 06:30:29 PM,1.51404,15.891,,,
1847,07/14/16 06:31:29 PM,1.60745,15.939,,,
1848,07/14/16 06:32:29 PM,1.51526,16.034,,,
1849,07/14/16 06:33:29 PM,1.48718,16.010,,,
1850,07/14/16 06:34:29 PM,1.49023,16.010,,,
1851,07/14/16 06:35:29 PM,1.68620,16.058,,,
1852,07/14/16 06:36:29 PM,1.71917,16.034,,,
1853,07/14/16 06:37:29 PM,1.71978,16.129,,,
1854,07/14/16 06:38:29 PM,1.60867,16.201,,,
1855,07/14/16 06:39:29 PM,1.60379,16.153,,,
1856,07/14/16 06:40:29 PM,1.71856,16.225,,,
1857,07/14/16 06:41:29 PM,1.50366,16.272,,,
1858,07/14/16 06:42:29 PM,1.70085,16.249,,,
1859,07/14/16 06:43:29 PM,1.51343,16.320,,,
1860,07/14/16 06:44:29 PM,1.60684,16.320,,,
1861,07/14/16 06:45:29 PM,1.51587,16.344,,,
1862,07/14/16 06:46:29 PM,1.69414,16.415,,,
1863,07/14/16 06:47:29 PM,1.50549,16.415,,,
1864,07/14/16 06:48:29 PM,1.65812,16.415,,,
1865,07/14/16 06:49:29 PM,1.70818,16.344,,,
1866,07/14/16 06:50:29 PM,1.73077,16.487,,,
1867,07/14/16 06:51:29 PM,1.60684,16.630,,,
1868,07/14/16 06:52:29 PM,1.68620,16.582,,,
1869,07/14/16 06:53:29 PM,1.71490,16.606,,,
1870,07/14/16 06:54:29 PM,1.52076,16.630,,,
1871,07/14/16 06:55:29 PM,1.73443,16.654,,,
1872,07/14/16 06:56:29 PM,1.49573,16.677,,,
1873,07/14/16 06:57:29 PM,1.62149,16.677,,,
1874,07/14/16 06:58:29 PM,1.50244,16.749,,,
1875,07/14/16 06:59:29 PM,1.49939,16.820,,,
1876,07/14/16 07:00:29 PM,1.69597,16.820,,,
1877,07/14/16 07:01:29 PM,1.56166,16.820,,,
1878,07/14/16 07:02:29 PM,1.54945,16.868,,,
1879,07/14/16 07:03:29 PM,1.71490,16.963,,,
1880,07/14/16 07:04:29 PM,1.73626,17.011,,,
1881,07/14/16 07:05:29 PM,1.71734,16.939,,,
1882,07/14/16 07:06:29 PM,1.50122,16.987,,,
1883,07/14/16 07:07:29 PM,1.47985,16.939,,,
1884,07/14/16 07:08:29 PM,1.71429,16.939,,,
1885,07/14/16 07:09:29 PM,1.51038,17.034,,,
1886,07/14/16 07:10:29 PM,1.72711,17.058,,,
1887,07/14/16 07:11:29 PM,1.74603,17.177,,,
1888,07/14/16 07:12:29 PM,1.66911,17.201,,,
1889,07/14/16 07:13:29 PM,1.67399,17.177,,,
1890,07/14/16 07:14:29 PM,1.51221,17.272,,,
1891,07/14/16 07:15:29 PM,1.67766,17.272,,,
1892,07/14/16 07:16:29 PM,1.55739,17.272,,,
1893,07/14/16 07:17:29 PM,1.58242,17.391,,,
1894,07/14/16 07:18:29 PM,1.65507,17.439,,,
1895,07/14/16 07:19:29 PM,1.49145,17.415,,,
1896,07/14/16 07:20:29 PM,1.65751,17.415,,,
1897,07/14/16 07:21:29 PM,1.64103,17.486,,,
1898,07/14/16 07:22:29 PM,1.56899,17.463,,,
1899,07/14/16 07:23:29 PM,1.49023,17.486,,,
1900,07/14/16 07:24:29 PM,1.62271,17.582,,,
1901,07/14/16 07:25:29 PM,1.73199,17.534,,,
1902,07/14/16 07:26:29 PM,1.54396,17.582,,,
1903,07/14/16 07:27:29 PM,1.57326,17.701,,,
1904,07/14/16 07:28:29 PM,1.63614,17.701,,,
1905,07/14/16 07:29:29 PM,1.46764,17.724,,,
1906,07/14/16 07:30:29 PM,1.70147,17.701,,,
1907,07/14/16 07:31:29 PM,1.48535,17.677,,,
1908,07/14/16 07:32:29 PM,1.72833,17.748,,,
1909,07/14/16 07:33:29 PM,1.73199,17.819,,,
1910,07/14/16 07:34:29 PM,1.60012,17.843,,,
1911,07/14/16 07:35:29 PM,1.73382,17.819,,,
1912,07/14/16 07:36:29 PM,1.48535,17.867,,,
1913,07/14/16 07:37:29 PM,1.71795,17.915,,,
1914,07/14/16 07:38:29 PM,1.71306,17.915,,,
1915,07/14/16 07:39:29 PM,1.63492,17.915,,,
1916,07/14/16 07:40:29 PM,1.74786,17.962,,,
1917,07/14/16 07:41:29 PM,1.66606,17.986,,,
1918,07/14/16 07:42:29 PM,1.50122,18.010,,,
1919,07/14/16 07:43:29 PM,1.75824,17.986,,,
1920,07/14/16 07:44:29 PM,1.65873,18.105,,,
1921,07/14/16 07:45:29 PM,1.60501,18.057,,,
1922,07/14/16 07:46:29 PM,1.49389,18.057,,,
1923,07/14/16 07:47:29 PM,1.65263,18.129,,,
1924,07/14/16 07:48:29 PM,1.48291,18.152,,,
1925,07/14/16 07:49:29 PM,1.71123,18.152,,,
1926,07/14/16 07:50:29 PM,1.58425,18.224,,,
1927,07/14/16 07:51:29 PM,1.52808,18.200,,,
1928,07/14/16 07:52:29 PM,1.72527,18.247,,,
1929,07/14/16 07:53:29 PM,1.53236,18.319,,,
1930,07/14/16 07:54:29 PM,1.73443,18.319,,,
1931,07/14/16 07:55:29 PM,1.48840,18.319,,,
1932,07/14/16 07:56:29 PM,1.55006,18.366,,,
1933,07/14/16 07:57:29 PM,1.55617,18.390,,,
1934,07/14/16 07:58:29 PM,1.69597,18.414,,,
1935,07/14/16 07:59:29 PM,1.73626,18.414,,,
1936,07/14/16 08:00:29 PM,1.67399,18.390,,,
1937,07/14/16 08:01:29 PM,1.48596,18.461,,,
1938,07/14/16 08:02:29 PM,1.49573,18.485,,,
1939,07/14/16 08:03:29 PM,1.49573,18.485,,,
1940,07/14/16 08:04:29 PM,1.73810,18.557,,,
1941,07/14/16 08:05:29 PM,1.76618,18.580,,,
1942,07/14/16 08:06:29 PM,1.75275,18.604,,,
1943,07/14/16 08:07:29 PM,1.70696,18.675,,,
1944,07/14/16 08:08:29 PM,1.55189,18.604,,,
1945,07/14/16 08:09:29 PM,1.50427,18.675,,,
1946,07/14/16 08:10:29 PM,1.64713,18.747,,,
1947,07/14/16 08:11:29 PM,1.65446,18.723,,,
1948,07/14/16 08:12:29 PM,1.72283,18.818,,,
1949,07/14/16 08:13:29 PM,1.70696,18.794,,,
1950,07/14/16 08:14:29 PM,1.75031,18.842,,,
1951,07/14/16 08:15:29 PM,1.74359,18.913,,,
1952,07/14/16 08:16:29 PM,1.47924,18.961,,,
1953,07/14/16 08:17:29 PM,1.51770,19.032,,,
1954,07/14/16 08:18:29 PM,1.48840,19.008,,,
1955,07/14/16 08:19:29 PM,1.52015,18.985,,,
1956,07/14/16 08:20:29 PM,1.73748,19.032,,,
1957,07/14/16 08:21:29 PM,1.74908,19.056,,,
1958,07/14/16 08:22:29 PM,1.50244,19.008,,,
1959,07/14/16 08:23:29 PM,1.73748,19.080,,,
1960,07/14/16 08:24:29 PM,1.55067,19.127,,,
1961,07/14/16 08:25:29 PM,1.59280,19.151,,,
1962,07/14/16 08:26:29 PM,1.64896,19.175,,,
1963,07/14/16 08:27:29 PM,1.73565,19.222,,,
1964,07/14/16 08:28:29 PM,1.71917,19.246,,,
1965,07/14/16 08:29:29 PM,1.74237,19.341,,,
1966,07/14/16 08:30:29 PM,1.68376,19.389,,,
1967,07/14/16 08:31:29 PM,1.50611,19.389,,,
1968,07/14/16 08:32:29 PM,1.68742,19.436,,,
1969,07/14/16 08:33:29 PM,1.66484,19.389,,,
1970,07/14/16 08:34:29 PM,1.70330,19.436,,,
1971,07/14/16 08:35:29 PM,1.53419,19.413,,,
1972,07/14/16 08:36:29 PM,1.66117,19.413,,,
1973,07/14/16 08:37:29 PM,1.63248,19.532,,,
1974,07/14/16 08:38:29 PM,1.47436,19.579,,,
1975,07/14/16 08:39:29 PM,1.73077,19.555,,,
1976,07/14/16 08:40:29 PM,1.60073,19.603,,,
1977,07/14/16 08:41:29 PM,1.74847,19.651,,,
1978,07/14/16 08:42:29 PM,1.74298,19.651,,,
1979,07/14/16 08:43:29 PM,1.51709,19.674,,,
1980,07/14/16 08:44:29 PM,1.52930,19.698,,,
1981,07/14/16 08:45:29 PM,1.47863,19.698,,,
1982,07/14/16 08:46:29 PM,1.51038,19.770,,,
1983,07/14/16 08:47:29 PM,1.48230,19.841,,,
1984,07/14/16 08:48:29 PM,1.51404,19.817,,,
1985,07/14/16 08:49:29 PM,1.71673,19.865,,,
1986,07/14/16 08:50:29 PM,1.66300,19.865,,,
1987,07/14/16 08:51:29 PM,1.49817,19.912,,,
1988,07/14/16 08:52:29 PM,1.67460,19.960,,,
1989,07/14/16 08:53:29 PM,1.46642,19.960,,,
1990,07/14/16 08:54:29 PM,1.47192,19.936,,,
1991,07/14/16 08:55:29 PM,1.62515,19.984,,,
1992,07/14/16 08:56:29 PM,1.60073,20.079,,,
1993,07/14/16 08:57:29 PM,1.47558,20.079,,,
1994,07/14/16 08:58:29 PM,1.75336,20.055,,,
1995,07/14/16 08:59:29 PM,1.75641,20.031,,,
1996,07/14/16 09:00:29 PM,1.59402,20.150,,,
1997,07/14/16 09:01:29 PM,1.73748,20.174,,,
1998,07/14/16 09:02:29 PM,1.57448,20.150,,,
1999,07/14/16 09:03:29 PM,1.45726,20.317,,,
2000,07/14/16 09:04:29 PM,1.50611,20.317,,,
2001,07/14/16 09:05:29 PM,1.67277,20.222,,,
2002,07/14/16 09:06:29 PM,1.49451,20.246,,,
2003,07/14/16 09:07:29 PM,1.76313,20.269,,,
2004,07/14/16 09:08:29 PM,1.77778,20.388,,,
2005,07/14/16 09:09:29 PM,1.49451,20.341,,,
2006,07/14/16 09:10:29 PM,1.59035,20.388,,,
2007,07/14/16 09:11:29 PM,1.74725,20.484,,,
2008,07/14/16 09:12:29 PM,1.67827,20.436,,,
2009,07/14/16 09:13:29 PM,1.71673,20.460,,,
2010,07/14/16 09:14:29 PM,1.61600,20.579,,,
2011,07/14/16 09:15:29 PM,1.74969,20.650,,,
2012,07/14/16 09:16:29 PM,1.58913,20.603,,,
2013,07/14/16 09:17:29 PM,1.60379,20.555,,,
2014,07/14/16 09:18:29 PM,1.47009,20.698,,,
2015,07/14/16 09:19:29 PM,1.78205,20.674,,,
2016,07/14/16 09:20:29 PM,1.49573,20.674,,,
2017,07/14/16 09:21:29 PM,1.74115,20.770,,,
2018,07/14/16 09:22:29 PM,1.72283,20.817,,,
2019,07/14/16 09:23:29 PM,1.72833,20.793,,,
2020,07/14/16 09:24:29 PM,1.63614,20.770,,,
2021,07/14/16 09:25:29 PM,1.72711,20.913,,,
2022,07/14/16 09:26:29 PM,1.55311,20.960,,,
2023,07/14/16 09:27:29 PM,1.78083,20.889,,,
2024,07/14/16 09:28:29 PM,1.63919,21.008,,,
2025,07/14/16 09:29:29 PM,1.76984,20.984,,,
2026,07/14/16 09:30:29 PM,1.67399,20.984,,,
2027,07/14/16 09:31:29 PM,1.76862,20.960,,,
2028,07/14/16 09:32:29 PM,1.72405,21.008,,,
2029,07/14/16 09:33:29 PM,1.77411,21.032,,,
2030,07/14/16 09:34:29 PM,1.65263,21.079,,,
2031,07/14/16 09:35:29 PM,1.49817,21.079,,,
2032,07/14/16 09:36:29 PM,1.77473,21.175,,,
2033,07/14/16 09:37:29 PM,1.51587,21.223,,,
2034,07/14/16 09:38:29 PM,1.71306,21.246,,,
2035,07/14/16 09:39:29 PM,1.47070,21.270,,,
2036,07/14/16 09:40:29 PM,1.71429,21.270,,,
2037,07/14/16 09:41:29 PM,1.48168,21.318,,,
2038,07/14/16 09:42:29 PM,1.57326,21.342,,,
2039,07/14/16 09:43:29 PM,1.52381,21.413,,,
2040,07/14/16 09:44:29 PM,1.79060,21.413,,,
2041,07/14/16 09:45:29 PM,1.75031,21.461,,,
2042,07/14/16 09:46:29 PM,1.79670,21.461,,,
2043,07/14/16 09:47:29 PM,1.71978,21.533,,,
2044,07/14/16 09:48:29 PM,1.46459,21.581,,,
2045,07/14/16 09:49:29 PM,1.55433,21.604,,,
2046,07/14/16 09:50:29 PM,1.51038,21.724,,,
2047,07/14/16 09:51:29 PM,1.47070,21.748,,,
2048,07/14/16 09:52:29 PM,1.77961,21.700,,,
2049,07/14/16 09:53:29 PM,1.47192,21.676,,,
2050,07/14/16 09:54:29 PM,1.75885,21.772,,,
2051,07/14/16 09:55:29 PM,1.78083,21.819,,,
2052,07/14/16 09:56:29 PM,1.74481,21.772,,,
2053,07/14/16 09:57:29 PM,1.60684,21.819,,,
2054,07/14/16 09:58:29 PM,1.69170,21.891,,,
2055,07/14/16 09:59:29 PM,1.46947,21.891,,,
2056,07/14/16 10:00:29 PM,1.48291,21.891,,,
2057,07/14/16 10:01:29 PM,1.49023,21.843,,,
2058,07/14/16 10:02:29 PM,1.64225,21.963,,,
2059,07/14/16 10:03:29 PM,1.78999,21.987,,,
2060,07/14/16 10:04:29 PM,1.62637,22.011,,,
2061,07/14/16 10:05:29 PM,1.51954,22.058,,,
2062,07/14/16 10:06:29 PM,1.56288,22.058,,,
2063,07/14/16 10:07:29 PM,1.76129,22.058,,,
2064,07/14/16 10:08:29 PM,1.77900,22.154,,,
2065,07/14/16 10:09:29 PM,1.47558,22.298,,,
2066,07/14/16 10:10:29 PM,1.46276,22.226,,,
2067,07/14/16 10:11:29 PM,1.59280,22.202,,,
2068,07/14/16 10:12:29 PM,1.69109,22.298,,,
2069,07/14/16 10:13:29 PM,1.75946,22.321,,,
2070,07/14/16 10:14:29 PM,1.51770,22.369,,,
2071,07/14/16 10:15:29 PM,1.74542,22.345,,,
2072,07/14/16 10:16:29 PM,1.68681,22.441,,,
2073,07/14/16 10:17:29 PM,1.60256,22.441,,,
2074,07/14/16 10:18:29 PM,1.77900,22.369,,,
2075,07/14/16 10:19:29 PM,1.46032,22.441,,,
2076,07/14/16 10:20:29 PM,1.58913,22.513,,,
2077,07/14/16 10:21:29 PM,1.73687,22.489,,,
2078,07/14/16 10:22:29 PM,1.77656,22.489,,,
2079,07/14/16 10:23:29 PM,1.78999,22.609,,,
2080,07/14/16 10:24:29 PM,1.60684,22.609,,,
2081,07/14/16 10:25:29 PM,1.77411,22.561,,,
2082,07/14/16 10:26:29 PM,1.51099,22.681,,,
2083,07/14/16 10:27:29 PM,1.52442,22.753,,,
2084,07/14/16 10:28:29 PM,1.45604,22.681,,,
2085,07/14/16 10:29:29 PM,1.66361,22.705,,,
2086,07/14/16 10:30:29 PM,1.61294,22.705,,,
2087,07/14/16 10:31:29 PM,1.47497,22.776,,,
2088,07/14/16 10:32:29 PM,1.67705,22.776,,,
2089,07/14/16 10:33:29 PM,1.72283,22.776,,,
2090,07/14/16 10:34:29 PM,1.47863,22.824,,,
2091,07/14/16 10:35:29 PM,1.55128,22.872,,,
2092,07/14/16 10:36:29 PM,1.77900,22.896,,,
2093,07/14/16 10:37:29 PM,1.76068,22.968,,,
2094,07/14/16 10:38:29 PM,1.72405,22.920,,,
2095,07/14/16 10:39:29 PM,1.53663,22.968,,,
2096,07/14/16 10:40:29 PM,1.75092,23.064,,,
2097,07/14/16 10:41:29 PM,1.77900,23.088,,,
2098,07/14/16 10:42:29 PM,1.79487,23.088,,,
2099,07/14/16 10:43:29 PM,1.57204,23.112,,,
2100,07/14/16 10:44:29 PM,1.45910,23.184,,,
2101,07/14/16 10:45:29 PM,1.54151,23.160,,,
2102,07/14/16 10:46:29 PM,1.75031,23.208,,,
2103,07/14/16 10:47:29 PM,1.75763,23.136,,,
2104,07/14/16 10:48:29 PM,1.78388,23.208,,,
2105,07/14/16 10:49:29 PM,1.77961,23.328,,,
2106,07/14/16 10:50:29 PM,1.46459,23.328,,,
2107,07/14/16 10:51:29 PM,1.79487,23.280,,,
2108,07/14/16 10:52:29 PM,1.73382,23.448,,,
2109,07/14/16 10:53:29 PM,1.46215,23.569,,,
2110,07/14/16 10:54:29 PM,1.47192,23.472,,,
2111,07/14/16 10:55:29 PM,1.48718,23.472,,,
2112,07/14/16 10:56:29 PM,1.55372,23.448,,,
2113,07/14/16 10:57:29 PM,1.52686,23.497,,,
2114,07/14/16 10:58:29 PM,1.72283,23.593,,,
2115,07/14/16 10:59:29 PM,1.70208,23.641,,,
2116,07/14/16 11:00:29 PM,1.74420,23.617,,,
2117,07/14/16 11:01:29 PM,1.67521,23.761,,,
2118,07/14/16 11:02:29 PM,1.72772,23.881,,,
2119,07/14/16 11:03:29 PM,1.76252,23.809,,,
2120,07/14/16 11:04:29 PM,1.66484,23.785,,,
2121,07/14/16 11:05:29 PM,1.60134,23.785,,,
2122,07/14/16 11:06:29 PM,1.74420,23.809,,,
2123,07/14/16 11:07:29 PM,1.58608,23.833,,,
2124,07/14/16 11:08:29 PM,1.48352,23.978,,,
2125,07/14/16 11:09:29 PM,1.79365,23.930,,,
2126,07/14/16 11:10:29 PM,1.64713,23.881,,,
2127,07/14/16 11:11:29 PM,1.55311,24.002,,,
2128,07/14/16 11:12:29 PM,1.79792,24.026,,,
2129,07/14/16 11:13:29 PM,1.67888,24.050,,,
2130,07/14/16 11:14:29 PM,1.60134,24.122,,,
2131,07/14/16 11:15:29 PM,1.54823,24.146,,,
2132,07/14/16 11:16:29 PM,1.61172,24.122,,,
2133,07/14/16 11:17:29 PM,1.54945,24.171,,,
2134,07/14/16 11:18:29 PM,1.55556,24.195,,,
2135,07/14/16 11:19:29 PM,1.74481,24.243,,,
2136,07/14/16 11:20:29 PM,1.64225,24.339,,,
2137,07/14/16 11:21:29 PM,1.59158,24.363,,,
2138,07/14/16 11:22:29 PM,1.50794,24.339,,,
2139,07/14/16 11:23:29 PM,1.60440,24.388,,,
2140,07/14/16 11:24:29 PM,1.54335,24.412,,,
2141,07/14/16 11:25:29 PM,1.65690,24.388,,,
2142,07/14/16 11:26:29 PM,1.79609,24.460,,,
2143,07/14/16 11:27:29 PM,1.69414,24.557,,,
2144,07/14/16 11:28:29 PM,1.74847,24.557,,,
2145,07/14/16 11:29:29 PM,1.75580,24.484,,,
2146,07/14/16 11:30:29 PM,1.68681,24.605,,,
2147,07/14/16 11:31:29 PM,1.71612,24.702,,,
2148,07/14/16 11:32:29 PM,1.78571,24.653,,,
2149,07/14/16 11:33:29 PM,1.62759,24.702,,,
